2025-10-15 20:07:46 | INFO | data_service | 📂 Logging initialized → /logs/data_service_20251015.log
2025-10-15 20:07:46 | INFO | data_service | 📂 Logging initialized → /logs/data_service_20251015.log
2025-10-15 20:07:46 | INFO | data_service | 📂 Logging initialized → /logs/data_service_20251015.log
2025-10-15 20:07:48 | INFO | data_service | 📂 Logging initialized → /logs/data_service_20251015.log
2025-10-15 20:07:48 | INFO | data_service | 📂 Logging initialized → /logs/data_service_20251015.log
2025-10-15 20:07:48 | INFO | data_service | 📂 Logging initialized → /logs/data_service_20251015.log
2025-10-15 20:07:49 | INFO | data_service | 📂 Logging initialized → /logs/data_service_20251015.log
2025-10-15 20:07:49 | INFO | data_service | 📂 Logging initialized → /logs/data_service_20251015.log
2025-10-15 20:07:49 | INFO | data_service | 📂 Logging initialized → /logs/data_service_20251015.log
2025-10-15 20:07:51 | INFO | data_service | 📂 Logging initialized → /logs/data_service_20251015.log
2025-10-15 20:07:51 | INFO | data_service | 📂 Logging initialized → /logs/data_service_20251015.log
2025-10-15 20:07:51 | INFO | data_service | 📂 Logging initialized → /logs/data_service_20251015.log
2025-10-15 20:07:53 | INFO | data_service | 📂 Logging initialized → /logs/data_service_20251015.log
2025-10-15 20:07:53 | INFO | data_service | 📂 Logging initialized → /logs/data_service_20251015.log
2025-10-15 20:07:53 | INFO | data_service | 📂 Logging initialized → /logs/data_service_20251015.log
2025-10-15 20:07:57 | INFO | data_service | 📂 Logging initialized → /logs/data_service_20251015.log
2025-10-15 20:07:57 | INFO | data_service | 📂 Logging initialized → /logs/data_service_20251015.log
2025-10-15 20:07:57 | INFO | data_service | 📂 Logging initialized → /logs/data_service_20251015.log
2025-10-15 20:08:01 | INFO | data_service | 📂 Logging initialized → /logs/data_service_20251015.log
2025-10-15 20:08:01 | INFO | data_service | 📂 Logging initialized → /logs/data_service_20251015.log
2025-10-15 20:08:01 | INFO | data_service | 📂 Logging initialized → /logs/data_service_20251015.log
2025-10-15 20:08:11 | INFO | data_service | 📂 Logging initialized → /logs/data_service_20251015.log
2025-10-15 20:08:11 | INFO | data_service | 📂 Logging initialized → /logs/data_service_20251015.log
2025-10-15 20:08:11 | INFO | data_service | 📂 Logging initialized → /logs/data_service_20251015.log
2025-10-15 20:08:25 | INFO | data_service | 📂 Logging initialized → /logs/data_service_20251015.log
2025-10-15 20:08:25 | INFO | data_service | 📂 Logging initialized → /logs/data_service_20251015.log
2025-10-15 20:08:25 | INFO | data_service | 📂 Logging initialized → /logs/data_service_20251015.log
2025-10-15 20:08:55 | INFO | data_service | 📂 Logging initialized → /logs/data_service_20251015.log
2025-10-15 20:08:55 | INFO | data_service | 📂 Logging initialized → /logs/data_service_20251015.log
2025-10-15 20:08:55 | INFO | data_service | 📂 Logging initialized → /logs/data_service_20251015.log
2025-10-15 20:09:52 | INFO | data_service | 📂 Logging initialized → /logs/data_service_20251015.log
2025-10-15 20:09:52 | INFO | data_service | 📂 Logging initialized → /logs/data_service_20251015.log
2025-10-15 20:09:52 | INFO | data_service | 📂 Logging initialized → /logs/data_service_20251015.log
2025-10-15 20:10:58 | INFO | data_service | 📂 Logging initialized → /logs/data_service_20251015.log
2025-10-15 20:10:58 | INFO | data_service | 📂 Logging initialized → /logs/data_service_20251015.log
2025-10-15 20:10:58 | INFO | data_service | 📂 Logging initialized → /logs/data_service_20251015.log
2025-10-15 20:12:04 | INFO | data_service | 📂 Logging initialized → /logs/data_service_20251015.log
2025-10-15 20:12:04 | INFO | data_service | 📂 Logging initialized → /logs/data_service_20251015.log
2025-10-15 20:12:04 | INFO | data_service | 📂 Logging initialized → /logs/data_service_20251015.log
2025-10-15 20:13:10 | INFO | data_service | 📂 Logging initialized → /logs/data_service_20251015.log
2025-10-15 20:13:10 | INFO | data_service | 📂 Logging initialized → /logs/data_service_20251015.log
2025-10-15 20:13:10 | INFO | data_service | 📂 Logging initialized → /logs/data_service_20251015.log
2025-10-15 20:13:33 | INFO | data_service | 📂 Logging initialized → /logs/data_service_20251015.log
2025-10-15 20:13:33 | INFO | data_service | 📂 Logging initialized → /logs/data_service_20251015.log
2025-10-15 20:13:33 | INFO | data_service | 📂 Logging initialized → /logs/data_service_20251015.log
2025-10-15 20:13:35 | INFO | data_service | 📂 Logging initialized → /logs/data_service_20251015.log
2025-10-15 20:13:35 | INFO | data_service | 📂 Logging initialized → /logs/data_service_20251015.log
2025-10-15 20:13:35 | INFO | data_service | 📂 Logging initialized → /logs/data_service_20251015.log
2025-10-15 20:13:36 | INFO | data_service | 📂 Logging initialized → /logs/data_service_20251015.log
2025-10-15 20:13:36 | INFO | data_service | 📂 Logging initialized → /logs/data_service_20251015.log
2025-10-15 20:13:36 | INFO | data_service | 📂 Logging initialized → /logs/data_service_20251015.log
2025-10-15 20:13:38 | INFO | data_service | 📂 Logging initialized → /logs/data_service_20251015.log
2025-10-15 20:13:38 | INFO | data_service | 📂 Logging initialized → /logs/data_service_20251015.log
2025-10-15 20:13:38 | INFO | data_service | 📂 Logging initialized → /logs/data_service_20251015.log
2025-10-15 20:13:40 | INFO | data_service | 📂 Logging initialized → /logs/data_service_20251015.log
2025-10-15 20:13:40 | INFO | data_service | 📂 Logging initialized → /logs/data_service_20251015.log
2025-10-15 20:13:40 | INFO | data_service | 📂 Logging initialized → /logs/data_service_20251015.log
2025-10-15 20:13:43 | INFO | data_service | 📂 Logging initialized → /logs/data_service_20251015.log
2025-10-15 20:13:43 | INFO | data_service | 📂 Logging initialized → /logs/data_service_20251015.log
2025-10-15 20:13:43 | INFO | data_service | 📂 Logging initialized → /logs/data_service_20251015.log
2025-10-15 20:13:48 | INFO | data_service | 📂 Logging initialized → /logs/data_service_20251015.log
2025-10-15 20:13:48 | INFO | data_service | 📂 Logging initialized → /logs/data_service_20251015.log
2025-10-15 20:13:48 | INFO | data_service | 📂 Logging initialized → /logs/data_service_20251015.log
2025-10-15 20:13:56 | INFO | data_service | 📂 Logging initialized → /logs/data_service_20251015.log
2025-10-15 20:13:56 | INFO | data_service | 📂 Logging initialized → /logs/data_service_20251015.log
2025-10-15 20:13:56 | INFO | data_service | 📂 Logging initialized → /logs/data_service_20251015.log
2025-10-15 20:14:12 | INFO | data_service | 📂 Logging initialized → /logs/data_service_20251015.log
2025-10-15 20:14:12 | INFO | data_service | 📂 Logging initialized → /logs/data_service_20251015.log
2025-10-15 20:14:12 | INFO | data_service | 📂 Logging initialized → /logs/data_service_20251015.log
2025-10-15 20:14:41 | INFO | data_service | 📂 Logging initialized → /logs/data_service_20251015.log
2025-10-15 20:14:41 | INFO | data_service | 📂 Logging initialized → /logs/data_service_20251015.log
2025-10-15 20:14:41 | INFO | data_service | 📂 Logging initialized → /logs/data_service_20251015.log
2025-10-15 20:15:38 | INFO | data_service | 📂 Logging initialized → /logs/data_service_20251015.log
2025-10-15 20:15:38 | INFO | data_service | 📂 Logging initialized → /logs/data_service_20251015.log
2025-10-15 20:15:38 | INFO | data_service | 📂 Logging initialized → /logs/data_service_20251015.log
2025-10-15 20:16:44 | INFO | data_service | 📂 Logging initialized → /logs/data_service_20251015.log
2025-10-15 20:16:44 | INFO | data_service | 📂 Logging initialized → /logs/data_service_20251015.log
2025-10-15 20:16:44 | INFO | data_service | 📂 Logging initialized → /logs/data_service_20251015.log
2025-10-15 20:17:50 | INFO | data_service | 📂 Logging initialized → /logs/data_service_20251015.log
2025-10-15 20:17:50 | INFO | data_service | 📂 Logging initialized → /logs/data_service_20251015.log
2025-10-15 20:17:50 | INFO | data_service | 📂 Logging initialized → /logs/data_service_20251015.log
2025-10-15 20:18:56 | INFO | data_service | 📂 Logging initialized → /logs/data_service_20251015.log
2025-10-15 20:18:56 | INFO | data_service | 📂 Logging initialized → /logs/data_service_20251015.log
2025-10-15 20:18:56 | INFO | data_service | 📂 Logging initialized → /logs/data_service_20251015.log
2025-10-15 20:20:02 | INFO | data_service | 📂 Logging initialized → /logs/data_service_20251015.log
2025-10-15 20:20:02 | INFO | data_service | 📂 Logging initialized → /logs/data_service_20251015.log
2025-10-15 20:20:02 | INFO | data_service | 📂 Logging initialized → /logs/data_service_20251015.log
2025-10-15 20:21:08 | INFO | data_service | 📂 Logging initialized → /logs/data_service_20251015.log
2025-10-15 20:21:08 | INFO | data_service | 📂 Logging initialized → /logs/data_service_20251015.log
2025-10-15 20:21:08 | INFO | data_service | 📂 Logging initialized → /logs/data_service_20251015.log
2025-10-15 20:22:14 | INFO | data_service | 📂 Logging initialized → /logs/data_service_20251015.log
2025-10-15 20:22:14 | INFO | data_service | 📂 Logging initialized → /logs/data_service_20251015.log
2025-10-15 20:22:14 | INFO | data_service | 📂 Logging initialized → /logs/data_service_20251015.log
2025-10-15 20:23:19 | INFO | data_service | 📂 Logging initialized → /logs/data_service_20251015.log
2025-10-15 20:23:19 | INFO | data_service | 📂 Logging initialized → /logs/data_service_20251015.log
2025-10-15 20:23:19 | INFO | data_service | 📂 Logging initialized → /logs/data_service_20251015.log
2025-10-15 20:24:25 | INFO | data_service | 📂 Logging initialized → /logs/data_service_20251015.log
2025-10-15 20:24:25 | INFO | data_service | 📂 Logging initialized → /logs/data_service_20251015.log
2025-10-15 20:24:25 | INFO | data_service | 📂 Logging initialized → /logs/data_service_20251015.log
2025-10-15 20:25:31 | INFO | data_service | 📂 Logging initialized → /logs/data_service_20251015.log
2025-10-15 20:25:31 | INFO | data_service | 📂 Logging initialized → /logs/data_service_20251015.log
2025-10-15 20:25:31 | INFO | data_service | 📂 Logging initialized → /logs/data_service_20251015.log
2025-10-15 20:26:37 | INFO | data_service | 📂 Logging initialized → /logs/data_service_20251015.log
2025-10-15 20:26:37 | INFO | data_service | 📂 Logging initialized → /logs/data_service_20251015.log
2025-10-15 20:26:37 | INFO | data_service | 📂 Logging initialized → /logs/data_service_20251015.log
2025-10-15 20:26:40 | INFO | data_service | 📂 Logging initialized → /logs/data_service_20251015.log
2025-10-15 20:26:40 | INFO | data_service | 📂 Logging initialized → /logs/data_service_20251015.log
2025-10-15 20:26:40 | INFO | data_service | 📂 Logging initialized → /logs/data_service_20251015.log
2025-10-15 20:26:40 | INFO | data_service | 📂 Logging initialized → /logs/data_service_20251015.log
2025-10-15 20:26:40 | INFO | data_service | 📂 Logging initialized → /logs/data_service_20251015.log
2025-10-15 20:26:40 | INFO | data_service | 📂 Logging initialized → /logs/data_service_20251015.log
2025-10-15 20:26:40 | INFO | data_service | 📂 Logging initialized → /logs/data_service_20251015.log
2025-10-15 20:26:40 | INFO | data_service | 📂 Logging initialized → /logs/data_service_20251015.log
2025-10-15 20:26:40 | INFO | data_service | 📂 Logging initialized → /logs/data_service_20251015.log
2025-10-15 20:26:40 | INFO | data_service | 🚀 Initializing Data Service...
2025-10-15 20:26:40 | INFO | data_service | ⚙️ Configuration loaded successfully
2025-10-15 20:26:40 | INFO | data_service | 🩺 Health check route registered at /healthz
2025-10-15 20:26:40 | INFO | data_service | 📡 Data Service startup event triggered
2025-10-15 20:26:40 | INFO | data_service | 🧱 Ensuring TimescaleDB tables exist...
2025-10-15 20:26:44 | ERROR | data_service | ❌ Failed to ensure Timescale table: (psycopg2.OperationalError) could not translate host name "postgres" to address: Name or service not known

(Background on this error at: https://sqlalche.me/e/20/e3q8)
Traceback (most recent call last):
  File "/usr/local/lib/python3.12/site-packages/sqlalchemy/engine/base.py", line 146, in __init__
    self._dbapi_connection = engine.raw_connection()
                             ^^^^^^^^^^^^^^^^^^^^^^^
  File "/usr/local/lib/python3.12/site-packages/sqlalchemy/engine/base.py", line 3302, in raw_connection
    return self.pool.connect()
           ^^^^^^^^^^^^^^^^^^^
  File "/usr/local/lib/python3.12/site-packages/sqlalchemy/pool/base.py", line 449, in connect
    return _ConnectionFairy._checkout(self)
           ^^^^^^^^^^^^^^^^^^^^^^^^^^^^^^^^
  File "/usr/local/lib/python3.12/site-packages/sqlalchemy/pool/base.py", line 1263, in _checkout
    fairy = _ConnectionRecord.checkout(pool)
            ^^^^^^^^^^^^^^^^^^^^^^^^^^^^^^^^
  File "/usr/local/lib/python3.12/site-packages/sqlalchemy/pool/base.py", line 712, in checkout
    rec = pool._do_get()
          ^^^^^^^^^^^^^^
  File "/usr/local/lib/python3.12/site-packages/sqlalchemy/pool/impl.py", line 179, in _do_get
    with util.safe_reraise():
         ^^^^^^^^^^^^^^^^^^^
  File "/usr/local/lib/python3.12/site-packages/sqlalchemy/util/langhelpers.py", line 146, in __exit__
    raise exc_value.with_traceback(exc_tb)
  File "/usr/local/lib/python3.12/site-packages/sqlalchemy/pool/impl.py", line 177, in _do_get
    return self._create_connection()
           ^^^^^^^^^^^^^^^^^^^^^^^^^
  File "/usr/local/lib/python3.12/site-packages/sqlalchemy/pool/base.py", line 390, in _create_connection
    return _ConnectionRecord(self)
           ^^^^^^^^^^^^^^^^^^^^^^^
  File "/usr/local/lib/python3.12/site-packages/sqlalchemy/pool/base.py", line 674, in __init__
    self.__connect()
  File "/usr/local/lib/python3.12/site-packages/sqlalchemy/pool/base.py", line 900, in __connect
    with util.safe_reraise():
         ^^^^^^^^^^^^^^^^^^^
  File "/usr/local/lib/python3.12/site-packages/sqlalchemy/util/langhelpers.py", line 146, in __exit__
    raise exc_value.with_traceback(exc_tb)
  File "/usr/local/lib/python3.12/site-packages/sqlalchemy/pool/base.py", line 896, in __connect
    self.dbapi_connection = connection = pool._invoke_creator(self)
                                         ^^^^^^^^^^^^^^^^^^^^^^^^^^
  File "/usr/local/lib/python3.12/site-packages/sqlalchemy/engine/create.py", line 643, in connect
    return dialect.connect(*cargs, **cparams)
           ^^^^^^^^^^^^^^^^^^^^^^^^^^^^^^^^^^
  File "/usr/local/lib/python3.12/site-packages/sqlalchemy/engine/default.py", line 621, in connect
    return self.loaded_dbapi.connect(*cargs, **cparams)
           ^^^^^^^^^^^^^^^^^^^^^^^^^^^^^^^^^^^^^^^^^^^^
  File "/usr/local/lib/python3.12/site-packages/psycopg2/__init__.py", line 122, in connect
    conn = _connect(dsn, connection_factory=connection_factory, **kwasync)
           ^^^^^^^^^^^^^^^^^^^^^^^^^^^^^^^^^^^^^^^^^^^^^^^^^^^^^^^^^^^^^^^
psycopg2.OperationalError: could not translate host name "postgres" to address: Name or service not known


The above exception was the direct cause of the following exception:

Traceback (most recent call last):
  File "/app/services/data_service/ingestion/storage.py", line 40, in ensure_timescale_table
    with engine.begin() as conn:
         ^^^^^^^^^^^^^^
  File "/usr/local/lib/python3.12/contextlib.py", line 137, in __enter__
    return next(self.gen)
           ^^^^^^^^^^^^^^
  File "/usr/local/lib/python3.12/site-packages/sqlalchemy/engine/base.py", line 3242, in begin
    with self.connect() as conn:
         ^^^^^^^^^^^^^^
  File "/usr/local/lib/python3.12/site-packages/sqlalchemy/engine/base.py", line 3278, in connect
    return self._connection_cls(self)
           ^^^^^^^^^^^^^^^^^^^^^^^^^^
  File "/usr/local/lib/python3.12/site-packages/sqlalchemy/engine/base.py", line 148, in __init__
    Connection._handle_dbapi_exception_noconnection(
  File "/usr/local/lib/python3.12/site-packages/sqlalchemy/engine/base.py", line 2442, in _handle_dbapi_exception_noconnection
    raise sqlalchemy_exception.with_traceback(exc_info[2]) from e
  File "/usr/local/lib/python3.12/site-packages/sqlalchemy/engine/base.py", line 146, in __init__
    self._dbapi_connection = engine.raw_connection()
                             ^^^^^^^^^^^^^^^^^^^^^^^
  File "/usr/local/lib/python3.12/site-packages/sqlalchemy/engine/base.py", line 3302, in raw_connection
    return self.pool.connect()
           ^^^^^^^^^^^^^^^^^^^
  File "/usr/local/lib/python3.12/site-packages/sqlalchemy/pool/base.py", line 449, in connect
    return _ConnectionFairy._checkout(self)
           ^^^^^^^^^^^^^^^^^^^^^^^^^^^^^^^^
  File "/usr/local/lib/python3.12/site-packages/sqlalchemy/pool/base.py", line 1263, in _checkout
    fairy = _ConnectionRecord.checkout(pool)
            ^^^^^^^^^^^^^^^^^^^^^^^^^^^^^^^^
  File "/usr/local/lib/python3.12/site-packages/sqlalchemy/pool/base.py", line 712, in checkout
    rec = pool._do_get()
          ^^^^^^^^^^^^^^
  File "/usr/local/lib/python3.12/site-packages/sqlalchemy/pool/impl.py", line 179, in _do_get
    with util.safe_reraise():
         ^^^^^^^^^^^^^^^^^^^
  File "/usr/local/lib/python3.12/site-packages/sqlalchemy/util/langhelpers.py", line 146, in __exit__
    raise exc_value.with_traceback(exc_tb)
  File "/usr/local/lib/python3.12/site-packages/sqlalchemy/pool/impl.py", line 177, in _do_get
    return self._create_connection()
           ^^^^^^^^^^^^^^^^^^^^^^^^^
  File "/usr/local/lib/python3.12/site-packages/sqlalchemy/pool/base.py", line 390, in _create_connection
    return _ConnectionRecord(self)
           ^^^^^^^^^^^^^^^^^^^^^^^
  File "/usr/local/lib/python3.12/site-packages/sqlalchemy/pool/base.py", line 674, in __init__
    self.__connect()
  File "/usr/local/lib/python3.12/site-packages/sqlalchemy/pool/base.py", line 900, in __connect
    with util.safe_reraise():
         ^^^^^^^^^^^^^^^^^^^
  File "/usr/local/lib/python3.12/site-packages/sqlalchemy/util/langhelpers.py", line 146, in __exit__
    raise exc_value.with_traceback(exc_tb)
  File "/usr/local/lib/python3.12/site-packages/sqlalchemy/pool/base.py", line 896, in __connect
    self.dbapi_connection = connection = pool._invoke_creator(self)
                                         ^^^^^^^^^^^^^^^^^^^^^^^^^^
  File "/usr/local/lib/python3.12/site-packages/sqlalchemy/engine/create.py", line 643, in connect
    return dialect.connect(*cargs, **cparams)
           ^^^^^^^^^^^^^^^^^^^^^^^^^^^^^^^^^^
  File "/usr/local/lib/python3.12/site-packages/sqlalchemy/engine/default.py", line 621, in connect
    return self.loaded_dbapi.connect(*cargs, **cparams)
           ^^^^^^^^^^^^^^^^^^^^^^^^^^^^^^^^^^^^^^^^^^^^
  File "/usr/local/lib/python3.12/site-packages/psycopg2/__init__.py", line 122, in connect
    conn = _connect(dsn, connection_factory=connection_factory, **kwasync)
           ^^^^^^^^^^^^^^^^^^^^^^^^^^^^^^^^^^^^^^^^^^^^^^^^^^^^^^^^^^^^^^^
sqlalchemy.exc.OperationalError: (psycopg2.OperationalError) could not translate host name "postgres" to address: Name or service not known

(Background on this error at: https://sqlalche.me/e/20/e3q8)
2025-10-15 20:26:44 | WARNING | data_service | ⚠️ Timescale initialization failed: (psycopg2.OperationalError) could not translate host name "postgres" to address: Name or service not known

(Background on this error at: https://sqlalche.me/e/20/e3q8)
Traceback (most recent call last):
  File "/usr/local/lib/python3.12/site-packages/sqlalchemy/engine/base.py", line 146, in __init__
    self._dbapi_connection = engine.raw_connection()
                             ^^^^^^^^^^^^^^^^^^^^^^^
  File "/usr/local/lib/python3.12/site-packages/sqlalchemy/engine/base.py", line 3302, in raw_connection
    return self.pool.connect()
           ^^^^^^^^^^^^^^^^^^^
  File "/usr/local/lib/python3.12/site-packages/sqlalchemy/pool/base.py", line 449, in connect
    return _ConnectionFairy._checkout(self)
           ^^^^^^^^^^^^^^^^^^^^^^^^^^^^^^^^
  File "/usr/local/lib/python3.12/site-packages/sqlalchemy/pool/base.py", line 1263, in _checkout
    fairy = _ConnectionRecord.checkout(pool)
            ^^^^^^^^^^^^^^^^^^^^^^^^^^^^^^^^
  File "/usr/local/lib/python3.12/site-packages/sqlalchemy/pool/base.py", line 712, in checkout
    rec = pool._do_get()
          ^^^^^^^^^^^^^^
  File "/usr/local/lib/python3.12/site-packages/sqlalchemy/pool/impl.py", line 179, in _do_get
    with util.safe_reraise():
         ^^^^^^^^^^^^^^^^^^^
  File "/usr/local/lib/python3.12/site-packages/sqlalchemy/util/langhelpers.py", line 146, in __exit__
    raise exc_value.with_traceback(exc_tb)
  File "/usr/local/lib/python3.12/site-packages/sqlalchemy/pool/impl.py", line 177, in _do_get
    return self._create_connection()
           ^^^^^^^^^^^^^^^^^^^^^^^^^
  File "/usr/local/lib/python3.12/site-packages/sqlalchemy/pool/base.py", line 390, in _create_connection
    return _ConnectionRecord(self)
           ^^^^^^^^^^^^^^^^^^^^^^^
  File "/usr/local/lib/python3.12/site-packages/sqlalchemy/pool/base.py", line 674, in __init__
    self.__connect()
  File "/usr/local/lib/python3.12/site-packages/sqlalchemy/pool/base.py", line 900, in __connect
    with util.safe_reraise():
         ^^^^^^^^^^^^^^^^^^^
  File "/usr/local/lib/python3.12/site-packages/sqlalchemy/util/langhelpers.py", line 146, in __exit__
    raise exc_value.with_traceback(exc_tb)
  File "/usr/local/lib/python3.12/site-packages/sqlalchemy/pool/base.py", line 896, in __connect
    self.dbapi_connection = connection = pool._invoke_creator(self)
                                         ^^^^^^^^^^^^^^^^^^^^^^^^^^
  File "/usr/local/lib/python3.12/site-packages/sqlalchemy/engine/create.py", line 643, in connect
    return dialect.connect(*cargs, **cparams)
           ^^^^^^^^^^^^^^^^^^^^^^^^^^^^^^^^^^
  File "/usr/local/lib/python3.12/site-packages/sqlalchemy/engine/default.py", line 621, in connect
    return self.loaded_dbapi.connect(*cargs, **cparams)
           ^^^^^^^^^^^^^^^^^^^^^^^^^^^^^^^^^^^^^^^^^^^^
  File "/usr/local/lib/python3.12/site-packages/psycopg2/__init__.py", line 122, in connect
    conn = _connect(dsn, connection_factory=connection_factory, **kwasync)
           ^^^^^^^^^^^^^^^^^^^^^^^^^^^^^^^^^^^^^^^^^^^^^^^^^^^^^^^^^^^^^^^
psycopg2.OperationalError: could not translate host name "postgres" to address: Name or service not known


The above exception was the direct cause of the following exception:

Traceback (most recent call last):
  File "/app/services/data_service/main.py", line 68, in startup_event
    ensure_timescale_table()
  File "/app/services/data_service/ingestion/storage.py", line 40, in ensure_timescale_table
    with engine.begin() as conn:
         ^^^^^^^^^^^^^^
  File "/usr/local/lib/python3.12/contextlib.py", line 137, in __enter__
    return next(self.gen)
           ^^^^^^^^^^^^^^
  File "/usr/local/lib/python3.12/site-packages/sqlalchemy/engine/base.py", line 3242, in begin
    with self.connect() as conn:
         ^^^^^^^^^^^^^^
  File "/usr/local/lib/python3.12/site-packages/sqlalchemy/engine/base.py", line 3278, in connect
    return self._connection_cls(self)
           ^^^^^^^^^^^^^^^^^^^^^^^^^^
  File "/usr/local/lib/python3.12/site-packages/sqlalchemy/engine/base.py", line 148, in __init__
    Connection._handle_dbapi_exception_noconnection(
  File "/usr/local/lib/python3.12/site-packages/sqlalchemy/engine/base.py", line 2442, in _handle_dbapi_exception_noconnection
    raise sqlalchemy_exception.with_traceback(exc_info[2]) from e
  File "/usr/local/lib/python3.12/site-packages/sqlalchemy/engine/base.py", line 146, in __init__
    self._dbapi_connection = engine.raw_connection()
                             ^^^^^^^^^^^^^^^^^^^^^^^
  File "/usr/local/lib/python3.12/site-packages/sqlalchemy/engine/base.py", line 3302, in raw_connection
    return self.pool.connect()
           ^^^^^^^^^^^^^^^^^^^
  File "/usr/local/lib/python3.12/site-packages/sqlalchemy/pool/base.py", line 449, in connect
    return _ConnectionFairy._checkout(self)
           ^^^^^^^^^^^^^^^^^^^^^^^^^^^^^^^^
  File "/usr/local/lib/python3.12/site-packages/sqlalchemy/pool/base.py", line 1263, in _checkout
    fairy = _ConnectionRecord.checkout(pool)
            ^^^^^^^^^^^^^^^^^^^^^^^^^^^^^^^^
  File "/usr/local/lib/python3.12/site-packages/sqlalchemy/pool/base.py", line 712, in checkout
    rec = pool._do_get()
          ^^^^^^^^^^^^^^
  File "/usr/local/lib/python3.12/site-packages/sqlalchemy/pool/impl.py", line 179, in _do_get
    with util.safe_reraise():
         ^^^^^^^^^^^^^^^^^^^
  File "/usr/local/lib/python3.12/site-packages/sqlalchemy/util/langhelpers.py", line 146, in __exit__
    raise exc_value.with_traceback(exc_tb)
  File "/usr/local/lib/python3.12/site-packages/sqlalchemy/pool/impl.py", line 177, in _do_get
    return self._create_connection()
           ^^^^^^^^^^^^^^^^^^^^^^^^^
  File "/usr/local/lib/python3.12/site-packages/sqlalchemy/pool/base.py", line 390, in _create_connection
    return _ConnectionRecord(self)
           ^^^^^^^^^^^^^^^^^^^^^^^
  File "/usr/local/lib/python3.12/site-packages/sqlalchemy/pool/base.py", line 674, in __init__
    self.__connect()
  File "/usr/local/lib/python3.12/site-packages/sqlalchemy/pool/base.py", line 900, in __connect
    with util.safe_reraise():
         ^^^^^^^^^^^^^^^^^^^
  File "/usr/local/lib/python3.12/site-packages/sqlalchemy/util/langhelpers.py", line 146, in __exit__
    raise exc_value.with_traceback(exc_tb)
  File "/usr/local/lib/python3.12/site-packages/sqlalchemy/pool/base.py", line 896, in __connect
    self.dbapi_connection = connection = pool._invoke_creator(self)
                                         ^^^^^^^^^^^^^^^^^^^^^^^^^^
  File "/usr/local/lib/python3.12/site-packages/sqlalchemy/engine/create.py", line 643, in connect
    return dialect.connect(*cargs, **cparams)
           ^^^^^^^^^^^^^^^^^^^^^^^^^^^^^^^^^^
  File "/usr/local/lib/python3.12/site-packages/sqlalchemy/engine/default.py", line 621, in connect
    return self.loaded_dbapi.connect(*cargs, **cparams)
           ^^^^^^^^^^^^^^^^^^^^^^^^^^^^^^^^^^^^^^^^^^^^
  File "/usr/local/lib/python3.12/site-packages/psycopg2/__init__.py", line 122, in connect
    conn = _connect(dsn, connection_factory=connection_factory, **kwasync)
           ^^^^^^^^^^^^^^^^^^^^^^^^^^^^^^^^^^^^^^^^^^^^^^^^^^^^^^^^^^^^^^^
sqlalchemy.exc.OperationalError: (psycopg2.OperationalError) could not translate host name "postgres" to address: Name or service not known

(Background on this error at: https://sqlalche.me/e/20/e3q8)
2025-10-15 20:26:44 | INFO | data_service | ⏱️ Launching ingestion scheduler (non-blocking)...
2025-10-15 20:26:44 | INFO | data_service | ⚙️ Starting scheduler with config | symbols=['BTC/USDT'] | timeframe=1m | interval=60s
2025-10-15 20:26:44 | INFO | data_service | 📆 Scheduled job added | id=fetch_BTC_USDT_1m | every=60s
2025-10-15 20:26:44 | INFO | data_service | ✅ Scheduler started with 1 jobs
2025-10-15 20:26:44 | INFO | data_service | ✅ Scheduler successfully started
2025-10-15 20:26:44 | INFO | data_service | ✅ Data Service startup completed in 3.85s
2025-10-15 21:01:21 | INFO | data_service | 🛑 Data Service shutdown initiated...
2025-10-15 21:01:21 | INFO | data_service | ✅ Data Service shutdown complete
2025-10-15 21:01:24 | INFO | data_service | 📂 Logging initialized → /logs/data_service_20251015.log
2025-10-15 21:01:24 | INFO | data_service | 📂 Logging initialized → /logs/data_service_20251015.log
2025-10-15 21:01:24 | INFO | data_service | 📂 Logging initialized → /logs/data_service_20251015.log
2025-10-15 21:01:24 | INFO | data_service | 📂 Logging initialized → /logs/data_service_20251015.log
2025-10-15 21:01:24 | INFO | data_service | 📂 Logging initialized → /logs/data_service_20251015.log
2025-10-15 21:01:24 | INFO | data_service | 📂 Logging initialized → /logs/data_service_20251015.log
2025-10-15 21:01:26 | INFO | data_service | 📂 Logging initialized → /logs/data_service_20251015.log
2025-10-15 21:01:26 | INFO | data_service | 📂 Logging initialized → /logs/data_service_20251015.log
2025-10-15 21:01:26 | INFO | data_service | 📂 Logging initialized → /logs/data_service_20251015.log
2025-10-15 21:01:26 | INFO | data_service | 📂 Logging initialized → /logs/data_service_20251015.log
2025-10-15 21:01:26 | INFO | data_service | 📂 Logging initialized → /logs/data_service_20251015.log
2025-10-15 21:01:26 | INFO | data_service | 📂 Logging initialized → /logs/data_service_20251015.log
2025-10-15 21:01:28 | INFO | data_service | 📂 Logging initialized → /logs/data_service_20251015.log
2025-10-15 21:01:28 | INFO | data_service | 📂 Logging initialized → /logs/data_service_20251015.log
2025-10-15 21:01:28 | INFO | data_service | 📂 Logging initialized → /logs/data_service_20251015.log
2025-10-15 21:01:28 | INFO | data_service | 📂 Logging initialized → /logs/data_service_20251015.log
2025-10-15 21:01:28 | INFO | data_service | 📂 Logging initialized → /logs/data_service_20251015.log
2025-10-15 21:01:28 | INFO | data_service | 📂 Logging initialized → /logs/data_service_20251015.log
2025-10-15 21:01:30 | INFO | data_service | 📂 Logging initialized → /logs/data_service_20251015.log
2025-10-15 21:01:30 | INFO | data_service | 📂 Logging initialized → /logs/data_service_20251015.log
2025-10-15 21:01:30 | INFO | data_service | 📂 Logging initialized → /logs/data_service_20251015.log
2025-10-15 21:01:30 | INFO | data_service | 📂 Logging initialized → /logs/data_service_20251015.log
2025-10-15 21:01:30 | INFO | data_service | 📂 Logging initialized → /logs/data_service_20251015.log
2025-10-15 21:01:30 | INFO | data_service | 📂 Logging initialized → /logs/data_service_20251015.log
2025-10-15 21:01:32 | INFO | data_service | 📂 Logging initialized → /logs/data_service_20251015.log
2025-10-15 21:01:32 | INFO | data_service | 📂 Logging initialized → /logs/data_service_20251015.log
2025-10-15 21:01:32 | INFO | data_service | 📂 Logging initialized → /logs/data_service_20251015.log
2025-10-15 21:01:33 | INFO | data_service | 📂 Logging initialized → /logs/data_service_20251015.log
2025-10-15 21:01:33 | INFO | data_service | 📂 Logging initialized → /logs/data_service_20251015.log
2025-10-15 21:01:33 | INFO | data_service | 📂 Logging initialized → /logs/data_service_20251015.log
2025-10-15 21:01:36 | INFO | data_service | 📂 Logging initialized → /logs/data_service_20251015.log
2025-10-15 21:01:36 | INFO | data_service | 📂 Logging initialized → /logs/data_service_20251015.log
2025-10-15 21:01:36 | INFO | data_service | 📂 Logging initialized → /logs/data_service_20251015.log
2025-10-15 21:01:36 | INFO | data_service | 📂 Logging initialized → /logs/data_service_20251015.log
2025-10-15 21:01:36 | INFO | data_service | 📂 Logging initialized → /logs/data_service_20251015.log
2025-10-15 21:01:36 | INFO | data_service | 📂 Logging initialized → /logs/data_service_20251015.log
2025-10-15 21:01:42 | INFO | data_service | 📂 Logging initialized → /logs/data_service_20251015.log
2025-10-15 21:01:42 | INFO | data_service | 📂 Logging initialized → /logs/data_service_20251015.log
2025-10-15 21:01:42 | INFO | data_service | 📂 Logging initialized → /logs/data_service_20251015.log
2025-10-15 21:01:42 | INFO | data_service | 📂 Logging initialized → /logs/data_service_20251015.log
2025-10-15 21:01:42 | INFO | data_service | 📂 Logging initialized → /logs/data_service_20251015.log
2025-10-15 21:01:42 | INFO | data_service | 📂 Logging initialized → /logs/data_service_20251015.log
2025-10-15 21:01:50 | INFO | data_service | 📂 Logging initialized → /logs/data_service_20251015.log
2025-10-15 21:01:50 | INFO | data_service | 📂 Logging initialized → /logs/data_service_20251015.log
2025-10-15 21:01:50 | INFO | data_service | 📂 Logging initialized → /logs/data_service_20251015.log
2025-10-15 21:01:50 | INFO | data_service | 📂 Logging initialized → /logs/data_service_20251015.log
2025-10-15 21:01:50 | INFO | data_service | 📂 Logging initialized → /logs/data_service_20251015.log
2025-10-15 21:01:50 | INFO | data_service | 📂 Logging initialized → /logs/data_service_20251015.log
2025-10-15 21:02:05 | INFO | data_service | 📂 Logging initialized → /logs/data_service_20251015.log
2025-10-15 21:02:05 | INFO | data_service | 📂 Logging initialized → /logs/data_service_20251015.log
2025-10-15 21:02:05 | INFO | data_service | 📂 Logging initialized → /logs/data_service_20251015.log
2025-10-15 21:02:05 | INFO | data_service | 📂 Logging initialized → /logs/data_service_20251015.log
2025-10-15 21:02:05 | INFO | data_service | 📂 Logging initialized → /logs/data_service_20251015.log
2025-10-15 21:02:05 | INFO | data_service | 📂 Logging initialized → /logs/data_service_20251015.log
2025-10-15 21:02:34 | INFO | data_service | 📂 Logging initialized → /logs/data_service_20251015.log
2025-10-15 21:02:34 | INFO | data_service | 📂 Logging initialized → /logs/data_service_20251015.log
2025-10-15 21:02:34 | INFO | data_service | 📂 Logging initialized → /logs/data_service_20251015.log
2025-10-15 21:02:34 | INFO | data_service | 📂 Logging initialized → /logs/data_service_20251015.log
2025-10-15 21:02:34 | INFO | data_service | 📂 Logging initialized → /logs/data_service_20251015.log
2025-10-15 21:02:34 | INFO | data_service | 📂 Logging initialized → /logs/data_service_20251015.log
2025-10-15 21:02:39 | INFO | data_service | 📂 Logging initialized → /logs/data_service_20251015.log
2025-10-15 21:02:39 | INFO | data_service | 📂 Logging initialized → /logs/data_service_20251015.log
2025-10-15 21:02:39 | INFO | data_service | 📂 Logging initialized → /logs/data_service_20251015.log
2025-10-15 21:02:39 | INFO | data_service | 📂 Logging initialized → /logs/data_service_20251015.log
2025-10-15 21:02:39 | INFO | data_service | 📂 Logging initialized → /logs/data_service_20251015.log
2025-10-15 21:02:39 | INFO | data_service | 📂 Logging initialized → /logs/data_service_20251015.log
2025-10-15 21:02:41 | INFO | data_service | 📂 Logging initialized → /logs/data_service_20251015.log
2025-10-15 21:02:41 | INFO | data_service | 📂 Logging initialized → /logs/data_service_20251015.log
2025-10-15 21:02:41 | INFO | data_service | 📂 Logging initialized → /logs/data_service_20251015.log
2025-10-15 21:02:41 | INFO | data_service | 📂 Logging initialized → /logs/data_service_20251015.log
2025-10-15 21:02:41 | INFO | data_service | 📂 Logging initialized → /logs/data_service_20251015.log
2025-10-15 21:02:41 | INFO | data_service | 📂 Logging initialized → /logs/data_service_20251015.log
2025-10-15 21:02:43 | INFO | data_service | 📂 Logging initialized → /logs/data_service_20251015.log
2025-10-15 21:02:43 | INFO | data_service | 📂 Logging initialized → /logs/data_service_20251015.log
2025-10-15 21:02:43 | INFO | data_service | 📂 Logging initialized → /logs/data_service_20251015.log
2025-10-15 21:02:43 | INFO | data_service | 📂 Logging initialized → /logs/data_service_20251015.log
2025-10-15 21:02:43 | INFO | data_service | 📂 Logging initialized → /logs/data_service_20251015.log
2025-10-15 21:02:43 | INFO | data_service | 📂 Logging initialized → /logs/data_service_20251015.log
2025-10-15 21:02:47 | INFO | data_service | 📂 Logging initialized → /logs/data_service_20251015.log
2025-10-15 21:02:47 | INFO | data_service | 📂 Logging initialized → /logs/data_service_20251015.log
2025-10-15 21:02:47 | INFO | data_service | 📂 Logging initialized → /logs/data_service_20251015.log
2025-10-15 21:02:47 | INFO | data_service | 📂 Logging initialized → /logs/data_service_20251015.log
2025-10-15 21:02:47 | INFO | data_service | 📂 Logging initialized → /logs/data_service_20251015.log
2025-10-15 21:02:47 | INFO | data_service | 📂 Logging initialized → /logs/data_service_20251015.log
2025-10-15 21:02:49 | INFO | data_service | 📂 Logging initialized → /logs/data_service_20251015.log
2025-10-15 21:02:49 | INFO | data_service | 📂 Logging initialized → /logs/data_service_20251015.log
2025-10-15 21:02:49 | INFO | data_service | 📂 Logging initialized → /logs/data_service_20251015.log
2025-10-15 21:02:49 | INFO | data_service | 📂 Logging initialized → /logs/data_service_20251015.log
2025-10-15 21:02:49 | INFO | data_service | 📂 Logging initialized → /logs/data_service_20251015.log
2025-10-15 21:02:49 | INFO | data_service | 📂 Logging initialized → /logs/data_service_20251015.log
2025-10-15 21:02:52 | INFO | data_service | 📂 Logging initialized → /logs/data_service_20251015.log
2025-10-15 21:02:52 | INFO | data_service | 📂 Logging initialized → /logs/data_service_20251015.log
2025-10-15 21:02:52 | INFO | data_service | 📂 Logging initialized → /logs/data_service_20251015.log
2025-10-15 21:02:52 | INFO | data_service | 📂 Logging initialized → /logs/data_service_20251015.log
2025-10-15 21:02:52 | INFO | data_service | 📂 Logging initialized → /logs/data_service_20251015.log
2025-10-15 21:02:52 | INFO | data_service | 📂 Logging initialized → /logs/data_service_20251015.log
2025-10-15 21:02:57 | INFO | data_service | 📂 Logging initialized → /logs/data_service_20251015.log
2025-10-15 21:02:57 | INFO | data_service | 📂 Logging initialized → /logs/data_service_20251015.log
2025-10-15 21:02:57 | INFO | data_service | 📂 Logging initialized → /logs/data_service_20251015.log
2025-10-15 21:02:57 | INFO | data_service | 📂 Logging initialized → /logs/data_service_20251015.log
2025-10-15 21:02:57 | INFO | data_service | 📂 Logging initialized → /logs/data_service_20251015.log
2025-10-15 21:02:57 | INFO | data_service | 📂 Logging initialized → /logs/data_service_20251015.log
2025-10-15 21:03:05 | INFO | data_service | 📂 Logging initialized → /logs/data_service_20251015.log
2025-10-15 21:03:05 | INFO | data_service | 📂 Logging initialized → /logs/data_service_20251015.log
2025-10-15 21:03:05 | INFO | data_service | 📂 Logging initialized → /logs/data_service_20251015.log
2025-10-15 21:03:05 | INFO | data_service | 📂 Logging initialized → /logs/data_service_20251015.log
2025-10-15 21:03:05 | INFO | data_service | 📂 Logging initialized → /logs/data_service_20251015.log
2025-10-15 21:03:05 | INFO | data_service | 📂 Logging initialized → /logs/data_service_20251015.log
2025-10-15 21:03:21 | INFO | data_service | 📂 Logging initialized → /logs/data_service_20251015.log
2025-10-15 21:03:21 | INFO | data_service | 📂 Logging initialized → /logs/data_service_20251015.log
2025-10-15 21:03:21 | INFO | data_service | 📂 Logging initialized → /logs/data_service_20251015.log
2025-10-15 21:03:21 | INFO | data_service | 📂 Logging initialized → /logs/data_service_20251015.log
2025-10-15 21:03:21 | INFO | data_service | 📂 Logging initialized → /logs/data_service_20251015.log
2025-10-15 21:03:21 | INFO | data_service | 📂 Logging initialized → /logs/data_service_20251015.log
2025-10-15 21:03:50 | INFO | data_service | 📂 Logging initialized → /logs/data_service_20251015.log
2025-10-15 21:03:50 | INFO | data_service | 📂 Logging initialized → /logs/data_service_20251015.log
2025-10-15 21:03:50 | INFO | data_service | 📂 Logging initialized → /logs/data_service_20251015.log
2025-10-15 21:03:50 | INFO | data_service | 📂 Logging initialized → /logs/data_service_20251015.log
2025-10-15 21:03:50 | INFO | data_service | 📂 Logging initialized → /logs/data_service_20251015.log
2025-10-15 21:03:50 | INFO | data_service | 📂 Logging initialized → /logs/data_service_20251015.log
2025-10-15 21:04:45 | INFO | data_service | 📂 Logging initialized → /logs/data_service_20251015.log
2025-10-15 21:04:45 | INFO | data_service | 📂 Logging initialized → /logs/data_service_20251015.log
2025-10-15 21:04:45 | INFO | data_service | 📂 Logging initialized → /logs/data_service_20251015.log
2025-10-15 21:04:45 | INFO | data_service | 📂 Logging initialized → /logs/data_service_20251015.log
2025-10-15 21:04:45 | INFO | data_service | 📂 Logging initialized → /logs/data_service_20251015.log
2025-10-15 21:04:45 | INFO | data_service | 📂 Logging initialized → /logs/data_service_20251015.log
2025-10-15 21:05:50 | INFO | data_service | 📂 Logging initialized → /logs/data_service_20251015.log
2025-10-15 21:05:50 | INFO | data_service | 📂 Logging initialized → /logs/data_service_20251015.log
2025-10-15 21:05:50 | INFO | data_service | 📂 Logging initialized → /logs/data_service_20251015.log
2025-10-15 21:05:50 | INFO | data_service | 📂 Logging initialized → /logs/data_service_20251015.log
2025-10-15 21:05:50 | INFO | data_service | 📂 Logging initialized → /logs/data_service_20251015.log
2025-10-15 21:05:50 | INFO | data_service | 📂 Logging initialized → /logs/data_service_20251015.log
2025-10-15 21:06:19 | INFO | data_service | 📂 Logging initialized → /logs/data_service_20251015.log
2025-10-15 21:06:19 | INFO | data_service | 📂 Logging initialized → /logs/data_service_20251015.log
2025-10-15 21:06:19 | INFO | data_service | 📂 Logging initialized → /logs/data_service_20251015.log
2025-10-15 21:06:20 | INFO | data_service | 📂 Logging initialized → /logs/data_service_20251015.log
2025-10-15 21:06:20 | INFO | data_service | 📂 Logging initialized → /logs/data_service_20251015.log
2025-10-15 21:06:20 | INFO | data_service | 📂 Logging initialized → /logs/data_service_20251015.log
2025-10-15 21:06:21 | INFO | data_service | 📂 Logging initialized → /logs/data_service_20251015.log
2025-10-15 21:06:21 | INFO | data_service | 📂 Logging initialized → /logs/data_service_20251015.log
2025-10-15 21:06:21 | INFO | data_service | 📂 Logging initialized → /logs/data_service_20251015.log
2025-10-15 21:06:21 | INFO | data_service | 📂 Logging initialized → /logs/data_service_20251015.log
2025-10-15 21:06:21 | INFO | data_service | 📂 Logging initialized → /logs/data_service_20251015.log
2025-10-15 21:06:21 | INFO | data_service | 📂 Logging initialized → /logs/data_service_20251015.log
2025-10-15 21:06:23 | INFO | data_service | 📂 Logging initialized → /logs/data_service_20251015.log
2025-10-15 21:06:23 | INFO | data_service | 📂 Logging initialized → /logs/data_service_20251015.log
2025-10-15 21:06:23 | INFO | data_service | 📂 Logging initialized → /logs/data_service_20251015.log
2025-10-15 21:06:23 | INFO | data_service | 📂 Logging initialized → /logs/data_service_20251015.log
2025-10-15 21:06:23 | INFO | data_service | 📂 Logging initialized → /logs/data_service_20251015.log
2025-10-15 21:06:23 | INFO | data_service | 📂 Logging initialized → /logs/data_service_20251015.log
2025-10-15 21:06:25 | INFO | data_service | 📂 Logging initialized → /logs/data_service_20251015.log
2025-10-15 21:06:25 | INFO | data_service | 📂 Logging initialized → /logs/data_service_20251015.log
2025-10-15 21:06:25 | INFO | data_service | 📂 Logging initialized → /logs/data_service_20251015.log
2025-10-15 21:06:25 | INFO | data_service | 📂 Logging initialized → /logs/data_service_20251015.log
2025-10-15 21:06:25 | INFO | data_service | 📂 Logging initialized → /logs/data_service_20251015.log
2025-10-15 21:06:25 | INFO | data_service | 📂 Logging initialized → /logs/data_service_20251015.log
2025-10-15 21:06:27 | INFO | data_service | 📂 Logging initialized → /logs/data_service_20251015.log
2025-10-15 21:06:27 | INFO | data_service | 📂 Logging initialized → /logs/data_service_20251015.log
2025-10-15 21:06:27 | INFO | data_service | 📂 Logging initialized → /logs/data_service_20251015.log
2025-10-15 21:06:27 | INFO | data_service | 📂 Logging initialized → /logs/data_service_20251015.log
2025-10-15 21:06:27 | INFO | data_service | 📂 Logging initialized → /logs/data_service_20251015.log
2025-10-15 21:06:27 | INFO | data_service | 📂 Logging initialized → /logs/data_service_20251015.log
2025-10-15 21:06:32 | INFO | data_service | 📂 Logging initialized → /logs/data_service_20251015.log
2025-10-15 21:06:32 | INFO | data_service | 📂 Logging initialized → /logs/data_service_20251015.log
2025-10-15 21:06:32 | INFO | data_service | 📂 Logging initialized → /logs/data_service_20251015.log
2025-10-15 21:06:32 | INFO | data_service | 📂 Logging initialized → /logs/data_service_20251015.log
2025-10-15 21:06:32 | INFO | data_service | 📂 Logging initialized → /logs/data_service_20251015.log
2025-10-15 21:06:32 | INFO | data_service | 📂 Logging initialized → /logs/data_service_20251015.log
2025-10-15 21:06:37 | INFO | data_service | 📂 Logging initialized → /logs/data_service_20251015.log
2025-10-15 21:06:37 | INFO | data_service | 📂 Logging initialized → /logs/data_service_20251015.log
2025-10-15 21:06:37 | INFO | data_service | 📂 Logging initialized → /logs/data_service_20251015.log
2025-10-15 21:06:37 | INFO | data_service | 📂 Logging initialized → /logs/data_service_20251015.log
2025-10-15 21:06:37 | INFO | data_service | 📂 Logging initialized → /logs/data_service_20251015.log
2025-10-15 21:06:37 | INFO | data_service | 📂 Logging initialized → /logs/data_service_20251015.log
2025-10-15 21:10:28 | INFO | data_service | 📂 Logging initialized → /logs/data_service_20251015.log
2025-10-15 21:10:28 | INFO | data_service | 📂 Logging initialized → /logs/data_service_20251015.log
2025-10-15 21:10:28 | INFO | data_service | 📂 Logging initialized → /logs/data_service_20251015.log
2025-10-15 21:10:28 | INFO | data_service | 📂 Logging initialized → /logs/data_service_20251015.log
2025-10-15 21:10:28 | INFO | data_service | 📂 Logging initialized → /logs/data_service_20251015.log
2025-10-15 21:10:28 | INFO | data_service | 📂 Logging initialized → /logs/data_service_20251015.log
2025-10-15 21:10:30 | INFO | data_service | 📂 Logging initialized → /logs/data_service_20251015.log
2025-10-15 21:10:30 | INFO | data_service | 📂 Logging initialized → /logs/data_service_20251015.log
2025-10-15 21:10:30 | INFO | data_service | 📂 Logging initialized → /logs/data_service_20251015.log
2025-10-15 21:10:30 | INFO | data_service | 📂 Logging initialized → /logs/data_service_20251015.log
2025-10-15 21:10:30 | INFO | data_service | 📂 Logging initialized → /logs/data_service_20251015.log
2025-10-15 21:10:30 | INFO | data_service | 📂 Logging initialized → /logs/data_service_20251015.log
2025-10-15 21:10:33 | INFO | data_service | 📂 Logging initialized → /logs/data_service_20251015.log
2025-10-15 21:10:33 | INFO | data_service | 📂 Logging initialized → /logs/data_service_20251015.log
2025-10-15 21:10:33 | INFO | data_service | 📂 Logging initialized → /logs/data_service_20251015.log
2025-10-15 21:10:33 | INFO | data_service | 📂 Logging initialized → /logs/data_service_20251015.log
2025-10-15 21:10:33 | INFO | data_service | 📂 Logging initialized → /logs/data_service_20251015.log
2025-10-15 21:10:33 | INFO | data_service | 📂 Logging initialized → /logs/data_service_20251015.log
2025-10-15 21:10:35 | INFO | data_service | 📂 Logging initialized → /logs/data_service_20251015.log
2025-10-15 21:10:35 | INFO | data_service | 📂 Logging initialized → /logs/data_service_20251015.log
2025-10-15 21:10:35 | INFO | data_service | 📂 Logging initialized → /logs/data_service_20251015.log
2025-10-15 21:10:35 | INFO | data_service | 📂 Logging initialized → /logs/data_service_20251015.log
2025-10-15 21:10:35 | INFO | data_service | 📂 Logging initialized → /logs/data_service_20251015.log
2025-10-15 21:10:35 | INFO | data_service | 📂 Logging initialized → /logs/data_service_20251015.log
2025-10-15 21:10:37 | INFO | data_service | 📂 Logging initialized → /logs/data_service_20251015.log
2025-10-15 21:10:37 | INFO | data_service | 📂 Logging initialized → /logs/data_service_20251015.log
2025-10-15 21:10:37 | INFO | data_service | 📂 Logging initialized → /logs/data_service_20251015.log
2025-10-15 21:10:37 | INFO | data_service | 📂 Logging initialized → /logs/data_service_20251015.log
2025-10-15 21:10:37 | INFO | data_service | 📂 Logging initialized → /logs/data_service_20251015.log
2025-10-15 21:10:37 | INFO | data_service | 📂 Logging initialized → /logs/data_service_20251015.log
2025-10-15 21:10:40 | INFO | data_service | 📂 Logging initialized → /logs/data_service_20251015.log
2025-10-15 21:10:40 | INFO | data_service | 📂 Logging initialized → /logs/data_service_20251015.log
2025-10-15 21:10:40 | INFO | data_service | 📂 Logging initialized → /logs/data_service_20251015.log
2025-10-15 21:10:40 | INFO | data_service | 📂 Logging initialized → /logs/data_service_20251015.log
2025-10-15 21:10:40 | INFO | data_service | 📂 Logging initialized → /logs/data_service_20251015.log
2025-10-15 21:10:40 | INFO | data_service | 📂 Logging initialized → /logs/data_service_20251015.log
2025-10-15 21:10:47 | INFO | data_service | 📂 Logging initialized → /logs/data_service_20251015.log
2025-10-15 21:10:47 | INFO | data_service | 📂 Logging initialized → /logs/data_service_20251015.log
2025-10-15 21:10:47 | INFO | data_service | 📂 Logging initialized → /logs/data_service_20251015.log
2025-10-15 21:10:47 | INFO | data_service | 📂 Logging initialized → /logs/data_service_20251015.log
2025-10-15 21:10:47 | INFO | data_service | 📂 Logging initialized → /logs/data_service_20251015.log
2025-10-15 21:10:47 | INFO | data_service | 📂 Logging initialized → /logs/data_service_20251015.log
2025-10-15 21:10:55 | INFO | data_service | 📂 Logging initialized → /logs/data_service_20251015.log
2025-10-15 21:10:55 | INFO | data_service | 📂 Logging initialized → /logs/data_service_20251015.log
2025-10-15 21:10:55 | INFO | data_service | 📂 Logging initialized → /logs/data_service_20251015.log
2025-10-15 21:10:55 | INFO | data_service | 📂 Logging initialized → /logs/data_service_20251015.log
2025-10-15 21:10:55 | INFO | data_service | 📂 Logging initialized → /logs/data_service_20251015.log
2025-10-15 21:10:55 | INFO | data_service | 📂 Logging initialized → /logs/data_service_20251015.log
2025-10-15 21:11:09 | INFO | data_service | 📂 Logging initialized → /logs/data_service_20251015.log
2025-10-15 21:11:09 | INFO | data_service | 📂 Logging initialized → /logs/data_service_20251015.log
2025-10-15 21:11:09 | INFO | data_service | 📂 Logging initialized → /logs/data_service_20251015.log
2025-10-15 21:11:09 | INFO | data_service | 📂 Logging initialized → /logs/data_service_20251015.log
2025-10-15 21:11:09 | INFO | data_service | 📂 Logging initialized → /logs/data_service_20251015.log
2025-10-15 21:11:09 | INFO | data_service | 📂 Logging initialized → /logs/data_service_20251015.log
2025-10-15 21:11:38 | INFO | data_service | 📂 Logging initialized → /logs/data_service_20251015.log
2025-10-15 21:11:38 | INFO | data_service | 📂 Logging initialized → /logs/data_service_20251015.log
2025-10-15 21:11:38 | INFO | data_service | 📂 Logging initialized → /logs/data_service_20251015.log
2025-10-15 21:11:39 | INFO | data_service | 📂 Logging initialized → /logs/data_service_20251015.log
2025-10-15 21:11:39 | INFO | data_service | 📂 Logging initialized → /logs/data_service_20251015.log
2025-10-15 21:11:39 | INFO | data_service | 📂 Logging initialized → /logs/data_service_20251015.log
2025-10-15 21:12:35 | INFO | data_service | 📂 Logging initialized → /logs/data_service_20251015.log
2025-10-15 21:12:35 | INFO | data_service | 📂 Logging initialized → /logs/data_service_20251015.log
2025-10-15 21:12:35 | INFO | data_service | 📂 Logging initialized → /logs/data_service_20251015.log
2025-10-15 21:12:35 | INFO | data_service | 📂 Logging initialized → /logs/data_service_20251015.log
2025-10-15 21:12:35 | INFO | data_service | 📂 Logging initialized → /logs/data_service_20251015.log
2025-10-15 21:12:35 | INFO | data_service | 📂 Logging initialized → /logs/data_service_20251015.log
2025-10-15 21:13:41 | INFO | data_service | 📂 Logging initialized → /logs/data_service_20251015.log
2025-10-15 21:13:41 | INFO | data_service | 📂 Logging initialized → /logs/data_service_20251015.log
2025-10-15 21:13:41 | INFO | data_service | 📂 Logging initialized → /logs/data_service_20251015.log
2025-10-15 21:13:41 | INFO | data_service | 📂 Logging initialized → /logs/data_service_20251015.log
2025-10-15 21:13:41 | INFO | data_service | 📂 Logging initialized → /logs/data_service_20251015.log
2025-10-15 21:13:41 | INFO | data_service | 📂 Logging initialized → /logs/data_service_20251015.log
2025-10-15 21:14:39 | INFO | data_service | 📂 Logging initialized → /logs/data_service_20251015.log
2025-10-15 21:14:39 | INFO | data_service | 📂 Logging initialized → /logs/data_service_20251015.log
2025-10-15 21:14:39 | INFO | data_service | 📂 Logging initialized → /logs/data_service_20251015.log
2025-10-15 21:14:40 | INFO | data_service | 📂 Logging initialized → /logs/data_service_20251015.log
2025-10-15 21:14:40 | INFO | data_service | 📂 Logging initialized → /logs/data_service_20251015.log
2025-10-15 21:14:40 | INFO | data_service | 📂 Logging initialized → /logs/data_service_20251015.log
2025-10-15 21:14:42 | INFO | data_service | 📂 Logging initialized → /logs/data_service_20251015.log
2025-10-15 21:14:42 | INFO | data_service | 📂 Logging initialized → /logs/data_service_20251015.log
2025-10-15 21:14:42 | INFO | data_service | 📂 Logging initialized → /logs/data_service_20251015.log
2025-10-15 21:14:42 | INFO | data_service | 📂 Logging initialized → /logs/data_service_20251015.log
2025-10-15 21:14:42 | INFO | data_service | 📂 Logging initialized → /logs/data_service_20251015.log
2025-10-15 21:14:42 | INFO | data_service | 📂 Logging initialized → /logs/data_service_20251015.log
2025-10-15 21:14:44 | INFO | data_service | 📂 Logging initialized → /logs/data_service_20251015.log
2025-10-15 21:14:44 | INFO | data_service | 📂 Logging initialized → /logs/data_service_20251015.log
2025-10-15 21:14:44 | INFO | data_service | 📂 Logging initialized → /logs/data_service_20251015.log
2025-10-15 21:14:44 | INFO | data_service | 📂 Logging initialized → /logs/data_service_20251015.log
2025-10-15 21:14:44 | INFO | data_service | 📂 Logging initialized → /logs/data_service_20251015.log
2025-10-15 21:14:44 | INFO | data_service | 📂 Logging initialized → /logs/data_service_20251015.log
2025-10-15 21:14:46 | INFO | data_service | 📂 Logging initialized → /logs/data_service_20251015.log
2025-10-15 21:14:46 | INFO | data_service | 📂 Logging initialized → /logs/data_service_20251015.log
2025-10-15 21:14:46 | INFO | data_service | 📂 Logging initialized → /logs/data_service_20251015.log
2025-10-15 21:14:46 | INFO | data_service | 📂 Logging initialized → /logs/data_service_20251015.log
2025-10-15 21:14:46 | INFO | data_service | 📂 Logging initialized → /logs/data_service_20251015.log
2025-10-15 21:14:46 | INFO | data_service | 📂 Logging initialized → /logs/data_service_20251015.log
2025-10-15 21:14:48 | INFO | data_service | 📂 Logging initialized → /logs/data_service_20251015.log
2025-10-15 21:14:48 | INFO | data_service | 📂 Logging initialized → /logs/data_service_20251015.log
2025-10-15 21:14:48 | INFO | data_service | 📂 Logging initialized → /logs/data_service_20251015.log
2025-10-15 21:14:48 | INFO | data_service | 📂 Logging initialized → /logs/data_service_20251015.log
2025-10-15 21:14:48 | INFO | data_service | 📂 Logging initialized → /logs/data_service_20251015.log
2025-10-15 21:14:48 | INFO | data_service | 📂 Logging initialized → /logs/data_service_20251015.log
2025-10-15 21:14:51 | INFO | data_service | 📂 Logging initialized → /logs/data_service_20251015.log
2025-10-15 21:14:51 | INFO | data_service | 📂 Logging initialized → /logs/data_service_20251015.log
2025-10-15 21:14:51 | INFO | data_service | 📂 Logging initialized → /logs/data_service_20251015.log
2025-10-15 21:14:51 | INFO | data_service | 📂 Logging initialized → /logs/data_service_20251015.log
2025-10-15 21:14:51 | INFO | data_service | 📂 Logging initialized → /logs/data_service_20251015.log
2025-10-15 21:14:51 | INFO | data_service | 📂 Logging initialized → /logs/data_service_20251015.log
2025-10-15 21:14:56 | INFO | data_service | 📂 Logging initialized → /logs/data_service_20251015.log
2025-10-15 21:14:56 | INFO | data_service | 📂 Logging initialized → /logs/data_service_20251015.log
2025-10-15 21:14:56 | INFO | data_service | 📂 Logging initialized → /logs/data_service_20251015.log
2025-10-15 21:14:56 | INFO | data_service | 📂 Logging initialized → /logs/data_service_20251015.log
2025-10-15 21:14:56 | INFO | data_service | 📂 Logging initialized → /logs/data_service_20251015.log
2025-10-15 21:14:56 | INFO | data_service | 📂 Logging initialized → /logs/data_service_20251015.log
2025-10-15 21:15:06 | INFO | data_service | 📂 Logging initialized → /logs/data_service_20251015.log
2025-10-15 21:15:06 | INFO | data_service | 📂 Logging initialized → /logs/data_service_20251015.log
2025-10-15 21:15:06 | INFO | data_service | 📂 Logging initialized → /logs/data_service_20251015.log
2025-10-15 21:15:06 | INFO | data_service | 📂 Logging initialized → /logs/data_service_20251015.log
2025-10-15 21:15:06 | INFO | data_service | 📂 Logging initialized → /logs/data_service_20251015.log
2025-10-15 21:15:06 | INFO | data_service | 📂 Logging initialized → /logs/data_service_20251015.log
2025-10-15 21:15:20 | INFO | data_service | 📂 Logging initialized → /logs/data_service_20251015.log
2025-10-15 21:15:20 | INFO | data_service | 📂 Logging initialized → /logs/data_service_20251015.log
2025-10-15 21:15:20 | INFO | data_service | 📂 Logging initialized → /logs/data_service_20251015.log
2025-10-15 21:15:20 | INFO | data_service | 📂 Logging initialized → /logs/data_service_20251015.log
2025-10-15 21:15:20 | INFO | data_service | 📂 Logging initialized → /logs/data_service_20251015.log
2025-10-15 21:15:20 | INFO | data_service | 📂 Logging initialized → /logs/data_service_20251015.log
2025-10-15 21:27:51 | INFO | data_service | 📂 Logging initialized → /logs/data_service_20251015.log
2025-10-15 21:27:51 | INFO | data_service | 📂 Logging initialized → /logs/data_service_20251015.log
2025-10-15 21:27:51 | INFO | data_service | 📂 Logging initialized → /logs/data_service_20251015.log
2025-10-15 21:27:51 | INFO | data_service | 📂 Logging initialized → /logs/data_service_20251015.log
2025-10-15 21:27:51 | INFO | data_service | 📂 Logging initialized → /logs/data_service_20251015.log
2025-10-15 21:27:51 | INFO | data_service | 📂 Logging initialized → /logs/data_service_20251015.log
2025-10-15 21:27:51 | INFO | data_service | 📂 Logging initialized → /logs/data_service_20251015.log
2025-10-15 21:27:52 | INFO | data_service | 📂 Logging initialized → /logs/data_service_20251015.log
2025-10-15 21:27:52 | INFO | data_service | 📂 Logging initialized → /logs/data_service_20251015.log
2025-10-15 21:27:52 | INFO | data_service | 📂 Logging initialized → /logs/data_service_20251015.log
2025-10-15 21:27:52 | INFO | data_service | 📂 Logging initialized → /logs/data_service_20251015.log
2025-10-15 21:27:52 | INFO | data_service | 🚀 Initializing Data Service...
2025-10-15 21:27:52 | INFO | data_service | ⚙️ Configuration loaded successfully
2025-10-15 21:27:52 | INFO | data_service | 🩺 Health check route registered at /healthz
2025-10-15 21:27:52 | INFO | data_service | 📡 Data Service startup event triggered
2025-10-15 21:27:52 | INFO | data_service | 🧱 Ensuring TimescaleDB tables exist...
2025-10-15 21:27:55 | ERROR | data_service | ❌ Failed to ensure Timescale table: (psycopg2.OperationalError) could not translate host name "postgres" to address: Name or service not known

(Background on this error at: https://sqlalche.me/e/20/e3q8)
Traceback (most recent call last):
  File "/usr/local/lib/python3.12/site-packages/sqlalchemy/engine/base.py", line 146, in __init__
    self._dbapi_connection = engine.raw_connection()
                             ^^^^^^^^^^^^^^^^^^^^^^^
  File "/usr/local/lib/python3.12/site-packages/sqlalchemy/engine/base.py", line 3302, in raw_connection
    return self.pool.connect()
           ^^^^^^^^^^^^^^^^^^^
  File "/usr/local/lib/python3.12/site-packages/sqlalchemy/pool/base.py", line 449, in connect
    return _ConnectionFairy._checkout(self)
           ^^^^^^^^^^^^^^^^^^^^^^^^^^^^^^^^
  File "/usr/local/lib/python3.12/site-packages/sqlalchemy/pool/base.py", line 1263, in _checkout
    fairy = _ConnectionRecord.checkout(pool)
            ^^^^^^^^^^^^^^^^^^^^^^^^^^^^^^^^
  File "/usr/local/lib/python3.12/site-packages/sqlalchemy/pool/base.py", line 712, in checkout
    rec = pool._do_get()
          ^^^^^^^^^^^^^^
  File "/usr/local/lib/python3.12/site-packages/sqlalchemy/pool/impl.py", line 179, in _do_get
    with util.safe_reraise():
         ^^^^^^^^^^^^^^^^^^^
  File "/usr/local/lib/python3.12/site-packages/sqlalchemy/util/langhelpers.py", line 146, in __exit__
    raise exc_value.with_traceback(exc_tb)
  File "/usr/local/lib/python3.12/site-packages/sqlalchemy/pool/impl.py", line 177, in _do_get
    return self._create_connection()
           ^^^^^^^^^^^^^^^^^^^^^^^^^
  File "/usr/local/lib/python3.12/site-packages/sqlalchemy/pool/base.py", line 390, in _create_connection
    return _ConnectionRecord(self)
           ^^^^^^^^^^^^^^^^^^^^^^^
  File "/usr/local/lib/python3.12/site-packages/sqlalchemy/pool/base.py", line 674, in __init__
    self.__connect()
  File "/usr/local/lib/python3.12/site-packages/sqlalchemy/pool/base.py", line 900, in __connect
    with util.safe_reraise():
         ^^^^^^^^^^^^^^^^^^^
  File "/usr/local/lib/python3.12/site-packages/sqlalchemy/util/langhelpers.py", line 146, in __exit__
    raise exc_value.with_traceback(exc_tb)
  File "/usr/local/lib/python3.12/site-packages/sqlalchemy/pool/base.py", line 896, in __connect
    self.dbapi_connection = connection = pool._invoke_creator(self)
                                         ^^^^^^^^^^^^^^^^^^^^^^^^^^
  File "/usr/local/lib/python3.12/site-packages/sqlalchemy/engine/create.py", line 643, in connect
    return dialect.connect(*cargs, **cparams)
           ^^^^^^^^^^^^^^^^^^^^^^^^^^^^^^^^^^
  File "/usr/local/lib/python3.12/site-packages/sqlalchemy/engine/default.py", line 621, in connect
    return self.loaded_dbapi.connect(*cargs, **cparams)
           ^^^^^^^^^^^^^^^^^^^^^^^^^^^^^^^^^^^^^^^^^^^^
  File "/usr/local/lib/python3.12/site-packages/psycopg2/__init__.py", line 122, in connect
    conn = _connect(dsn, connection_factory=connection_factory, **kwasync)
           ^^^^^^^^^^^^^^^^^^^^^^^^^^^^^^^^^^^^^^^^^^^^^^^^^^^^^^^^^^^^^^^
psycopg2.OperationalError: could not translate host name "postgres" to address: Name or service not known


The above exception was the direct cause of the following exception:

Traceback (most recent call last):
  File "/app/services/data_service/ingestion/storage.py", line 40, in ensure_timescale_table
    with engine.begin() as conn:
         ^^^^^^^^^^^^^^
  File "/usr/local/lib/python3.12/contextlib.py", line 137, in __enter__
    return next(self.gen)
           ^^^^^^^^^^^^^^
  File "/usr/local/lib/python3.12/site-packages/sqlalchemy/engine/base.py", line 3242, in begin
    with self.connect() as conn:
         ^^^^^^^^^^^^^^
  File "/usr/local/lib/python3.12/site-packages/sqlalchemy/engine/base.py", line 3278, in connect
    return self._connection_cls(self)
           ^^^^^^^^^^^^^^^^^^^^^^^^^^
  File "/usr/local/lib/python3.12/site-packages/sqlalchemy/engine/base.py", line 148, in __init__
    Connection._handle_dbapi_exception_noconnection(
  File "/usr/local/lib/python3.12/site-packages/sqlalchemy/engine/base.py", line 2442, in _handle_dbapi_exception_noconnection
    raise sqlalchemy_exception.with_traceback(exc_info[2]) from e
  File "/usr/local/lib/python3.12/site-packages/sqlalchemy/engine/base.py", line 146, in __init__
    self._dbapi_connection = engine.raw_connection()
                             ^^^^^^^^^^^^^^^^^^^^^^^
  File "/usr/local/lib/python3.12/site-packages/sqlalchemy/engine/base.py", line 3302, in raw_connection
    return self.pool.connect()
           ^^^^^^^^^^^^^^^^^^^
  File "/usr/local/lib/python3.12/site-packages/sqlalchemy/pool/base.py", line 449, in connect
    return _ConnectionFairy._checkout(self)
           ^^^^^^^^^^^^^^^^^^^^^^^^^^^^^^^^
  File "/usr/local/lib/python3.12/site-packages/sqlalchemy/pool/base.py", line 1263, in _checkout
    fairy = _ConnectionRecord.checkout(pool)
            ^^^^^^^^^^^^^^^^^^^^^^^^^^^^^^^^
  File "/usr/local/lib/python3.12/site-packages/sqlalchemy/pool/base.py", line 712, in checkout
    rec = pool._do_get()
          ^^^^^^^^^^^^^^
  File "/usr/local/lib/python3.12/site-packages/sqlalchemy/pool/impl.py", line 179, in _do_get
    with util.safe_reraise():
         ^^^^^^^^^^^^^^^^^^^
  File "/usr/local/lib/python3.12/site-packages/sqlalchemy/util/langhelpers.py", line 146, in __exit__
    raise exc_value.with_traceback(exc_tb)
  File "/usr/local/lib/python3.12/site-packages/sqlalchemy/pool/impl.py", line 177, in _do_get
    return self._create_connection()
           ^^^^^^^^^^^^^^^^^^^^^^^^^
  File "/usr/local/lib/python3.12/site-packages/sqlalchemy/pool/base.py", line 390, in _create_connection
    return _ConnectionRecord(self)
           ^^^^^^^^^^^^^^^^^^^^^^^
  File "/usr/local/lib/python3.12/site-packages/sqlalchemy/pool/base.py", line 674, in __init__
    self.__connect()
  File "/usr/local/lib/python3.12/site-packages/sqlalchemy/pool/base.py", line 900, in __connect
    with util.safe_reraise():
         ^^^^^^^^^^^^^^^^^^^
  File "/usr/local/lib/python3.12/site-packages/sqlalchemy/util/langhelpers.py", line 146, in __exit__
    raise exc_value.with_traceback(exc_tb)
  File "/usr/local/lib/python3.12/site-packages/sqlalchemy/pool/base.py", line 896, in __connect
    self.dbapi_connection = connection = pool._invoke_creator(self)
                                         ^^^^^^^^^^^^^^^^^^^^^^^^^^
  File "/usr/local/lib/python3.12/site-packages/sqlalchemy/engine/create.py", line 643, in connect
    return dialect.connect(*cargs, **cparams)
           ^^^^^^^^^^^^^^^^^^^^^^^^^^^^^^^^^^
  File "/usr/local/lib/python3.12/site-packages/sqlalchemy/engine/default.py", line 621, in connect
    return self.loaded_dbapi.connect(*cargs, **cparams)
           ^^^^^^^^^^^^^^^^^^^^^^^^^^^^^^^^^^^^^^^^^^^^
  File "/usr/local/lib/python3.12/site-packages/psycopg2/__init__.py", line 122, in connect
    conn = _connect(dsn, connection_factory=connection_factory, **kwasync)
           ^^^^^^^^^^^^^^^^^^^^^^^^^^^^^^^^^^^^^^^^^^^^^^^^^^^^^^^^^^^^^^^
sqlalchemy.exc.OperationalError: (psycopg2.OperationalError) could not translate host name "postgres" to address: Name or service not known

(Background on this error at: https://sqlalche.me/e/20/e3q8)
2025-10-15 21:27:55 | WARNING | data_service | ⚠️ Timescale initialization failed: (psycopg2.OperationalError) could not translate host name "postgres" to address: Name or service not known

(Background on this error at: https://sqlalche.me/e/20/e3q8)
Traceback (most recent call last):
  File "/usr/local/lib/python3.12/site-packages/sqlalchemy/engine/base.py", line 146, in __init__
    self._dbapi_connection = engine.raw_connection()
                             ^^^^^^^^^^^^^^^^^^^^^^^
  File "/usr/local/lib/python3.12/site-packages/sqlalchemy/engine/base.py", line 3302, in raw_connection
    return self.pool.connect()
           ^^^^^^^^^^^^^^^^^^^
  File "/usr/local/lib/python3.12/site-packages/sqlalchemy/pool/base.py", line 449, in connect
    return _ConnectionFairy._checkout(self)
           ^^^^^^^^^^^^^^^^^^^^^^^^^^^^^^^^
  File "/usr/local/lib/python3.12/site-packages/sqlalchemy/pool/base.py", line 1263, in _checkout
    fairy = _ConnectionRecord.checkout(pool)
            ^^^^^^^^^^^^^^^^^^^^^^^^^^^^^^^^
  File "/usr/local/lib/python3.12/site-packages/sqlalchemy/pool/base.py", line 712, in checkout
    rec = pool._do_get()
          ^^^^^^^^^^^^^^
  File "/usr/local/lib/python3.12/site-packages/sqlalchemy/pool/impl.py", line 179, in _do_get
    with util.safe_reraise():
         ^^^^^^^^^^^^^^^^^^^
  File "/usr/local/lib/python3.12/site-packages/sqlalchemy/util/langhelpers.py", line 146, in __exit__
    raise exc_value.with_traceback(exc_tb)
  File "/usr/local/lib/python3.12/site-packages/sqlalchemy/pool/impl.py", line 177, in _do_get
    return self._create_connection()
           ^^^^^^^^^^^^^^^^^^^^^^^^^
  File "/usr/local/lib/python3.12/site-packages/sqlalchemy/pool/base.py", line 390, in _create_connection
    return _ConnectionRecord(self)
           ^^^^^^^^^^^^^^^^^^^^^^^
  File "/usr/local/lib/python3.12/site-packages/sqlalchemy/pool/base.py", line 674, in __init__
    self.__connect()
  File "/usr/local/lib/python3.12/site-packages/sqlalchemy/pool/base.py", line 900, in __connect
    with util.safe_reraise():
         ^^^^^^^^^^^^^^^^^^^
  File "/usr/local/lib/python3.12/site-packages/sqlalchemy/util/langhelpers.py", line 146, in __exit__
    raise exc_value.with_traceback(exc_tb)
  File "/usr/local/lib/python3.12/site-packages/sqlalchemy/pool/base.py", line 896, in __connect
    self.dbapi_connection = connection = pool._invoke_creator(self)
                                         ^^^^^^^^^^^^^^^^^^^^^^^^^^
  File "/usr/local/lib/python3.12/site-packages/sqlalchemy/engine/create.py", line 643, in connect
    return dialect.connect(*cargs, **cparams)
           ^^^^^^^^^^^^^^^^^^^^^^^^^^^^^^^^^^
  File "/usr/local/lib/python3.12/site-packages/sqlalchemy/engine/default.py", line 621, in connect
    return self.loaded_dbapi.connect(*cargs, **cparams)
           ^^^^^^^^^^^^^^^^^^^^^^^^^^^^^^^^^^^^^^^^^^^^
  File "/usr/local/lib/python3.12/site-packages/psycopg2/__init__.py", line 122, in connect
    conn = _connect(dsn, connection_factory=connection_factory, **kwasync)
           ^^^^^^^^^^^^^^^^^^^^^^^^^^^^^^^^^^^^^^^^^^^^^^^^^^^^^^^^^^^^^^^
psycopg2.OperationalError: could not translate host name "postgres" to address: Name or service not known


The above exception was the direct cause of the following exception:

Traceback (most recent call last):
  File "/app/services/data_service/main.py", line 70, in startup_event
    ensure_timescale_table()
  File "/app/services/data_service/ingestion/storage.py", line 40, in ensure_timescale_table
    with engine.begin() as conn:
         ^^^^^^^^^^^^^^
  File "/usr/local/lib/python3.12/contextlib.py", line 137, in __enter__
    return next(self.gen)
           ^^^^^^^^^^^^^^
  File "/usr/local/lib/python3.12/site-packages/sqlalchemy/engine/base.py", line 3242, in begin
    with self.connect() as conn:
         ^^^^^^^^^^^^^^
  File "/usr/local/lib/python3.12/site-packages/sqlalchemy/engine/base.py", line 3278, in connect
    return self._connection_cls(self)
           ^^^^^^^^^^^^^^^^^^^^^^^^^^
  File "/usr/local/lib/python3.12/site-packages/sqlalchemy/engine/base.py", line 148, in __init__
    Connection._handle_dbapi_exception_noconnection(
  File "/usr/local/lib/python3.12/site-packages/sqlalchemy/engine/base.py", line 2442, in _handle_dbapi_exception_noconnection
    raise sqlalchemy_exception.with_traceback(exc_info[2]) from e
  File "/usr/local/lib/python3.12/site-packages/sqlalchemy/engine/base.py", line 146, in __init__
    self._dbapi_connection = engine.raw_connection()
                             ^^^^^^^^^^^^^^^^^^^^^^^
  File "/usr/local/lib/python3.12/site-packages/sqlalchemy/engine/base.py", line 3302, in raw_connection
    return self.pool.connect()
           ^^^^^^^^^^^^^^^^^^^
  File "/usr/local/lib/python3.12/site-packages/sqlalchemy/pool/base.py", line 449, in connect
    return _ConnectionFairy._checkout(self)
           ^^^^^^^^^^^^^^^^^^^^^^^^^^^^^^^^
  File "/usr/local/lib/python3.12/site-packages/sqlalchemy/pool/base.py", line 1263, in _checkout
    fairy = _ConnectionRecord.checkout(pool)
            ^^^^^^^^^^^^^^^^^^^^^^^^^^^^^^^^
  File "/usr/local/lib/python3.12/site-packages/sqlalchemy/pool/base.py", line 712, in checkout
    rec = pool._do_get()
          ^^^^^^^^^^^^^^
  File "/usr/local/lib/python3.12/site-packages/sqlalchemy/pool/impl.py", line 179, in _do_get
    with util.safe_reraise():
         ^^^^^^^^^^^^^^^^^^^
  File "/usr/local/lib/python3.12/site-packages/sqlalchemy/util/langhelpers.py", line 146, in __exit__
    raise exc_value.with_traceback(exc_tb)
  File "/usr/local/lib/python3.12/site-packages/sqlalchemy/pool/impl.py", line 177, in _do_get
    return self._create_connection()
           ^^^^^^^^^^^^^^^^^^^^^^^^^
  File "/usr/local/lib/python3.12/site-packages/sqlalchemy/pool/base.py", line 390, in _create_connection
    return _ConnectionRecord(self)
           ^^^^^^^^^^^^^^^^^^^^^^^
  File "/usr/local/lib/python3.12/site-packages/sqlalchemy/pool/base.py", line 674, in __init__
    self.__connect()
  File "/usr/local/lib/python3.12/site-packages/sqlalchemy/pool/base.py", line 900, in __connect
    with util.safe_reraise():
         ^^^^^^^^^^^^^^^^^^^
  File "/usr/local/lib/python3.12/site-packages/sqlalchemy/util/langhelpers.py", line 146, in __exit__
    raise exc_value.with_traceback(exc_tb)
  File "/usr/local/lib/python3.12/site-packages/sqlalchemy/pool/base.py", line 896, in __connect
    self.dbapi_connection = connection = pool._invoke_creator(self)
                                         ^^^^^^^^^^^^^^^^^^^^^^^^^^
  File "/usr/local/lib/python3.12/site-packages/sqlalchemy/engine/create.py", line 643, in connect
    return dialect.connect(*cargs, **cparams)
           ^^^^^^^^^^^^^^^^^^^^^^^^^^^^^^^^^^
  File "/usr/local/lib/python3.12/site-packages/sqlalchemy/engine/default.py", line 621, in connect
    return self.loaded_dbapi.connect(*cargs, **cparams)
           ^^^^^^^^^^^^^^^^^^^^^^^^^^^^^^^^^^^^^^^^^^^^
  File "/usr/local/lib/python3.12/site-packages/psycopg2/__init__.py", line 122, in connect
    conn = _connect(dsn, connection_factory=connection_factory, **kwasync)
           ^^^^^^^^^^^^^^^^^^^^^^^^^^^^^^^^^^^^^^^^^^^^^^^^^^^^^^^^^^^^^^^
sqlalchemy.exc.OperationalError: (psycopg2.OperationalError) could not translate host name "postgres" to address: Name or service not known

(Background on this error at: https://sqlalche.me/e/20/e3q8)
2025-10-15 21:27:55 | INFO | data_service | ⏱️ Launching ingestion scheduler (non-blocking)...
2025-10-15 21:27:55 | INFO | data_service | ⚙️ Starting scheduler | symbols=['BTC/USDT'] | timeframe=1m | interval=60s | tz=Asia/Kolkata
2025-10-15 21:27:55 | INFO | data_service | 📆 Scheduled job added | id=fetch_BTC_USDT_1m | every=60s
2025-10-15 21:27:55 | INFO | data_service | ✅ Scheduler started with 3 jobs
2025-10-15 21:27:55 | INFO | data_service | ✅ Scheduler successfully started
2025-10-15 21:27:55 | INFO | data_service | 📨 Launching Kafka consumer (non-blocking)...
2025-10-15 21:27:55 | INFO | data_service | ✅ Kafka consumer initialized | topic=market_data | group_id=data_service_group
2025-10-15 21:27:55 | INFO | data_service | 📡 Subscribed to topic: market_data
2025-10-15 21:27:55 | INFO | data_service | 🧵 Kafka consumer running in background thread
2025-10-15 21:27:55 | INFO | data_service | ✅ Kafka consumer started successfully
2025-10-15 21:27:55 | INFO | data_service | ✅ Data Service startup completed in 3.85s
2025-10-15 21:27:56 | ERROR | data_service | ⚠️ Kafka error: KafkaError{code=UNKNOWN_TOPIC_OR_PART,val=3,str="Subscribed topic not available: market_data: Broker: Unknown topic or partition"}
2025-10-15 21:33:12 | INFO | data_service | 📂 Logging initialized → /logs/data_service_20251015.log
2025-10-15 21:33:12 | INFO | data_service | 📂 Logging initialized → /logs/data_service_20251015.log
2025-10-15 21:33:13 | INFO | data_service | 📂 Logging initialized → /logs/data_service_20251015.log
2025-10-15 21:33:13 | INFO | data_service | 📂 Logging initialized → /logs/data_service_20251015.log
2025-10-15 21:33:13 | INFO | data_service | 📂 Logging initialized → /logs/data_service_20251015.log
2025-10-15 21:33:13 | INFO | data_service | 📂 Logging initialized → /logs/data_service_20251015.log
2025-10-15 21:33:13 | INFO | data_service | 📂 Logging initialized → /logs/data_service_20251015.log
2025-10-15 21:33:13 | INFO | data_service | 📂 Logging initialized → /logs/data_service_20251015.log
2025-10-15 21:33:13 | INFO | data_service | 📂 Logging initialized → /logs/data_service_20251015.log
2025-10-15 21:33:13 | INFO | data_service | 📂 Logging initialized → /logs/data_service_20251015.log
2025-10-15 21:33:14 | INFO | data_service | 📂 Logging initialized → /logs/data_service_20251015.log
2025-10-15 21:33:14 | INFO | data_service | 📂 Logging initialized → /logs/data_service_20251015.log
2025-10-15 21:33:14 | INFO | data_service | 📂 Logging initialized → /logs/data_service_20251015.log
2025-10-15 21:33:14 | INFO | data_service | 📂 Logging initialized → /logs/data_service_20251015.log
2025-10-15 21:33:14 | INFO | data_service | 📂 Logging initialized → /logs/data_service_20251015.log
2025-10-15 21:33:14 | INFO | data_service | 📂 Logging initialized → /logs/data_service_20251015.log
2025-10-15 21:40:26 | INFO | data_service | 🛑 Data Service shutdown initiated...
2025-10-15 21:40:26 | INFO | data_service | ✅ Data Service shutdown complete
2025-10-15 21:40:30 | INFO | data_service | 📂 Logging initialized → /logs/data_service_20251015.log
2025-10-15 21:40:30 | INFO | data_service | 📂 Logging initialized → /logs/data_service_20251015.log
2025-10-15 21:40:30 | INFO | data_service | 📂 Logging initialized → /logs/data_service_20251015.log
2025-10-15 21:40:30 | INFO | data_service | 📂 Logging initialized → /logs/data_service_20251015.log
2025-10-15 21:40:30 | INFO | data_service | 📂 Logging initialized → /logs/data_service_20251015.log
2025-10-15 21:40:30 | INFO | data_service | 📂 Logging initialized → /logs/data_service_20251015.log
2025-10-15 21:40:32 | INFO | data_service | 📂 Logging initialized → /logs/data_service_20251015.log
2025-10-15 21:40:32 | INFO | data_service | 📂 Logging initialized → /logs/data_service_20251015.log
2025-10-15 21:40:32 | INFO | data_service | 📂 Logging initialized → /logs/data_service_20251015.log
2025-10-15 21:40:32 | INFO | data_service | 📂 Logging initialized → /logs/data_service_20251015.log
2025-10-15 21:40:32 | INFO | data_service | 📂 Logging initialized → /logs/data_service_20251015.log
2025-10-15 21:40:32 | INFO | data_service | 📂 Logging initialized → /logs/data_service_20251015.log
2025-10-15 21:40:33 | INFO | data_service | 📂 Logging initialized → /logs/data_service_20251015.log
2025-10-15 21:40:33 | INFO | data_service | 📂 Logging initialized → /logs/data_service_20251015.log
2025-10-15 21:40:33 | INFO | data_service | 📂 Logging initialized → /logs/data_service_20251015.log
2025-10-15 21:40:34 | INFO | data_service | 📂 Logging initialized → /logs/data_service_20251015.log
2025-10-15 21:40:34 | INFO | data_service | 📂 Logging initialized → /logs/data_service_20251015.log
2025-10-15 21:40:34 | INFO | data_service | 📂 Logging initialized → /logs/data_service_20251015.log
2025-10-15 21:40:36 | INFO | data_service | 📂 Logging initialized → /logs/data_service_20251015.log
2025-10-15 21:40:36 | INFO | data_service | 📂 Logging initialized → /logs/data_service_20251015.log
2025-10-15 21:40:36 | INFO | data_service | 📂 Logging initialized → /logs/data_service_20251015.log
2025-10-15 21:40:36 | INFO | data_service | 📂 Logging initialized → /logs/data_service_20251015.log
2025-10-15 21:40:36 | INFO | data_service | 📂 Logging initialized → /logs/data_service_20251015.log
2025-10-15 21:40:36 | INFO | data_service | 📂 Logging initialized → /logs/data_service_20251015.log
2025-10-15 21:40:40 | INFO | data_service | 📂 Logging initialized → /logs/data_service_20251015.log
2025-10-15 21:40:40 | INFO | data_service | 📂 Logging initialized → /logs/data_service_20251015.log
2025-10-15 21:40:40 | INFO | data_service | 📂 Logging initialized → /logs/data_service_20251015.log
2025-10-15 21:40:40 | INFO | data_service | 📂 Logging initialized → /logs/data_service_20251015.log
2025-10-15 21:40:41 | INFO | data_service | 📂 Logging initialized → /logs/data_service_20251015.log
2025-10-15 21:40:41 | INFO | data_service | 📂 Logging initialized → /logs/data_service_20251015.log
2025-10-15 21:40:44 | INFO | data_service | 📂 Logging initialized → /logs/data_service_20251015.log
2025-10-15 21:40:44 | INFO | data_service | 📂 Logging initialized → /logs/data_service_20251015.log
2025-10-15 21:40:44 | INFO | data_service | 📂 Logging initialized → /logs/data_service_20251015.log
2025-10-15 21:40:44 | INFO | data_service | 📂 Logging initialized → /logs/data_service_20251015.log
2025-10-15 21:40:44 | INFO | data_service | 📂 Logging initialized → /logs/data_service_20251015.log
2025-10-15 21:40:44 | INFO | data_service | 📂 Logging initialized → /logs/data_service_20251015.log
2025-10-15 21:40:49 | INFO | data_service | 📂 Logging initialized → /logs/data_service_20251015.log
2025-10-15 21:40:49 | INFO | data_service | 📂 Logging initialized → /logs/data_service_20251015.log
2025-10-15 21:40:49 | INFO | data_service | 📂 Logging initialized → /logs/data_service_20251015.log
2025-10-15 21:40:49 | INFO | data_service | 📂 Logging initialized → /logs/data_service_20251015.log
2025-10-15 21:40:49 | INFO | data_service | 📂 Logging initialized → /logs/data_service_20251015.log
2025-10-15 21:40:49 | INFO | data_service | 📂 Logging initialized → /logs/data_service_20251015.log
2025-10-15 21:40:57 | INFO | data_service | 📂 Logging initialized → /logs/data_service_20251015.log
2025-10-15 21:40:57 | INFO | data_service | 📂 Logging initialized → /logs/data_service_20251015.log
2025-10-15 21:40:57 | INFO | data_service | 📂 Logging initialized → /logs/data_service_20251015.log
2025-10-15 21:40:57 | INFO | data_service | 📂 Logging initialized → /logs/data_service_20251015.log
2025-10-15 21:40:57 | INFO | data_service | 📂 Logging initialized → /logs/data_service_20251015.log
2025-10-15 21:40:57 | INFO | data_service | 📂 Logging initialized → /logs/data_service_20251015.log
2025-10-15 21:41:13 | INFO | data_service | 📂 Logging initialized → /logs/data_service_20251015.log
2025-10-15 21:41:13 | INFO | data_service | 📂 Logging initialized → /logs/data_service_20251015.log
2025-10-15 21:41:13 | INFO | data_service | 📂 Logging initialized → /logs/data_service_20251015.log
2025-10-15 21:41:14 | INFO | data_service | 📂 Logging initialized → /logs/data_service_20251015.log
2025-10-15 21:41:14 | INFO | data_service | 📂 Logging initialized → /logs/data_service_20251015.log
2025-10-15 21:41:14 | INFO | data_service | 📂 Logging initialized → /logs/data_service_20251015.log
2025-10-15 21:41:41 | INFO | data_service | 📂 Logging initialized → /logs/data_service_20251015.log
2025-10-15 21:41:41 | INFO | data_service | 📂 Logging initialized → /logs/data_service_20251015.log
2025-10-15 21:41:41 | INFO | data_service | 📂 Logging initialized → /logs/data_service_20251015.log
2025-10-15 21:41:41 | INFO | data_service | 📂 Logging initialized → /logs/data_service_20251015.log
2025-10-15 21:41:41 | INFO | data_service | 📂 Logging initialized → /logs/data_service_20251015.log
2025-10-15 21:41:41 | INFO | data_service | 📂 Logging initialized → /logs/data_service_20251015.log
2025-10-15 21:42:38 | INFO | data_service | 📂 Logging initialized → /logs/data_service_20251015.log
2025-10-15 21:42:38 | INFO | data_service | 📂 Logging initialized → /logs/data_service_20251015.log
2025-10-15 21:42:38 | INFO | data_service | 📂 Logging initialized → /logs/data_service_20251015.log
2025-10-15 21:42:38 | INFO | data_service | 📂 Logging initialized → /logs/data_service_20251015.log
2025-10-15 21:42:38 | INFO | data_service | 📂 Logging initialized → /logs/data_service_20251015.log
2025-10-15 21:42:38 | INFO | data_service | 📂 Logging initialized → /logs/data_service_20251015.log
2025-10-15 21:43:44 | INFO | data_service | 📂 Logging initialized → /logs/data_service_20251015.log
2025-10-15 21:43:44 | INFO | data_service | 📂 Logging initialized → /logs/data_service_20251015.log
2025-10-15 21:43:44 | INFO | data_service | 📂 Logging initialized → /logs/data_service_20251015.log
2025-10-15 21:43:44 | INFO | data_service | 📂 Logging initialized → /logs/data_service_20251015.log
2025-10-15 21:44:50 | INFO | data_service | 📂 Logging initialized → /logs/data_service_20251015.log
2025-10-15 21:44:50 | INFO | data_service | 📂 Logging initialized → /logs/data_service_20251015.log
2025-10-15 21:44:50 | INFO | data_service | 📂 Logging initialized → /logs/data_service_20251015.log
2025-10-15 21:44:50 | INFO | data_service | 📂 Logging initialized → /logs/data_service_20251015.log
2025-10-15 21:45:56 | INFO | data_service | 📂 Logging initialized → /logs/data_service_20251015.log
2025-10-15 21:45:56 | INFO | data_service | 📂 Logging initialized → /logs/data_service_20251015.log
2025-10-15 21:45:56 | INFO | data_service | 📂 Logging initialized → /logs/data_service_20251015.log
2025-10-15 21:45:56 | INFO | data_service | 📂 Logging initialized → /logs/data_service_20251015.log
2025-10-15 21:47:02 | INFO | data_service | 📂 Logging initialized → /logs/data_service_20251015.log
2025-10-15 21:47:02 | INFO | data_service | 📂 Logging initialized → /logs/data_service_20251015.log
2025-10-15 21:47:02 | INFO | data_service | 📂 Logging initialized → /logs/data_service_20251015.log
2025-10-15 21:47:02 | INFO | data_service | 📂 Logging initialized → /logs/data_service_20251015.log
2025-10-15 21:48:08 | INFO | data_service | 📂 Logging initialized → /logs/data_service_20251015.log
2025-10-15 21:48:08 | INFO | data_service | 📂 Logging initialized → /logs/data_service_20251015.log
2025-10-15 21:48:08 | INFO | data_service | 📂 Logging initialized → /logs/data_service_20251015.log
2025-10-15 21:48:08 | INFO | data_service | 📂 Logging initialized → /logs/data_service_20251015.log
2025-10-15 21:49:16 | INFO | data_service | 📂 Logging initialized → /logs/data_service_20251015.log
2025-10-15 21:49:16 | INFO | data_service | 📂 Logging initialized → /logs/data_service_20251015.log
2025-10-15 21:49:16 | INFO | data_service | 📂 Logging initialized → /logs/data_service_20251015.log
2025-10-15 21:49:16 | INFO | data_service | 📂 Logging initialized → /logs/data_service_20251015.log
2025-10-15 21:50:22 | INFO | data_service | 📂 Logging initialized → /logs/data_service_20251015.log
2025-10-15 21:50:22 | INFO | data_service | 📂 Logging initialized → /logs/data_service_20251015.log
2025-10-15 21:50:22 | INFO | data_service | 📂 Logging initialized → /logs/data_service_20251015.log
2025-10-15 21:50:22 | INFO | data_service | 📂 Logging initialized → /logs/data_service_20251015.log
2025-10-15 21:51:28 | INFO | data_service | 📂 Logging initialized → /logs/data_service_20251015.log
2025-10-15 21:51:28 | INFO | data_service | 📂 Logging initialized → /logs/data_service_20251015.log
2025-10-15 21:51:28 | INFO | data_service | 📂 Logging initialized → /logs/data_service_20251015.log
2025-10-15 21:51:28 | INFO | data_service | 📂 Logging initialized → /logs/data_service_20251015.log
2025-10-15 21:52:34 | INFO | data_service | 📂 Logging initialized → /logs/data_service_20251015.log
2025-10-15 21:52:34 | INFO | data_service | 📂 Logging initialized → /logs/data_service_20251015.log
2025-10-15 21:52:34 | INFO | data_service | 📂 Logging initialized → /logs/data_service_20251015.log
2025-10-15 21:52:34 | INFO | data_service | 📂 Logging initialized → /logs/data_service_20251015.log
2025-10-15 21:53:40 | INFO | data_service | 📂 Logging initialized → /logs/data_service_20251015.log
2025-10-15 21:53:40 | INFO | data_service | 📂 Logging initialized → /logs/data_service_20251015.log
2025-10-15 21:53:40 | INFO | data_service | 📂 Logging initialized → /logs/data_service_20251015.log
2025-10-15 21:53:40 | INFO | data_service | 📂 Logging initialized → /logs/data_service_20251015.log
2025-10-15 21:54:46 | INFO | data_service | 📂 Logging initialized → /logs/data_service_20251015.log
2025-10-15 21:54:46 | INFO | data_service | 📂 Logging initialized → /logs/data_service_20251015.log
2025-10-15 21:54:46 | INFO | data_service | 📂 Logging initialized → /logs/data_service_20251015.log
2025-10-15 21:54:46 | INFO | data_service | 📂 Logging initialized → /logs/data_service_20251015.log
2025-10-15 21:55:52 | INFO | data_service | 📂 Logging initialized → /logs/data_service_20251015.log
2025-10-15 21:55:52 | INFO | data_service | 📂 Logging initialized → /logs/data_service_20251015.log
2025-10-15 21:55:52 | INFO | data_service | 📂 Logging initialized → /logs/data_service_20251015.log
2025-10-15 21:55:52 | INFO | data_service | 📂 Logging initialized → /logs/data_service_20251015.log
2025-10-15 21:56:58 | INFO | data_service | 📂 Logging initialized → /logs/data_service_20251015.log
2025-10-15 21:56:58 | INFO | data_service | 📂 Logging initialized → /logs/data_service_20251015.log
2025-10-15 21:56:58 | INFO | data_service | 📂 Logging initialized → /logs/data_service_20251015.log
2025-10-15 21:56:58 | INFO | data_service | 📂 Logging initialized → /logs/data_service_20251015.log
2025-10-15 21:58:04 | INFO | data_service | 📂 Logging initialized → /logs/data_service_20251015.log
2025-10-15 21:58:04 | INFO | data_service | 📂 Logging initialized → /logs/data_service_20251015.log
2025-10-15 21:58:04 | INFO | data_service | 📂 Logging initialized → /logs/data_service_20251015.log
2025-10-15 21:58:04 | INFO | data_service | 📂 Logging initialized → /logs/data_service_20251015.log
2025-10-15 21:59:10 | INFO | data_service | 📂 Logging initialized → /logs/data_service_20251015.log
2025-10-15 21:59:10 | INFO | data_service | 📂 Logging initialized → /logs/data_service_20251015.log
2025-10-15 21:59:10 | INFO | data_service | 📂 Logging initialized → /logs/data_service_20251015.log
2025-10-15 21:59:11 | INFO | data_service | 📂 Logging initialized → /logs/data_service_20251015.log
2025-10-15 22:00:17 | INFO | data_service | 📂 Logging initialized → /logs/data_service_20251015.log
2025-10-15 22:00:17 | INFO | data_service | 📂 Logging initialized → /logs/data_service_20251015.log
2025-10-15 22:00:17 | INFO | data_service | 📂 Logging initialized → /logs/data_service_20251015.log
2025-10-15 22:00:17 | INFO | data_service | 📂 Logging initialized → /logs/data_service_20251015.log
2025-10-15 22:01:23 | INFO | data_service | 📂 Logging initialized → /logs/data_service_20251015.log
2025-10-15 22:01:23 | INFO | data_service | 📂 Logging initialized → /logs/data_service_20251015.log
2025-10-15 22:01:23 | INFO | data_service | 📂 Logging initialized → /logs/data_service_20251015.log
2025-10-15 22:01:23 | INFO | data_service | 📂 Logging initialized → /logs/data_service_20251015.log
2025-10-15 22:02:29 | INFO | data_service | 📂 Logging initialized → /logs/data_service_20251015.log
2025-10-15 22:02:29 | INFO | data_service | 📂 Logging initialized → /logs/data_service_20251015.log
2025-10-15 22:02:29 | INFO | data_service | 📂 Logging initialized → /logs/data_service_20251015.log
2025-10-15 22:02:29 | INFO | data_service | 📂 Logging initialized → /logs/data_service_20251015.log
2025-10-15 22:03:35 | INFO | data_service | 📂 Logging initialized → /logs/data_service_20251015.log
2025-10-15 22:03:35 | INFO | data_service | 📂 Logging initialized → /logs/data_service_20251015.log
2025-10-15 22:03:35 | INFO | data_service | 📂 Logging initialized → /logs/data_service_20251015.log
2025-10-15 22:03:35 | INFO | data_service | 📂 Logging initialized → /logs/data_service_20251015.log
2025-10-15 22:04:42 | INFO | data_service | 📂 Logging initialized → /logs/data_service_20251015.log
2025-10-15 22:04:42 | INFO | data_service | 📂 Logging initialized → /logs/data_service_20251015.log
2025-10-15 22:04:42 | INFO | data_service | 📂 Logging initialized → /logs/data_service_20251015.log
2025-10-15 22:04:42 | INFO | data_service | 📂 Logging initialized → /logs/data_service_20251015.log
2025-10-15 22:05:48 | INFO | data_service | 📂 Logging initialized → /logs/data_service_20251015.log
2025-10-15 22:05:48 | INFO | data_service | 📂 Logging initialized → /logs/data_service_20251015.log
2025-10-15 22:05:48 | INFO | data_service | 📂 Logging initialized → /logs/data_service_20251015.log
2025-10-15 22:05:48 | INFO | data_service | 📂 Logging initialized → /logs/data_service_20251015.log
2025-10-15 22:06:55 | INFO | data_service | 📂 Logging initialized → /logs/data_service_20251015.log
2025-10-15 22:06:55 | INFO | data_service | 📂 Logging initialized → /logs/data_service_20251015.log
2025-10-15 22:06:55 | INFO | data_service | 📂 Logging initialized → /logs/data_service_20251015.log
2025-10-15 22:06:55 | INFO | data_service | 📂 Logging initialized → /logs/data_service_20251015.log
2025-10-15 22:08:03 | INFO | data_service | 📂 Logging initialized → /logs/data_service_20251015.log
2025-10-15 22:08:03 | INFO | data_service | 📂 Logging initialized → /logs/data_service_20251015.log
2025-10-15 22:08:03 | INFO | data_service | 📂 Logging initialized → /logs/data_service_20251015.log
2025-10-15 22:08:03 | INFO | data_service | 📂 Logging initialized → /logs/data_service_20251015.log
2025-10-15 22:17:27 | INFO | data_service | 📂 Logging initialized → /logs/data_service_20251015.log
2025-10-15 22:17:27 | INFO | data_service | 📂 Logging initialized → /logs/data_service_20251015.log
2025-10-15 22:17:27 | INFO | data_service | 📂 Logging initialized → /logs/data_service_20251015.log
2025-10-15 22:17:27 | INFO | data_service | 📂 Logging initialized → /logs/data_service_20251015.log
2025-10-15 22:17:29 | INFO | data_service | 📂 Logging initialized → /logs/data_service_20251015.log
2025-10-15 22:17:29 | INFO | data_service | 📂 Logging initialized → /logs/data_service_20251015.log
2025-10-15 22:17:29 | INFO | data_service | 📂 Logging initialized → /logs/data_service_20251015.log
2025-10-15 22:17:29 | INFO | data_service | 📂 Logging initialized → /logs/data_service_20251015.log
2025-10-15 22:17:31 | INFO | data_service | 📂 Logging initialized → /logs/data_service_20251015.log
2025-10-15 22:17:31 | INFO | data_service | 📂 Logging initialized → /logs/data_service_20251015.log
2025-10-15 22:17:31 | INFO | data_service | 📂 Logging initialized → /logs/data_service_20251015.log
2025-10-15 22:17:31 | INFO | data_service | 📂 Logging initialized → /logs/data_service_20251015.log
2025-10-15 22:17:33 | INFO | data_service | 📂 Logging initialized → /logs/data_service_20251015.log
2025-10-15 22:17:33 | INFO | data_service | 📂 Logging initialized → /logs/data_service_20251015.log
2025-10-15 22:17:33 | INFO | data_service | 📂 Logging initialized → /logs/data_service_20251015.log
2025-10-15 22:17:33 | INFO | data_service | 📂 Logging initialized → /logs/data_service_20251015.log
2025-10-15 22:17:35 | INFO | data_service | 📂 Logging initialized → /logs/data_service_20251015.log
2025-10-15 22:17:35 | INFO | data_service | 📂 Logging initialized → /logs/data_service_20251015.log
2025-10-15 22:17:35 | INFO | data_service | 📂 Logging initialized → /logs/data_service_20251015.log
2025-10-15 22:17:35 | INFO | data_service | 📂 Logging initialized → /logs/data_service_20251015.log
2025-10-15 22:17:39 | INFO | data_service | 📂 Logging initialized → /logs/data_service_20251015.log
2025-10-15 22:17:39 | INFO | data_service | 📂 Logging initialized → /logs/data_service_20251015.log
2025-10-15 22:17:39 | INFO | data_service | 📂 Logging initialized → /logs/data_service_20251015.log
2025-10-15 22:17:39 | INFO | data_service | 📂 Logging initialized → /logs/data_service_20251015.log
2025-10-15 22:17:45 | INFO | data_service | 📂 Logging initialized → /logs/data_service_20251015.log
2025-10-15 22:17:45 | INFO | data_service | 📂 Logging initialized → /logs/data_service_20251015.log
2025-10-15 22:17:46 | INFO | data_service | 📂 Logging initialized → /logs/data_service_20251015.log
2025-10-15 22:17:46 | INFO | data_service | 📂 Logging initialized → /logs/data_service_20251015.log
2025-10-15 22:17:54 | INFO | data_service | 📂 Logging initialized → /logs/data_service_20251015.log
2025-10-15 22:17:54 | INFO | data_service | 📂 Logging initialized → /logs/data_service_20251015.log
2025-10-15 22:17:54 | INFO | data_service | 📂 Logging initialized → /logs/data_service_20251015.log
2025-10-15 22:17:54 | INFO | data_service | 📂 Logging initialized → /logs/data_service_20251015.log
2025-10-15 22:18:08 | INFO | data_service | 📂 Logging initialized → /logs/data_service_20251015.log
2025-10-15 22:18:08 | INFO | data_service | 📂 Logging initialized → /logs/data_service_20251015.log
2025-10-15 22:18:08 | INFO | data_service | 📂 Logging initialized → /logs/data_service_20251015.log
2025-10-15 22:18:08 | INFO | data_service | 📂 Logging initialized → /logs/data_service_20251015.log
2025-10-15 22:18:39 | INFO | data_service | 📂 Logging initialized → /logs/data_service_20251015.log
2025-10-15 22:18:39 | INFO | data_service | 📂 Logging initialized → /logs/data_service_20251015.log
2025-10-15 22:18:39 | INFO | data_service | 📂 Logging initialized → /logs/data_service_20251015.log
2025-10-15 22:18:40 | INFO | data_service | 📂 Logging initialized → /logs/data_service_20251015.log
2025-10-15 22:19:38 | INFO | data_service | 📂 Logging initialized → /logs/data_service_20251015.log
2025-10-15 22:19:38 | INFO | data_service | 📂 Logging initialized → /logs/data_service_20251015.log
2025-10-15 22:19:38 | INFO | data_service | 📂 Logging initialized → /logs/data_service_20251015.log
2025-10-15 22:19:38 | INFO | data_service | 📂 Logging initialized → /logs/data_service_20251015.log
2025-10-15 22:20:45 | INFO | data_service | 📂 Logging initialized → /logs/data_service_20251015.log
2025-10-15 22:20:45 | INFO | data_service | 📂 Logging initialized → /logs/data_service_20251015.log
2025-10-15 22:20:45 | INFO | data_service | 📂 Logging initialized → /logs/data_service_20251015.log
2025-10-15 22:20:45 | INFO | data_service | 📂 Logging initialized → /logs/data_service_20251015.log
2025-10-15 22:21:50 | INFO | data_service | 📂 Logging initialized → /logs/data_service_20251015.log
2025-10-15 22:21:50 | INFO | data_service | 📂 Logging initialized → /logs/data_service_20251015.log
2025-10-15 22:21:50 | INFO | data_service | 📂 Logging initialized → /logs/data_service_20251015.log
2025-10-15 22:21:50 | INFO | data_service | 📂 Logging initialized → /logs/data_service_20251015.log
2025-10-15 22:21:55 | INFO | data_service | 📂 Logging initialized → /logs/data_service_20251015.log
2025-10-15 22:21:55 | INFO | data_service | 📂 Logging initialized → /logs/data_service_20251015.log
2025-10-15 22:21:55 | INFO | data_service | 📂 Logging initialized → /logs/data_service_20251015.log
2025-10-15 22:21:55 | INFO | data_service | 📂 Logging initialized → /logs/data_service_20251015.log
2025-10-15 22:21:57 | INFO | data_service | 📂 Logging initialized → /logs/data_service_20251015.log
2025-10-15 22:21:57 | INFO | data_service | 📂 Logging initialized → /logs/data_service_20251015.log
2025-10-15 22:21:57 | INFO | data_service | 📂 Logging initialized → /logs/data_service_20251015.log
2025-10-15 22:21:58 | INFO | data_service | 📂 Logging initialized → /logs/data_service_20251015.log
2025-10-15 22:22:02 | INFO | data_service | 📂 Logging initialized → /logs/data_service_20251015.log
2025-10-15 22:22:02 | INFO | data_service | 📂 Logging initialized → /logs/data_service_20251015.log
2025-10-15 22:22:02 | INFO | data_service | 📂 Logging initialized → /logs/data_service_20251015.log
2025-10-15 22:22:02 | INFO | data_service | 📂 Logging initialized → /logs/data_service_20251015.log
2025-10-15 22:22:04 | INFO | data_service | 📂 Logging initialized → /logs/data_service_20251015.log
2025-10-15 22:22:04 | INFO | data_service | 📂 Logging initialized → /logs/data_service_20251015.log
2025-10-15 22:22:04 | INFO | data_service | 📂 Logging initialized → /logs/data_service_20251015.log
2025-10-15 22:22:04 | INFO | data_service | 📂 Logging initialized → /logs/data_service_20251015.log
2025-10-15 22:22:06 | INFO | data_service | 📂 Logging initialized → /logs/data_service_20251015.log
2025-10-15 22:22:06 | INFO | data_service | 📂 Logging initialized → /logs/data_service_20251015.log
2025-10-15 22:22:06 | INFO | data_service | 📂 Logging initialized → /logs/data_service_20251015.log
2025-10-15 22:22:06 | INFO | data_service | 📂 Logging initialized → /logs/data_service_20251015.log
2025-10-15 22:22:09 | INFO | data_service | 📂 Logging initialized → /logs/data_service_20251015.log
2025-10-15 22:22:09 | INFO | data_service | 📂 Logging initialized → /logs/data_service_20251015.log
2025-10-15 22:22:09 | INFO | data_service | 📂 Logging initialized → /logs/data_service_20251015.log
2025-10-15 22:22:10 | INFO | data_service | 📂 Logging initialized → /logs/data_service_20251015.log
2025-10-15 22:22:14 | INFO | data_service | 📂 Logging initialized → /logs/data_service_20251015.log
2025-10-15 22:22:14 | INFO | data_service | 📂 Logging initialized → /logs/data_service_20251015.log
2025-10-15 22:22:14 | INFO | data_service | 📂 Logging initialized → /logs/data_service_20251015.log
2025-10-15 22:22:14 | INFO | data_service | 📂 Logging initialized → /logs/data_service_20251015.log
2025-10-15 22:22:22 | INFO | data_service | 📂 Logging initialized → /logs/data_service_20251015.log
2025-10-15 22:22:22 | INFO | data_service | 📂 Logging initialized → /logs/data_service_20251015.log
2025-10-15 22:22:22 | INFO | data_service | 📂 Logging initialized → /logs/data_service_20251015.log
2025-10-15 22:22:23 | INFO | data_service | 📂 Logging initialized → /logs/data_service_20251015.log
2025-10-15 22:22:39 | INFO | data_service | 📂 Logging initialized → /logs/data_service_20251015.log
2025-10-15 22:22:39 | INFO | data_service | 📂 Logging initialized → /logs/data_service_20251015.log
2025-10-15 22:22:39 | INFO | data_service | 📂 Logging initialized → /logs/data_service_20251015.log
2025-10-15 22:22:39 | INFO | data_service | 📂 Logging initialized → /logs/data_service_20251015.log
2025-10-15 22:23:09 | INFO | data_service | 📂 Logging initialized → /logs/data_service_20251015.log
2025-10-15 22:23:09 | INFO | data_service | 📂 Logging initialized → /logs/data_service_20251015.log
2025-10-15 22:23:09 | INFO | data_service | 📂 Logging initialized → /logs/data_service_20251015.log
2025-10-15 22:23:09 | INFO | data_service | 📂 Logging initialized → /logs/data_service_20251015.log
2025-10-15 22:24:04 | INFO | data_service | 📂 Logging initialized → /logs/data_service_20251015.log
2025-10-15 22:24:04 | INFO | data_service | 📂 Logging initialized → /logs/data_service_20251015.log
2025-10-15 22:24:04 | INFO | data_service | 📂 Logging initialized → /logs/data_service_20251015.log
2025-10-15 22:24:04 | INFO | data_service | 📂 Logging initialized → /logs/data_service_20251015.log
2025-10-15 22:25:12 | INFO | data_service | 📂 Logging initialized → /logs/data_service_20251015.log
2025-10-15 22:25:12 | INFO | data_service | 📂 Logging initialized → /logs/data_service_20251015.log
2025-10-15 22:25:12 | INFO | data_service | 📂 Logging initialized → /logs/data_service_20251015.log
2025-10-15 22:25:12 | INFO | data_service | 📂 Logging initialized → /logs/data_service_20251015.log
2025-10-15 22:26:20 | INFO | data_service | 📂 Logging initialized → /logs/data_service_20251015.log
2025-10-15 22:26:20 | INFO | data_service | 📂 Logging initialized → /logs/data_service_20251015.log
2025-10-15 22:26:20 | INFO | data_service | 📂 Logging initialized → /logs/data_service_20251015.log
2025-10-15 22:26:20 | INFO | data_service | 📂 Logging initialized → /logs/data_service_20251015.log
2025-10-15 22:26:31 | INFO | data_service | 📂 Logging initialized → /logs/data_service_20251015.log
2025-10-15 22:26:31 | INFO | data_service | 📂 Logging initialized → /logs/data_service_20251015.log
2025-10-15 22:26:31 | INFO | data_service | 📂 Logging initialized → /logs/data_service_20251015.log
2025-10-15 22:26:31 | INFO | data_service | 📂 Logging initialized → /logs/data_service_20251015.log
2025-10-15 22:26:32 | INFO | data_service | 📂 Logging initialized → /logs/data_service_20251015.log
2025-10-15 22:26:32 | INFO | data_service | 📂 Logging initialized → /logs/data_service_20251015.log
2025-10-15 22:26:32 | INFO | data_service | 📂 Logging initialized → /logs/data_service_20251015.log
2025-10-15 22:26:33 | INFO | data_service | 📂 Logging initialized → /logs/data_service_20251015.log
2025-10-15 22:26:34 | INFO | data_service | 📂 Logging initialized → /logs/data_service_20251015.log
2025-10-15 22:26:34 | INFO | data_service | 📂 Logging initialized → /logs/data_service_20251015.log
2025-10-15 22:26:34 | INFO | data_service | 📂 Logging initialized → /logs/data_service_20251015.log
2025-10-15 22:26:34 | INFO | data_service | 📂 Logging initialized → /logs/data_service_20251015.log
2025-10-15 22:26:36 | INFO | data_service | 📂 Logging initialized → /logs/data_service_20251015.log
2025-10-15 22:26:36 | INFO | data_service | 📂 Logging initialized → /logs/data_service_20251015.log
2025-10-15 22:26:36 | INFO | data_service | 📂 Logging initialized → /logs/data_service_20251015.log
2025-10-15 22:26:36 | INFO | data_service | 📂 Logging initialized → /logs/data_service_20251015.log
2025-10-15 22:26:39 | INFO | data_service | 📂 Logging initialized → /logs/data_service_20251015.log
2025-10-15 22:26:39 | INFO | data_service | 📂 Logging initialized → /logs/data_service_20251015.log
2025-10-15 22:26:39 | INFO | data_service | 📂 Logging initialized → /logs/data_service_20251015.log
2025-10-15 22:26:39 | INFO | data_service | 📂 Logging initialized → /logs/data_service_20251015.log
2025-10-15 22:26:42 | INFO | data_service | 📂 Logging initialized → /logs/data_service_20251015.log
2025-10-15 22:26:42 | INFO | data_service | 📂 Logging initialized → /logs/data_service_20251015.log
2025-10-15 22:26:42 | INFO | data_service | 📂 Logging initialized → /logs/data_service_20251015.log
2025-10-15 22:26:42 | INFO | data_service | 📂 Logging initialized → /logs/data_service_20251015.log
2025-10-15 22:26:47 | INFO | data_service | 📂 Logging initialized → /logs/data_service_20251015.log
2025-10-15 22:26:47 | INFO | data_service | 📂 Logging initialized → /logs/data_service_20251015.log
2025-10-15 22:26:47 | INFO | data_service | 📂 Logging initialized → /logs/data_service_20251015.log
2025-10-15 22:26:47 | INFO | data_service | 📂 Logging initialized → /logs/data_service_20251015.log
2025-10-15 22:26:58 | INFO | data_service | 📂 Logging initialized → /logs/data_service_20251015.log
2025-10-15 22:26:58 | INFO | data_service | 📂 Logging initialized → /logs/data_service_20251015.log
2025-10-15 22:26:58 | INFO | data_service | 📂 Logging initialized → /logs/data_service_20251015.log
2025-10-15 22:26:58 | INFO | data_service | 📂 Logging initialized → /logs/data_service_20251015.log
2025-10-15 22:27:12 | INFO | data_service | 📂 Logging initialized → /logs/data_service_20251015.log
2025-10-15 22:27:12 | INFO | data_service | 📂 Logging initialized → /logs/data_service_20251015.log
2025-10-15 22:27:12 | INFO | data_service | 📂 Logging initialized → /logs/data_service_20251015.log
2025-10-15 22:27:12 | INFO | data_service | 📂 Logging initialized → /logs/data_service_20251015.log
2025-10-15 22:27:42 | INFO | data_service | 📂 Logging initialized → /logs/data_service_20251015.log
2025-10-15 22:27:42 | INFO | data_service | 📂 Logging initialized → /logs/data_service_20251015.log
2025-10-15 22:27:42 | INFO | data_service | 📂 Logging initialized → /logs/data_service_20251015.log
2025-10-15 22:27:42 | INFO | data_service | 📂 Logging initialized → /logs/data_service_20251015.log
2025-10-15 22:28:39 | INFO | data_service | 📂 Logging initialized → /logs/data_service_20251015.log
2025-10-15 22:28:39 | INFO | data_service | 📂 Logging initialized → /logs/data_service_20251015.log
2025-10-15 22:28:39 | INFO | data_service | 📂 Logging initialized → /logs/data_service_20251015.log
2025-10-15 22:28:39 | INFO | data_service | 📂 Logging initialized → /logs/data_service_20251015.log
2025-10-15 22:29:45 | INFO | data_service | 📂 Logging initialized → /logs/data_service_20251015.log
2025-10-15 22:29:45 | INFO | data_service | 📂 Logging initialized → /logs/data_service_20251015.log
2025-10-15 22:29:45 | INFO | data_service | 📂 Logging initialized → /logs/data_service_20251015.log
2025-10-15 22:29:46 | INFO | data_service | 📂 Logging initialized → /logs/data_service_20251015.log
2025-10-15 22:30:53 | INFO | data_service | 📂 Logging initialized → /logs/data_service_20251015.log
2025-10-15 22:30:53 | INFO | data_service | 📂 Logging initialized → /logs/data_service_20251015.log
2025-10-15 22:30:53 | INFO | data_service | 📂 Logging initialized → /logs/data_service_20251015.log
2025-10-15 22:30:53 | INFO | data_service | 📂 Logging initialized → /logs/data_service_20251015.log
2025-10-15 22:31:59 | INFO | data_service | 📂 Logging initialized → /logs/data_service_20251015.log
2025-10-15 22:31:59 | INFO | data_service | 📂 Logging initialized → /logs/data_service_20251015.log
2025-10-15 22:31:59 | INFO | data_service | 📂 Logging initialized → /logs/data_service_20251015.log
2025-10-15 22:31:59 | INFO | data_service | 📂 Logging initialized → /logs/data_service_20251015.log
2025-10-15 22:33:06 | INFO | data_service | 📂 Logging initialized → /logs/data_service_20251015.log
2025-10-15 22:33:06 | INFO | data_service | 📂 Logging initialized → /logs/data_service_20251015.log
2025-10-15 22:33:06 | INFO | data_service | 📂 Logging initialized → /logs/data_service_20251015.log
2025-10-15 22:33:06 | INFO | data_service | 📂 Logging initialized → /logs/data_service_20251015.log
2025-10-15 22:34:13 | INFO | data_service | 📂 Logging initialized → /logs/data_service_20251015.log
2025-10-15 22:34:13 | INFO | data_service | 📂 Logging initialized → /logs/data_service_20251015.log
2025-10-15 22:34:13 | INFO | data_service | 📂 Logging initialized → /logs/data_service_20251015.log
2025-10-15 22:34:13 | INFO | data_service | 📂 Logging initialized → /logs/data_service_20251015.log
2025-10-15 22:35:22 | INFO | data_service | 📂 Logging initialized → /logs/data_service_20251015.log
2025-10-15 22:35:22 | INFO | data_service | 📂 Logging initialized → /logs/data_service_20251015.log
2025-10-15 22:35:22 | INFO | data_service | 📂 Logging initialized → /logs/data_service_20251015.log
2025-10-15 22:35:22 | INFO | data_service | 📂 Logging initialized → /logs/data_service_20251015.log
2025-10-15 22:35:25 | INFO | data_service | 📂 Logging initialized → /logs/data_service_20251015.log
2025-10-15 22:35:25 | INFO | data_service | 📂 Logging initialized → /logs/data_service_20251015.log
2025-10-15 22:35:25 | INFO | data_service | 📂 Logging initialized → /logs/data_service_20251015.log
2025-10-15 22:35:25 | INFO | data_service | 📂 Logging initialized → /logs/data_service_20251015.log
2025-10-15 22:35:29 | INFO | data_service | 📂 Logging initialized → /logs/data_service_20251015.log
2025-10-15 22:35:29 | INFO | data_service | 📂 Logging initialized → /logs/data_service_20251015.log
2025-10-15 22:35:29 | INFO | data_service | 📂 Logging initialized → /logs/data_service_20251015.log
2025-10-15 22:35:29 | INFO | data_service | 📂 Logging initialized → /logs/data_service_20251015.log
2025-10-15 22:35:31 | INFO | data_service | 📂 Logging initialized → /logs/data_service_20251015.log
2025-10-15 22:35:31 | INFO | data_service | 📂 Logging initialized → /logs/data_service_20251015.log
2025-10-15 22:35:31 | INFO | data_service | 📂 Logging initialized → /logs/data_service_20251015.log
2025-10-15 22:35:31 | INFO | data_service | 📂 Logging initialized → /logs/data_service_20251015.log
2025-10-15 22:35:34 | INFO | data_service | 📂 Logging initialized → /logs/data_service_20251015.log
2025-10-15 22:35:34 | INFO | data_service | 📂 Logging initialized → /logs/data_service_20251015.log
2025-10-15 22:35:34 | INFO | data_service | 📂 Logging initialized → /logs/data_service_20251015.log
2025-10-15 22:35:34 | INFO | data_service | 📂 Logging initialized → /logs/data_service_20251015.log
2025-10-15 22:35:37 | INFO | data_service | 📂 Logging initialized → /logs/data_service_20251015.log
2025-10-15 22:35:37 | INFO | data_service | 📂 Logging initialized → /logs/data_service_20251015.log
2025-10-15 22:35:37 | INFO | data_service | 📂 Logging initialized → /logs/data_service_20251015.log
2025-10-15 22:35:37 | INFO | data_service | 📂 Logging initialized → /logs/data_service_20251015.log
2025-10-15 22:35:42 | INFO | data_service | 📂 Logging initialized → /logs/data_service_20251015.log
2025-10-15 22:35:42 | INFO | data_service | 📂 Logging initialized → /logs/data_service_20251015.log
2025-10-15 22:35:42 | INFO | data_service | 📂 Logging initialized → /logs/data_service_20251015.log
2025-10-15 22:35:42 | INFO | data_service | 📂 Logging initialized → /logs/data_service_20251015.log
2025-10-15 22:35:50 | INFO | data_service | 📂 Logging initialized → /logs/data_service_20251015.log
2025-10-15 22:35:50 | INFO | data_service | 📂 Logging initialized → /logs/data_service_20251015.log
2025-10-15 22:35:50 | INFO | data_service | 📂 Logging initialized → /logs/data_service_20251015.log
2025-10-15 22:35:50 | INFO | data_service | 📂 Logging initialized → /logs/data_service_20251015.log
2025-10-15 22:36:05 | INFO | data_service | 📂 Logging initialized → /logs/data_service_20251015.log
2025-10-15 22:36:05 | INFO | data_service | 📂 Logging initialized → /logs/data_service_20251015.log
2025-10-15 22:36:05 | INFO | data_service | 📂 Logging initialized → /logs/data_service_20251015.log
2025-10-15 22:36:05 | INFO | data_service | 📂 Logging initialized → /logs/data_service_20251015.log
2025-10-15 22:36:36 | INFO | data_service | 📂 Logging initialized → /logs/data_service_20251015.log
2025-10-15 22:36:36 | INFO | data_service | 📂 Logging initialized → /logs/data_service_20251015.log
2025-10-15 22:36:36 | INFO | data_service | 📂 Logging initialized → /logs/data_service_20251015.log
2025-10-15 22:36:36 | INFO | data_service | 📂 Logging initialized → /logs/data_service_20251015.log
2025-10-15 22:37:32 | INFO | data_service | 📂 Logging initialized → /logs/data_service_20251015.log
2025-10-15 22:37:32 | INFO | data_service | 📂 Logging initialized → /logs/data_service_20251015.log
2025-10-15 22:37:32 | INFO | data_service | 📂 Logging initialized → /logs/data_service_20251015.log
2025-10-15 22:37:32 | INFO | data_service | 📂 Logging initialized → /logs/data_service_20251015.log
2025-10-15 22:38:40 | INFO | data_service | 📂 Logging initialized → /logs/data_service_20251015.log
2025-10-15 22:38:40 | INFO | data_service | 📂 Logging initialized → /logs/data_service_20251015.log
2025-10-15 22:38:40 | INFO | data_service | 📂 Logging initialized → /logs/data_service_20251015.log
2025-10-15 22:38:40 | INFO | data_service | 📂 Logging initialized → /logs/data_service_20251015.log
2025-10-15 22:39:49 | INFO | data_service | 📂 Logging initialized → /logs/data_service_20251015.log
2025-10-15 22:39:49 | INFO | data_service | 📂 Logging initialized → /logs/data_service_20251015.log
2025-10-15 22:39:49 | INFO | data_service | 📂 Logging initialized → /logs/data_service_20251015.log
2025-10-15 22:39:49 | INFO | data_service | 📂 Logging initialized → /logs/data_service_20251015.log
2025-10-15 22:40:55 | INFO | data_service | 📂 Logging initialized → /logs/data_service_20251015.log
2025-10-15 22:40:55 | INFO | data_service | 📂 Logging initialized → /logs/data_service_20251015.log
2025-10-15 22:40:55 | INFO | data_service | 📂 Logging initialized → /logs/data_service_20251015.log
2025-10-15 22:40:56 | INFO | data_service | 📂 Logging initialized → /logs/data_service_20251015.log
2025-10-15 22:41:02 | INFO | data_service | 📂 Logging initialized → /logs/data_service_20251015.log
2025-10-15 22:41:02 | INFO | data_service | 📂 Logging initialized → /logs/data_service_20251015.log
2025-10-15 22:41:02 | INFO | data_service | 📂 Logging initialized → /logs/data_service_20251015.log
2025-10-15 22:41:02 | INFO | data_service | 📂 Logging initialized → /logs/data_service_20251015.log
2025-10-15 22:41:04 | INFO | data_service | 📂 Logging initialized → /logs/data_service_20251015.log
2025-10-15 22:41:04 | INFO | data_service | 📂 Logging initialized → /logs/data_service_20251015.log
2025-10-15 22:41:04 | INFO | data_service | 📂 Logging initialized → /logs/data_service_20251015.log
2025-10-15 22:41:04 | INFO | data_service | 📂 Logging initialized → /logs/data_service_20251015.log
2025-10-15 22:41:06 | INFO | data_service | 📂 Logging initialized → /logs/data_service_20251015.log
2025-10-15 22:41:06 | INFO | data_service | 📂 Logging initialized → /logs/data_service_20251015.log
2025-10-15 22:41:06 | INFO | data_service | 📂 Logging initialized → /logs/data_service_20251015.log
2025-10-15 22:41:06 | INFO | data_service | 📂 Logging initialized → /logs/data_service_20251015.log
2025-10-15 22:41:08 | INFO | data_service | 📂 Logging initialized → /logs/data_service_20251015.log
2025-10-15 22:41:08 | INFO | data_service | 📂 Logging initialized → /logs/data_service_20251015.log
2025-10-15 22:41:08 | INFO | data_service | 📂 Logging initialized → /logs/data_service_20251015.log
2025-10-15 22:41:08 | INFO | data_service | 📂 Logging initialized → /logs/data_service_20251015.log
2025-10-15 22:41:10 | INFO | data_service | 📂 Logging initialized → /logs/data_service_20251015.log
2025-10-15 22:41:10 | INFO | data_service | 📂 Logging initialized → /logs/data_service_20251015.log
2025-10-15 22:41:10 | INFO | data_service | 📂 Logging initialized → /logs/data_service_20251015.log
2025-10-15 22:41:11 | INFO | data_service | 📂 Logging initialized → /logs/data_service_20251015.log
2025-10-15 22:41:14 | INFO | data_service | 📂 Logging initialized → /logs/data_service_20251015.log
2025-10-15 22:41:14 | INFO | data_service | 📂 Logging initialized → /logs/data_service_20251015.log
2025-10-15 22:41:14 | INFO | data_service | 📂 Logging initialized → /logs/data_service_20251015.log
2025-10-15 22:41:14 | INFO | data_service | 📂 Logging initialized → /logs/data_service_20251015.log
2025-10-15 22:41:19 | INFO | data_service | 📂 Logging initialized → /logs/data_service_20251015.log
2025-10-15 22:41:19 | INFO | data_service | 📂 Logging initialized → /logs/data_service_20251015.log
2025-10-15 22:41:19 | INFO | data_service | 📂 Logging initialized → /logs/data_service_20251015.log
2025-10-15 22:41:19 | INFO | data_service | 📂 Logging initialized → /logs/data_service_20251015.log
2025-10-15 22:41:30 | INFO | data_service | 📂 Logging initialized → /logs/data_service_20251015.log
2025-10-15 22:41:30 | INFO | data_service | 📂 Logging initialized → /logs/data_service_20251015.log
2025-10-15 22:41:30 | INFO | data_service | 📂 Logging initialized → /logs/data_service_20251015.log
2025-10-15 22:41:30 | INFO | data_service | 📂 Logging initialized → /logs/data_service_20251015.log
2025-10-15 22:41:45 | INFO | data_service | 📂 Logging initialized → /logs/data_service_20251015.log
2025-10-15 22:41:45 | INFO | data_service | 📂 Logging initialized → /logs/data_service_20251015.log
2025-10-15 22:41:45 | INFO | data_service | 📂 Logging initialized → /logs/data_service_20251015.log
2025-10-15 22:41:45 | INFO | data_service | 📂 Logging initialized → /logs/data_service_20251015.log
2025-10-15 22:42:16 | INFO | data_service | 📂 Logging initialized → /logs/data_service_20251015.log
2025-10-15 22:42:16 | INFO | data_service | 📂 Logging initialized → /logs/data_service_20251015.log
2025-10-15 22:42:16 | INFO | data_service | 📂 Logging initialized → /logs/data_service_20251015.log
2025-10-15 22:42:16 | INFO | data_service | 📂 Logging initialized → /logs/data_service_20251015.log
2025-10-15 22:43:12 | INFO | data_service | 📂 Logging initialized → /logs/data_service_20251015.log
2025-10-15 22:43:12 | INFO | data_service | 📂 Logging initialized → /logs/data_service_20251015.log
2025-10-15 22:43:12 | INFO | data_service | 📂 Logging initialized → /logs/data_service_20251015.log
2025-10-15 22:43:12 | INFO | data_service | 📂 Logging initialized → /logs/data_service_20251015.log
2025-10-15 22:44:19 | INFO | data_service | 📂 Logging initialized → /logs/data_service_20251015.log
2025-10-15 22:44:19 | INFO | data_service | 📂 Logging initialized → /logs/data_service_20251015.log
2025-10-15 22:44:19 | INFO | data_service | 📂 Logging initialized → /logs/data_service_20251015.log
2025-10-15 22:44:19 | INFO | data_service | 📂 Logging initialized → /logs/data_service_20251015.log
2025-10-15 22:45:25 | INFO | data_service | 📂 Logging initialized → /logs/data_service_20251015.log
2025-10-15 22:45:25 | INFO | data_service | 📂 Logging initialized → /logs/data_service_20251015.log
2025-10-15 22:45:25 | INFO | data_service | 📂 Logging initialized → /logs/data_service_20251015.log
2025-10-15 22:45:25 | INFO | data_service | 📂 Logging initialized → /logs/data_service_20251015.log
2025-10-15 22:46:31 | INFO | data_service | 📂 Logging initialized → /logs/data_service_20251015.log
2025-10-15 22:46:31 | INFO | data_service | 📂 Logging initialized → /logs/data_service_20251015.log
2025-10-15 22:46:31 | INFO | data_service | 📂 Logging initialized → /logs/data_service_20251015.log
2025-10-15 22:46:31 | INFO | data_service | 📂 Logging initialized → /logs/data_service_20251015.log
2025-10-15 22:47:38 | INFO | data_service | 📂 Logging initialized → /logs/data_service_20251015.log
2025-10-15 22:47:38 | INFO | data_service | 📂 Logging initialized → /logs/data_service_20251015.log
2025-10-15 22:47:38 | INFO | data_service | 📂 Logging initialized → /logs/data_service_20251015.log
2025-10-15 22:47:38 | INFO | data_service | 📂 Logging initialized → /logs/data_service_20251015.log
2025-10-15 22:48:44 | INFO | data_service | 📂 Logging initialized → /logs/data_service_20251015.log
2025-10-15 22:48:44 | INFO | data_service | 📂 Logging initialized → /logs/data_service_20251015.log
2025-10-15 22:48:44 | INFO | data_service | 📂 Logging initialized → /logs/data_service_20251015.log
2025-10-15 22:48:45 | INFO | data_service | 📂 Logging initialized → /logs/data_service_20251015.log
2025-10-15 22:49:51 | INFO | data_service | 📂 Logging initialized → /logs/data_service_20251015.log
2025-10-15 22:49:51 | INFO | data_service | 📂 Logging initialized → /logs/data_service_20251015.log
2025-10-15 22:49:51 | INFO | data_service | 📂 Logging initialized → /logs/data_service_20251015.log
2025-10-15 22:49:51 | INFO | data_service | 📂 Logging initialized → /logs/data_service_20251015.log
2025-10-15 22:50:57 | INFO | data_service | 📂 Logging initialized → /logs/data_service_20251015.log
2025-10-15 22:50:57 | INFO | data_service | 📂 Logging initialized → /logs/data_service_20251015.log
2025-10-15 22:50:57 | INFO | data_service | 📂 Logging initialized → /logs/data_service_20251015.log
2025-10-15 22:50:57 | INFO | data_service | 📂 Logging initialized → /logs/data_service_20251015.log
2025-10-15 22:52:04 | INFO | data_service | 📂 Logging initialized → /logs/data_service_20251015.log
2025-10-15 22:52:04 | INFO | data_service | 📂 Logging initialized → /logs/data_service_20251015.log
2025-10-15 22:52:04 | INFO | data_service | 📂 Logging initialized → /logs/data_service_20251015.log
2025-10-15 22:52:04 | INFO | data_service | 📂 Logging initialized → /logs/data_service_20251015.log
2025-10-15 22:53:11 | INFO | data_service | 📂 Logging initialized → /logs/data_service_20251015.log
2025-10-15 22:53:11 | INFO | data_service | 📂 Logging initialized → /logs/data_service_20251015.log
2025-10-15 22:53:11 | INFO | data_service | 📂 Logging initialized → /logs/data_service_20251015.log
2025-10-15 22:53:11 | INFO | data_service | 📂 Logging initialized → /logs/data_service_20251015.log
2025-10-15 22:54:18 | INFO | data_service | 📂 Logging initialized → /logs/data_service_20251015.log
2025-10-15 22:54:18 | INFO | data_service | 📂 Logging initialized → /logs/data_service_20251015.log
2025-10-15 22:54:18 | INFO | data_service | 📂 Logging initialized → /logs/data_service_20251015.log
2025-10-15 22:54:18 | INFO | data_service | 📂 Logging initialized → /logs/data_service_20251015.log
2025-10-15 22:55:25 | INFO | data_service | 📂 Logging initialized → /logs/data_service_20251015.log
2025-10-15 22:55:25 | INFO | data_service | 📂 Logging initialized → /logs/data_service_20251015.log
2025-10-15 22:55:25 | INFO | data_service | 📂 Logging initialized → /logs/data_service_20251015.log
2025-10-15 22:55:25 | INFO | data_service | 📂 Logging initialized → /logs/data_service_20251015.log
2025-10-15 22:56:32 | INFO | data_service | 📂 Logging initialized → /logs/data_service_20251015.log
2025-10-15 22:56:32 | INFO | data_service | 📂 Logging initialized → /logs/data_service_20251015.log
2025-10-15 22:56:32 | INFO | data_service | 📂 Logging initialized → /logs/data_service_20251015.log
2025-10-15 22:56:32 | INFO | data_service | 📂 Logging initialized → /logs/data_service_20251015.log
2025-10-15 22:57:40 | INFO | data_service | 📂 Logging initialized → /logs/data_service_20251015.log
2025-10-15 22:57:40 | INFO | data_service | 📂 Logging initialized → /logs/data_service_20251015.log
2025-10-15 22:57:40 | INFO | data_service | 📂 Logging initialized → /logs/data_service_20251015.log
2025-10-15 22:57:40 | INFO | data_service | 📂 Logging initialized → /logs/data_service_20251015.log
2025-10-15 22:58:46 | INFO | data_service | 📂 Logging initialized → /logs/data_service_20251015.log
2025-10-15 22:58:46 | INFO | data_service | 📂 Logging initialized → /logs/data_service_20251015.log
2025-10-15 22:58:46 | INFO | data_service | 📂 Logging initialized → /logs/data_service_20251015.log
2025-10-15 22:58:46 | INFO | data_service | 📂 Logging initialized → /logs/data_service_20251015.log
2025-10-15 22:59:52 | INFO | data_service | 📂 Logging initialized → /logs/data_service_20251015.log
2025-10-15 22:59:52 | INFO | data_service | 📂 Logging initialized → /logs/data_service_20251015.log
2025-10-15 22:59:52 | INFO | data_service | 📂 Logging initialized → /logs/data_service_20251015.log
2025-10-15 22:59:53 | INFO | data_service | 📂 Logging initialized → /logs/data_service_20251015.log
2025-10-15 23:00:59 | INFO | data_service | 📂 Logging initialized → /logs/data_service_20251015.log
2025-10-15 23:00:59 | INFO | data_service | 📂 Logging initialized → /logs/data_service_20251015.log
2025-10-15 23:00:59 | INFO | data_service | 📂 Logging initialized → /logs/data_service_20251015.log
2025-10-15 23:00:59 | INFO | data_service | 📂 Logging initialized → /logs/data_service_20251015.log
2025-10-15 23:02:05 | INFO | data_service | 📂 Logging initialized → /logs/data_service_20251015.log
2025-10-15 23:02:05 | INFO | data_service | 📂 Logging initialized → /logs/data_service_20251015.log
2025-10-15 23:02:05 | INFO | data_service | 📂 Logging initialized → /logs/data_service_20251015.log
2025-10-15 23:02:05 | INFO | data_service | 📂 Logging initialized → /logs/data_service_20251015.log
2025-10-15 23:03:11 | INFO | data_service | 📂 Logging initialized → /logs/data_service_20251015.log
2025-10-15 23:03:11 | INFO | data_service | 📂 Logging initialized → /logs/data_service_20251015.log
2025-10-15 23:03:11 | INFO | data_service | 📂 Logging initialized → /logs/data_service_20251015.log
2025-10-15 23:03:11 | INFO | data_service | 📂 Logging initialized → /logs/data_service_20251015.log
2025-10-15 23:04:17 | INFO | data_service | 📂 Logging initialized → /logs/data_service_20251015.log
2025-10-15 23:04:17 | INFO | data_service | 📂 Logging initialized → /logs/data_service_20251015.log
2025-10-15 23:04:17 | INFO | data_service | 📂 Logging initialized → /logs/data_service_20251015.log
2025-10-15 23:04:17 | INFO | data_service | 📂 Logging initialized → /logs/data_service_20251015.log
2025-10-15 23:05:23 | INFO | data_service | 📂 Logging initialized → /logs/data_service_20251015.log
2025-10-15 23:05:23 | INFO | data_service | 📂 Logging initialized → /logs/data_service_20251015.log
2025-10-15 23:05:23 | INFO | data_service | 📂 Logging initialized → /logs/data_service_20251015.log
2025-10-15 23:05:23 | INFO | data_service | 📂 Logging initialized → /logs/data_service_20251015.log
2025-10-15 23:06:29 | INFO | data_service | 📂 Logging initialized → /logs/data_service_20251015.log
2025-10-15 23:06:29 | INFO | data_service | 📂 Logging initialized → /logs/data_service_20251015.log
2025-10-15 23:06:29 | INFO | data_service | 📂 Logging initialized → /logs/data_service_20251015.log
2025-10-15 23:06:29 | INFO | data_service | 📂 Logging initialized → /logs/data_service_20251015.log
2025-10-15 23:07:36 | INFO | data_service | 📂 Logging initialized → /logs/data_service_20251015.log
2025-10-15 23:07:36 | INFO | data_service | 📂 Logging initialized → /logs/data_service_20251015.log
2025-10-15 23:07:36 | INFO | data_service | 📂 Logging initialized → /logs/data_service_20251015.log
2025-10-15 23:07:36 | INFO | data_service | 📂 Logging initialized → /logs/data_service_20251015.log
2025-10-15 23:08:42 | INFO | data_service | 📂 Logging initialized → /logs/data_service_20251015.log
2025-10-15 23:08:42 | INFO | data_service | 📂 Logging initialized → /logs/data_service_20251015.log
2025-10-15 23:08:42 | INFO | data_service | 📂 Logging initialized → /logs/data_service_20251015.log
2025-10-15 23:08:42 | INFO | data_service | 📂 Logging initialized → /logs/data_service_20251015.log
2025-10-15 23:09:48 | INFO | data_service | 📂 Logging initialized → /logs/data_service_20251015.log
2025-10-15 23:09:48 | INFO | data_service | 📂 Logging initialized → /logs/data_service_20251015.log
2025-10-15 23:09:48 | INFO | data_service | 📂 Logging initialized → /logs/data_service_20251015.log
2025-10-15 23:09:48 | INFO | data_service | 📂 Logging initialized → /logs/data_service_20251015.log
2025-10-15 23:10:54 | INFO | data_service | 📂 Logging initialized → /logs/data_service_20251015.log
2025-10-15 23:10:54 | INFO | data_service | 📂 Logging initialized → /logs/data_service_20251015.log
2025-10-15 23:10:54 | INFO | data_service | 📂 Logging initialized → /logs/data_service_20251015.log
2025-10-15 23:10:54 | INFO | data_service | 📂 Logging initialized → /logs/data_service_20251015.log
2025-10-15 23:12:00 | INFO | data_service | 📂 Logging initialized → /logs/data_service_20251015.log
2025-10-15 23:12:00 | INFO | data_service | 📂 Logging initialized → /logs/data_service_20251015.log
2025-10-15 23:12:00 | INFO | data_service | 📂 Logging initialized → /logs/data_service_20251015.log
2025-10-15 23:12:00 | INFO | data_service | 📂 Logging initialized → /logs/data_service_20251015.log
2025-10-15 23:13:05 | INFO | data_service | 📂 Logging initialized → /logs/data_service_20251015.log
2025-10-15 23:13:05 | INFO | data_service | 📂 Logging initialized → /logs/data_service_20251015.log
2025-10-15 23:13:05 | INFO | data_service | 📂 Logging initialized → /logs/data_service_20251015.log
2025-10-15 23:13:05 | INFO | data_service | 📂 Logging initialized → /logs/data_service_20251015.log
2025-10-15 23:14:12 | INFO | data_service | 📂 Logging initialized → /logs/data_service_20251015.log
2025-10-15 23:14:12 | INFO | data_service | 📂 Logging initialized → /logs/data_service_20251015.log
2025-10-15 23:14:12 | INFO | data_service | 📂 Logging initialized → /logs/data_service_20251015.log
2025-10-15 23:14:12 | INFO | data_service | 📂 Logging initialized → /logs/data_service_20251015.log
2025-10-15 23:15:18 | INFO | data_service | 📂 Logging initialized → /logs/data_service_20251015.log
2025-10-15 23:15:18 | INFO | data_service | 📂 Logging initialized → /logs/data_service_20251015.log
2025-10-15 23:15:18 | INFO | data_service | 📂 Logging initialized → /logs/data_service_20251015.log
2025-10-15 23:15:18 | INFO | data_service | 📂 Logging initialized → /logs/data_service_20251015.log
2025-10-15 23:16:27 | INFO | data_service | 📂 Logging initialized → /logs/data_service_20251015.log
2025-10-15 23:16:27 | INFO | data_service | 📂 Logging initialized → /logs/data_service_20251015.log
2025-10-15 23:16:27 | INFO | data_service | 📂 Logging initialized → /logs/data_service_20251015.log
2025-10-15 23:16:27 | INFO | data_service | 📂 Logging initialized → /logs/data_service_20251015.log
2025-10-15 23:17:32 | INFO | data_service | 📂 Logging initialized → /logs/data_service_20251015.log
2025-10-15 23:17:32 | INFO | data_service | 📂 Logging initialized → /logs/data_service_20251015.log
2025-10-15 23:17:32 | INFO | data_service | 📂 Logging initialized → /logs/data_service_20251015.log
2025-10-15 23:17:32 | INFO | data_service | 📂 Logging initialized → /logs/data_service_20251015.log
2025-10-15 23:18:39 | INFO | data_service | 📂 Logging initialized → /logs/data_service_20251015.log
2025-10-15 23:18:39 | INFO | data_service | 📂 Logging initialized → /logs/data_service_20251015.log
2025-10-15 23:18:39 | INFO | data_service | 📂 Logging initialized → /logs/data_service_20251015.log
2025-10-15 23:18:39 | INFO | data_service | 📂 Logging initialized → /logs/data_service_20251015.log
2025-10-15 23:19:45 | INFO | data_service | 📂 Logging initialized → /logs/data_service_20251015.log
2025-10-15 23:19:45 | INFO | data_service | 📂 Logging initialized → /logs/data_service_20251015.log
2025-10-15 23:19:45 | INFO | data_service | 📂 Logging initialized → /logs/data_service_20251015.log
2025-10-15 23:19:45 | INFO | data_service | 📂 Logging initialized → /logs/data_service_20251015.log
2025-10-15 23:20:51 | INFO | data_service | 📂 Logging initialized → /logs/data_service_20251015.log
2025-10-15 23:20:51 | INFO | data_service | 📂 Logging initialized → /logs/data_service_20251015.log
2025-10-15 23:20:51 | INFO | data_service | 📂 Logging initialized → /logs/data_service_20251015.log
2025-10-15 23:20:51 | INFO | data_service | 📂 Logging initialized → /logs/data_service_20251015.log
2025-10-15 23:21:58 | INFO | data_service | 📂 Logging initialized → /logs/data_service_20251015.log
2025-10-15 23:21:58 | INFO | data_service | 📂 Logging initialized → /logs/data_service_20251015.log
2025-10-15 23:21:58 | INFO | data_service | 📂 Logging initialized → /logs/data_service_20251015.log
2025-10-15 23:21:58 | INFO | data_service | 📂 Logging initialized → /logs/data_service_20251015.log
2025-10-15 23:23:04 | INFO | data_service | 📂 Logging initialized → /logs/data_service_20251015.log
2025-10-15 23:23:04 | INFO | data_service | 📂 Logging initialized → /logs/data_service_20251015.log
2025-10-15 23:23:04 | INFO | data_service | 📂 Logging initialized → /logs/data_service_20251015.log
2025-10-15 23:23:04 | INFO | data_service | 📂 Logging initialized → /logs/data_service_20251015.log
2025-10-15 23:24:10 | INFO | data_service | 📂 Logging initialized → /logs/data_service_20251015.log
2025-10-15 23:24:10 | INFO | data_service | 📂 Logging initialized → /logs/data_service_20251015.log
2025-10-15 23:24:10 | INFO | data_service | 📂 Logging initialized → /logs/data_service_20251015.log
2025-10-15 23:24:10 | INFO | data_service | 📂 Logging initialized → /logs/data_service_20251015.log
2025-10-15 23:25:16 | INFO | data_service | 📂 Logging initialized → /logs/data_service_20251015.log
2025-10-15 23:25:16 | INFO | data_service | 📂 Logging initialized → /logs/data_service_20251015.log
2025-10-15 23:25:16 | INFO | data_service | 📂 Logging initialized → /logs/data_service_20251015.log
2025-10-15 23:25:16 | INFO | data_service | 📂 Logging initialized → /logs/data_service_20251015.log
2025-10-15 23:26:22 | INFO | data_service | 📂 Logging initialized → /logs/data_service_20251015.log
2025-10-15 23:26:22 | INFO | data_service | 📂 Logging initialized → /logs/data_service_20251015.log
2025-10-15 23:26:22 | INFO | data_service | 📂 Logging initialized → /logs/data_service_20251015.log
2025-10-15 23:26:22 | INFO | data_service | 📂 Logging initialized → /logs/data_service_20251015.log
2025-10-15 23:27:28 | INFO | data_service | 📂 Logging initialized → /logs/data_service_20251015.log
2025-10-15 23:27:28 | INFO | data_service | 📂 Logging initialized → /logs/data_service_20251015.log
2025-10-15 23:27:28 | INFO | data_service | 📂 Logging initialized → /logs/data_service_20251015.log
2025-10-15 23:27:28 | INFO | data_service | 📂 Logging initialized → /logs/data_service_20251015.log
2025-10-15 23:28:35 | INFO | data_service | 📂 Logging initialized → /logs/data_service_20251015.log
2025-10-15 23:28:35 | INFO | data_service | 📂 Logging initialized → /logs/data_service_20251015.log
2025-10-15 23:28:35 | INFO | data_service | 📂 Logging initialized → /logs/data_service_20251015.log
2025-10-15 23:28:35 | INFO | data_service | 📂 Logging initialized → /logs/data_service_20251015.log
2025-10-15 23:29:41 | INFO | data_service | 📂 Logging initialized → /logs/data_service_20251015.log
2025-10-15 23:29:41 | INFO | data_service | 📂 Logging initialized → /logs/data_service_20251015.log
2025-10-15 23:29:41 | INFO | data_service | 📂 Logging initialized → /logs/data_service_20251015.log
2025-10-15 23:29:41 | INFO | data_service | 📂 Logging initialized → /logs/data_service_20251015.log
2025-10-15 23:30:49 | INFO | data_service | 📂 Logging initialized → /logs/data_service_20251015.log
2025-10-15 23:30:49 | INFO | data_service | 📂 Logging initialized → /logs/data_service_20251015.log
2025-10-15 23:30:49 | INFO | data_service | 📂 Logging initialized → /logs/data_service_20251015.log
2025-10-15 23:30:49 | INFO | data_service | 📂 Logging initialized → /logs/data_service_20251015.log
2025-10-15 23:31:56 | INFO | data_service | 📂 Logging initialized → /logs/data_service_20251015.log
2025-10-15 23:31:56 | INFO | data_service | 📂 Logging initialized → /logs/data_service_20251015.log
2025-10-15 23:31:56 | INFO | data_service | 📂 Logging initialized → /logs/data_service_20251015.log
2025-10-15 23:31:56 | INFO | data_service | 📂 Logging initialized → /logs/data_service_20251015.log
2025-10-15 23:33:03 | INFO | data_service | 📂 Logging initialized → /logs/data_service_20251015.log
2025-10-15 23:33:03 | INFO | data_service | 📂 Logging initialized → /logs/data_service_20251015.log
2025-10-15 23:33:03 | INFO | data_service | 📂 Logging initialized → /logs/data_service_20251015.log
2025-10-15 23:33:03 | INFO | data_service | 📂 Logging initialized → /logs/data_service_20251015.log
2025-10-15 23:33:12 | INFO | data_service | 📂 Logging initialized → /logs/data_service_20251015.log
2025-10-15 23:33:12 | INFO | data_service | 📂 Logging initialized → /logs/data_service_20251015.log
2025-10-15 23:33:12 | INFO | data_service | 📂 Logging initialized → /logs/data_service_20251015.log
2025-10-15 23:33:12 | INFO | data_service | 📂 Logging initialized → /logs/data_service_20251015.log
2025-10-15 23:33:14 | INFO | data_service | 📂 Logging initialized → /logs/data_service_20251015.log
2025-10-15 23:33:14 | INFO | data_service | 📂 Logging initialized → /logs/data_service_20251015.log
2025-10-15 23:33:14 | INFO | data_service | 📂 Logging initialized → /logs/data_service_20251015.log
2025-10-15 23:33:14 | INFO | data_service | 📂 Logging initialized → /logs/data_service_20251015.log
2025-10-15 23:33:16 | INFO | data_service | 📂 Logging initialized → /logs/data_service_20251015.log
2025-10-15 23:33:16 | INFO | data_service | 📂 Logging initialized → /logs/data_service_20251015.log
2025-10-15 23:33:16 | INFO | data_service | 📂 Logging initialized → /logs/data_service_20251015.log
2025-10-15 23:33:16 | INFO | data_service | 📂 Logging initialized → /logs/data_service_20251015.log
2025-10-15 23:33:18 | INFO | data_service | 📂 Logging initialized → /logs/data_service_20251015.log
2025-10-15 23:33:18 | INFO | data_service | 📂 Logging initialized → /logs/data_service_20251015.log
2025-10-15 23:33:18 | INFO | data_service | 📂 Logging initialized → /logs/data_service_20251015.log
2025-10-15 23:33:18 | INFO | data_service | 📂 Logging initialized → /logs/data_service_20251015.log
2025-10-15 23:33:20 | INFO | data_service | 📂 Logging initialized → /logs/data_service_20251015.log
2025-10-15 23:33:20 | INFO | data_service | 📂 Logging initialized → /logs/data_service_20251015.log
2025-10-15 23:33:20 | INFO | data_service | 📂 Logging initialized → /logs/data_service_20251015.log
2025-10-15 23:33:20 | INFO | data_service | 📂 Logging initialized → /logs/data_service_20251015.log
2025-10-15 23:33:23 | INFO | data_service | 📂 Logging initialized → /logs/data_service_20251015.log
2025-10-15 23:33:23 | INFO | data_service | 📂 Logging initialized → /logs/data_service_20251015.log
2025-10-15 23:33:23 | INFO | data_service | 📂 Logging initialized → /logs/data_service_20251015.log
2025-10-15 23:33:24 | INFO | data_service | 📂 Logging initialized → /logs/data_service_20251015.log
2025-10-15 23:33:28 | INFO | data_service | 📂 Logging initialized → /logs/data_service_20251015.log
2025-10-15 23:33:28 | INFO | data_service | 📂 Logging initialized → /logs/data_service_20251015.log
2025-10-15 23:33:28 | INFO | data_service | 📂 Logging initialized → /logs/data_service_20251015.log
2025-10-15 23:33:28 | INFO | data_service | 📂 Logging initialized → /logs/data_service_20251015.log
2025-10-15 23:33:36 | INFO | data_service | 📂 Logging initialized → /logs/data_service_20251015.log
2025-10-15 23:33:36 | INFO | data_service | 📂 Logging initialized → /logs/data_service_20251015.log
2025-10-15 23:33:36 | INFO | data_service | 📂 Logging initialized → /logs/data_service_20251015.log
2025-10-15 23:33:36 | INFO | data_service | 📂 Logging initialized → /logs/data_service_20251015.log
2025-10-15 23:33:53 | INFO | data_service | 📂 Logging initialized → /logs/data_service_20251015.log
2025-10-15 23:33:53 | INFO | data_service | 📂 Logging initialized → /logs/data_service_20251015.log
2025-10-15 23:33:53 | INFO | data_service | 📂 Logging initialized → /logs/data_service_20251015.log
2025-10-15 23:33:53 | INFO | data_service | 📂 Logging initialized → /logs/data_service_20251015.log
2025-10-15 23:34:23 | INFO | data_service | 📂 Logging initialized → /logs/data_service_20251015.log
2025-10-15 23:34:23 | INFO | data_service | 📂 Logging initialized → /logs/data_service_20251015.log
2025-10-15 23:34:23 | INFO | data_service | 📂 Logging initialized → /logs/data_service_20251015.log
2025-10-15 23:34:23 | INFO | data_service | 📂 Logging initialized → /logs/data_service_20251015.log
2025-10-15 23:34:23 | INFO | data_service | 📂 Logging initialized → /logs/data_service_20251015.log
2025-10-15 23:34:23 | INFO | data_service | 📂 Logging initialized → /logs/data_service_20251015.log
2025-10-15 23:35:21 | INFO | data_service | 📂 Logging initialized → /logs/data_service_20251015.log
2025-10-15 23:35:21 | INFO | data_service | 📂 Logging initialized → /logs/data_service_20251015.log
2025-10-15 23:35:21 | INFO | data_service | 📂 Logging initialized → /logs/data_service_20251015.log
2025-10-15 23:35:21 | INFO | data_service | 📂 Logging initialized → /logs/data_service_20251015.log
2025-10-15 23:35:21 | INFO | data_service | 📂 Logging initialized → /logs/data_service_20251015.log
2025-10-15 23:35:21 | INFO | data_service | 📂 Logging initialized → /logs/data_service_20251015.log
2025-10-15 23:36:28 | INFO | data_service | 📂 Logging initialized → /logs/data_service_20251015.log
2025-10-15 23:36:28 | INFO | data_service | 📂 Logging initialized → /logs/data_service_20251015.log
2025-10-15 23:36:28 | INFO | data_service | 📂 Logging initialized → /logs/data_service_20251015.log
2025-10-15 23:36:28 | INFO | data_service | 📂 Logging initialized → /logs/data_service_20251015.log
2025-10-15 23:36:28 | INFO | data_service | 📂 Logging initialized → /logs/data_service_20251015.log
2025-10-15 23:36:28 | INFO | data_service | 📂 Logging initialized → /logs/data_service_20251015.log
2025-10-15 23:37:35 | INFO | data_service | 📂 Logging initialized → /logs/data_service_20251015.log
2025-10-15 23:37:35 | INFO | data_service | 📂 Logging initialized → /logs/data_service_20251015.log
2025-10-15 23:37:35 | INFO | data_service | 📂 Logging initialized → /logs/data_service_20251015.log
2025-10-15 23:37:35 | INFO | data_service | 📂 Logging initialized → /logs/data_service_20251015.log
2025-10-15 23:37:35 | INFO | data_service | 📂 Logging initialized → /logs/data_service_20251015.log
2025-10-15 23:37:35 | INFO | data_service | 📂 Logging initialized → /logs/data_service_20251015.log
2025-10-15 23:38:01 | INFO | data_service | 📂 Logging initialized → /logs/data_service_20251015.log
2025-10-15 23:38:01 | INFO | data_service | 📂 Logging initialized → /logs/data_service_20251015.log
2025-10-15 23:38:01 | INFO | data_service | 📂 Logging initialized → /logs/data_service_20251015.log
2025-10-15 23:38:01 | INFO | data_service | 📂 Logging initialized → /logs/data_service_20251015.log
2025-10-15 23:38:02 | INFO | data_service | 📂 Logging initialized → /logs/data_service_20251015.log
2025-10-15 23:38:02 | INFO | data_service | 📂 Logging initialized → /logs/data_service_20251015.log
2025-10-15 23:38:03 | INFO | data_service | 📂 Logging initialized → /logs/data_service_20251015.log
2025-10-15 23:38:03 | INFO | data_service | 📂 Logging initialized → /logs/data_service_20251015.log
2025-10-15 23:38:03 | INFO | data_service | 📂 Logging initialized → /logs/data_service_20251015.log
2025-10-15 23:38:03 | INFO | data_service | 📂 Logging initialized → /logs/data_service_20251015.log
2025-10-15 23:38:04 | INFO | data_service | 📂 Logging initialized → /logs/data_service_20251015.log
2025-10-15 23:38:04 | INFO | data_service | 📂 Logging initialized → /logs/data_service_20251015.log
2025-10-15 23:38:05 | INFO | data_service | 📂 Logging initialized → /logs/data_service_20251015.log
2025-10-15 23:38:05 | INFO | data_service | 📂 Logging initialized → /logs/data_service_20251015.log
2025-10-15 23:38:05 | INFO | data_service | 📂 Logging initialized → /logs/data_service_20251015.log
2025-10-15 23:38:05 | INFO | data_service | 📂 Logging initialized → /logs/data_service_20251015.log
2025-10-15 23:38:05 | INFO | data_service | 📂 Logging initialized → /logs/data_service_20251015.log
2025-10-15 23:38:05 | INFO | data_service | 📂 Logging initialized → /logs/data_service_20251015.log
2025-10-15 23:38:07 | INFO | data_service | 📂 Logging initialized → /logs/data_service_20251015.log
2025-10-15 23:38:07 | INFO | data_service | 📂 Logging initialized → /logs/data_service_20251015.log
2025-10-15 23:38:07 | INFO | data_service | 📂 Logging initialized → /logs/data_service_20251015.log
2025-10-15 23:38:07 | INFO | data_service | 📂 Logging initialized → /logs/data_service_20251015.log
2025-10-15 23:38:08 | INFO | data_service | 📂 Logging initialized → /logs/data_service_20251015.log
2025-10-15 23:38:08 | INFO | data_service | 📂 Logging initialized → /logs/data_service_20251015.log
2025-10-15 23:38:10 | INFO | data_service | 📂 Logging initialized → /logs/data_service_20251015.log
2025-10-15 23:38:10 | INFO | data_service | 📂 Logging initialized → /logs/data_service_20251015.log
2025-10-15 23:38:10 | INFO | data_service | 📂 Logging initialized → /logs/data_service_20251015.log
2025-10-15 23:38:10 | INFO | data_service | 📂 Logging initialized → /logs/data_service_20251015.log
2025-10-15 23:38:11 | INFO | data_service | 📂 Logging initialized → /logs/data_service_20251015.log
2025-10-15 23:38:11 | INFO | data_service | 📂 Logging initialized → /logs/data_service_20251015.log
2025-10-15 23:38:14 | INFO | data_service | 📂 Logging initialized → /logs/data_service_20251015.log
2025-10-15 23:38:14 | INFO | data_service | 📂 Logging initialized → /logs/data_service_20251015.log
2025-10-15 23:38:14 | INFO | data_service | 📂 Logging initialized → /logs/data_service_20251015.log
2025-10-15 23:38:14 | INFO | data_service | 📂 Logging initialized → /logs/data_service_20251015.log
2025-10-15 23:38:14 | INFO | data_service | 📂 Logging initialized → /logs/data_service_20251015.log
2025-10-15 23:38:14 | INFO | data_service | 📂 Logging initialized → /logs/data_service_20251015.log
2025-10-15 23:38:19 | INFO | data_service | 📂 Logging initialized → /logs/data_service_20251015.log
2025-10-15 23:38:19 | INFO | data_service | 📂 Logging initialized → /logs/data_service_20251015.log
2025-10-15 23:38:19 | INFO | data_service | 📂 Logging initialized → /logs/data_service_20251015.log
2025-10-15 23:38:19 | INFO | data_service | 📂 Logging initialized → /logs/data_service_20251015.log
2025-10-15 23:38:19 | INFO | data_service | 📂 Logging initialized → /logs/data_service_20251015.log
2025-10-15 23:38:19 | INFO | data_service | 📂 Logging initialized → /logs/data_service_20251015.log
2025-10-15 23:38:27 | INFO | data_service | 📂 Logging initialized → /logs/data_service_20251015.log
2025-10-15 23:38:27 | INFO | data_service | 📂 Logging initialized → /logs/data_service_20251015.log
2025-10-15 23:38:27 | INFO | data_service | 📂 Logging initialized → /logs/data_service_20251015.log
2025-10-15 23:38:28 | INFO | data_service | 📂 Logging initialized → /logs/data_service_20251015.log
2025-10-15 23:38:28 | INFO | data_service | 📂 Logging initialized → /logs/data_service_20251015.log
2025-10-15 23:38:28 | INFO | data_service | 📂 Logging initialized → /logs/data_service_20251015.log
2025-10-15 23:38:45 | INFO | data_service | 📂 Logging initialized → /logs/data_service_20251015.log
2025-10-15 23:38:45 | INFO | data_service | 📂 Logging initialized → /logs/data_service_20251015.log
2025-10-15 23:38:45 | INFO | data_service | 📂 Logging initialized → /logs/data_service_20251015.log
2025-10-15 23:38:45 | INFO | data_service | 📂 Logging initialized → /logs/data_service_20251015.log
2025-10-15 23:38:45 | INFO | data_service | 📂 Logging initialized → /logs/data_service_20251015.log
2025-10-15 23:38:45 | INFO | data_service | 📂 Logging initialized → /logs/data_service_20251015.log
2025-10-15 23:39:15 | INFO | data_service | 📂 Logging initialized → /logs/data_service_20251015.log
2025-10-15 23:39:15 | INFO | data_service | 📂 Logging initialized → /logs/data_service_20251015.log
2025-10-15 23:39:15 | INFO | data_service | 📂 Logging initialized → /logs/data_service_20251015.log
2025-10-15 23:39:15 | INFO | data_service | 📂 Logging initialized → /logs/data_service_20251015.log
2025-10-15 23:39:15 | INFO | data_service | 📂 Logging initialized → /logs/data_service_20251015.log
2025-10-15 23:39:15 | INFO | data_service | 📂 Logging initialized → /logs/data_service_20251015.log
2025-10-15 23:40:13 | INFO | data_service | 📂 Logging initialized → /logs/data_service_20251015.log
2025-10-15 23:40:13 | INFO | data_service | 📂 Logging initialized → /logs/data_service_20251015.log
2025-10-15 23:40:13 | INFO | data_service | 📂 Logging initialized → /logs/data_service_20251015.log
2025-10-15 23:40:13 | INFO | data_service | 📂 Logging initialized → /logs/data_service_20251015.log
2025-10-15 23:40:13 | INFO | data_service | 📂 Logging initialized → /logs/data_service_20251015.log
2025-10-15 23:40:13 | INFO | data_service | 📂 Logging initialized → /logs/data_service_20251015.log
2025-10-15 23:41:20 | INFO | data_service | 📂 Logging initialized → /logs/data_service_20251015.log
2025-10-15 23:41:20 | INFO | data_service | 📂 Logging initialized → /logs/data_service_20251015.log
2025-10-15 23:41:20 | INFO | data_service | 📂 Logging initialized → /logs/data_service_20251015.log
2025-10-15 23:41:20 | INFO | data_service | 📂 Logging initialized → /logs/data_service_20251015.log
2025-10-15 23:41:20 | INFO | data_service | 📂 Logging initialized → /logs/data_service_20251015.log
2025-10-15 23:41:20 | INFO | data_service | 📂 Logging initialized → /logs/data_service_20251015.log
2025-10-15 23:42:15 | INFO | data_service | 📂 Logging initialized → /logs/data_service_20251015.log
2025-10-15 23:42:15 | INFO | data_service | 📂 Logging initialized → /logs/data_service_20251015.log
2025-10-15 23:42:15 | INFO | data_service | 📂 Logging initialized → /logs/data_service_20251015.log
2025-10-15 23:42:15 | INFO | data_service | 📂 Logging initialized → /logs/data_service_20251015.log
2025-10-15 23:42:15 | INFO | data_service | 📂 Logging initialized → /logs/data_service_20251015.log
2025-10-15 23:42:15 | INFO | data_service | 📂 Logging initialized → /logs/data_service_20251015.log
2025-10-15 23:42:15 | INFO | data_service | 📂 Logging initialized → /logs/data_service_20251015.log
2025-10-15 23:42:15 | INFO | data_service | 📂 Logging initialized → /logs/data_service_20251015.log
2025-10-15 23:42:15 | INFO | data_service | 📂 Logging initialized → /logs/data_service_20251015.log
2025-10-15 23:42:15 | INFO | data_service | 📂 Logging initialized → /logs/data_service_20251015.log
2025-10-15 23:42:15 | INFO | data_service | 📂 Logging initialized → /logs/data_service_20251015.log
2025-10-15 23:42:15 | INFO | data_service | 🚀 Initializing Data Service...
2025-10-15 23:42:15 | INFO | data_service | ⚙️ Configuration loaded successfully
2025-10-15 23:42:15 | INFO | data_service | 🩺 Health check route registered at /healthz
2025-10-15 23:42:15 | INFO | data_service | 📡 Data Service startup event triggered
2025-10-15 23:42:15 | INFO | data_service | 🧱 Ensuring TimescaleDB tables exist...
2025-10-15 23:42:25 | ERROR | data_service | ❌ Failed to ensure Timescale table: (psycopg2.OperationalError) could not translate host name "postgres" to address: Name or service not known

(Background on this error at: https://sqlalche.me/e/20/e3q8)
Traceback (most recent call last):
  File "/usr/local/lib/python3.12/site-packages/sqlalchemy/engine/base.py", line 146, in __init__
    self._dbapi_connection = engine.raw_connection()
                             ^^^^^^^^^^^^^^^^^^^^^^^
  File "/usr/local/lib/python3.12/site-packages/sqlalchemy/engine/base.py", line 3302, in raw_connection
    return self.pool.connect()
           ^^^^^^^^^^^^^^^^^^^
  File "/usr/local/lib/python3.12/site-packages/sqlalchemy/pool/base.py", line 449, in connect
    return _ConnectionFairy._checkout(self)
           ^^^^^^^^^^^^^^^^^^^^^^^^^^^^^^^^
  File "/usr/local/lib/python3.12/site-packages/sqlalchemy/pool/base.py", line 1263, in _checkout
    fairy = _ConnectionRecord.checkout(pool)
            ^^^^^^^^^^^^^^^^^^^^^^^^^^^^^^^^
  File "/usr/local/lib/python3.12/site-packages/sqlalchemy/pool/base.py", line 712, in checkout
    rec = pool._do_get()
          ^^^^^^^^^^^^^^
  File "/usr/local/lib/python3.12/site-packages/sqlalchemy/pool/impl.py", line 179, in _do_get
    with util.safe_reraise():
         ^^^^^^^^^^^^^^^^^^^
  File "/usr/local/lib/python3.12/site-packages/sqlalchemy/util/langhelpers.py", line 146, in __exit__
    raise exc_value.with_traceback(exc_tb)
  File "/usr/local/lib/python3.12/site-packages/sqlalchemy/pool/impl.py", line 177, in _do_get
    return self._create_connection()
           ^^^^^^^^^^^^^^^^^^^^^^^^^
  File "/usr/local/lib/python3.12/site-packages/sqlalchemy/pool/base.py", line 390, in _create_connection
    return _ConnectionRecord(self)
           ^^^^^^^^^^^^^^^^^^^^^^^
  File "/usr/local/lib/python3.12/site-packages/sqlalchemy/pool/base.py", line 674, in __init__
    self.__connect()
  File "/usr/local/lib/python3.12/site-packages/sqlalchemy/pool/base.py", line 900, in __connect
    with util.safe_reraise():
         ^^^^^^^^^^^^^^^^^^^
  File "/usr/local/lib/python3.12/site-packages/sqlalchemy/util/langhelpers.py", line 146, in __exit__
    raise exc_value.with_traceback(exc_tb)
  File "/usr/local/lib/python3.12/site-packages/sqlalchemy/pool/base.py", line 896, in __connect
    self.dbapi_connection = connection = pool._invoke_creator(self)
                                         ^^^^^^^^^^^^^^^^^^^^^^^^^^
  File "/usr/local/lib/python3.12/site-packages/sqlalchemy/engine/create.py", line 643, in connect
    return dialect.connect(*cargs, **cparams)
           ^^^^^^^^^^^^^^^^^^^^^^^^^^^^^^^^^^
  File "/usr/local/lib/python3.12/site-packages/sqlalchemy/engine/default.py", line 621, in connect
    return self.loaded_dbapi.connect(*cargs, **cparams)
           ^^^^^^^^^^^^^^^^^^^^^^^^^^^^^^^^^^^^^^^^^^^^
  File "/usr/local/lib/python3.12/site-packages/psycopg2/__init__.py", line 122, in connect
    conn = _connect(dsn, connection_factory=connection_factory, **kwasync)
           ^^^^^^^^^^^^^^^^^^^^^^^^^^^^^^^^^^^^^^^^^^^^^^^^^^^^^^^^^^^^^^^
psycopg2.OperationalError: could not translate host name "postgres" to address: Name or service not known


The above exception was the direct cause of the following exception:

Traceback (most recent call last):
  File "/app/services/data_service/ingestion/storage.py", line 40, in ensure_timescale_table
    with engine.begin() as conn:
         ^^^^^^^^^^^^^^
  File "/usr/local/lib/python3.12/contextlib.py", line 137, in __enter__
    return next(self.gen)
           ^^^^^^^^^^^^^^
  File "/usr/local/lib/python3.12/site-packages/sqlalchemy/engine/base.py", line 3242, in begin
    with self.connect() as conn:
         ^^^^^^^^^^^^^^
  File "/usr/local/lib/python3.12/site-packages/sqlalchemy/engine/base.py", line 3278, in connect
    return self._connection_cls(self)
           ^^^^^^^^^^^^^^^^^^^^^^^^^^
  File "/usr/local/lib/python3.12/site-packages/sqlalchemy/engine/base.py", line 148, in __init__
    Connection._handle_dbapi_exception_noconnection(
  File "/usr/local/lib/python3.12/site-packages/sqlalchemy/engine/base.py", line 2442, in _handle_dbapi_exception_noconnection
    raise sqlalchemy_exception.with_traceback(exc_info[2]) from e
  File "/usr/local/lib/python3.12/site-packages/sqlalchemy/engine/base.py", line 146, in __init__
    self._dbapi_connection = engine.raw_connection()
                             ^^^^^^^^^^^^^^^^^^^^^^^
  File "/usr/local/lib/python3.12/site-packages/sqlalchemy/engine/base.py", line 3302, in raw_connection
    return self.pool.connect()
           ^^^^^^^^^^^^^^^^^^^
  File "/usr/local/lib/python3.12/site-packages/sqlalchemy/pool/base.py", line 449, in connect
    return _ConnectionFairy._checkout(self)
           ^^^^^^^^^^^^^^^^^^^^^^^^^^^^^^^^
  File "/usr/local/lib/python3.12/site-packages/sqlalchemy/pool/base.py", line 1263, in _checkout
    fairy = _ConnectionRecord.checkout(pool)
            ^^^^^^^^^^^^^^^^^^^^^^^^^^^^^^^^
  File "/usr/local/lib/python3.12/site-packages/sqlalchemy/pool/base.py", line 712, in checkout
    rec = pool._do_get()
          ^^^^^^^^^^^^^^
  File "/usr/local/lib/python3.12/site-packages/sqlalchemy/pool/impl.py", line 179, in _do_get
    with util.safe_reraise():
         ^^^^^^^^^^^^^^^^^^^
  File "/usr/local/lib/python3.12/site-packages/sqlalchemy/util/langhelpers.py", line 146, in __exit__
    raise exc_value.with_traceback(exc_tb)
  File "/usr/local/lib/python3.12/site-packages/sqlalchemy/pool/impl.py", line 177, in _do_get
    return self._create_connection()
           ^^^^^^^^^^^^^^^^^^^^^^^^^
  File "/usr/local/lib/python3.12/site-packages/sqlalchemy/pool/base.py", line 390, in _create_connection
    return _ConnectionRecord(self)
           ^^^^^^^^^^^^^^^^^^^^^^^
  File "/usr/local/lib/python3.12/site-packages/sqlalchemy/pool/base.py", line 674, in __init__
    self.__connect()
  File "/usr/local/lib/python3.12/site-packages/sqlalchemy/pool/base.py", line 900, in __connect
    with util.safe_reraise():
         ^^^^^^^^^^^^^^^^^^^
  File "/usr/local/lib/python3.12/site-packages/sqlalchemy/util/langhelpers.py", line 146, in __exit__
    raise exc_value.with_traceback(exc_tb)
  File "/usr/local/lib/python3.12/site-packages/sqlalchemy/pool/base.py", line 896, in __connect
    self.dbapi_connection = connection = pool._invoke_creator(self)
                                         ^^^^^^^^^^^^^^^^^^^^^^^^^^
  File "/usr/local/lib/python3.12/site-packages/sqlalchemy/engine/create.py", line 643, in connect
    return dialect.connect(*cargs, **cparams)
           ^^^^^^^^^^^^^^^^^^^^^^^^^^^^^^^^^^
  File "/usr/local/lib/python3.12/site-packages/sqlalchemy/engine/default.py", line 621, in connect
    return self.loaded_dbapi.connect(*cargs, **cparams)
           ^^^^^^^^^^^^^^^^^^^^^^^^^^^^^^^^^^^^^^^^^^^^
  File "/usr/local/lib/python3.12/site-packages/psycopg2/__init__.py", line 122, in connect
    conn = _connect(dsn, connection_factory=connection_factory, **kwasync)
           ^^^^^^^^^^^^^^^^^^^^^^^^^^^^^^^^^^^^^^^^^^^^^^^^^^^^^^^^^^^^^^^
sqlalchemy.exc.OperationalError: (psycopg2.OperationalError) could not translate host name "postgres" to address: Name or service not known

(Background on this error at: https://sqlalche.me/e/20/e3q8)
2025-10-15 23:42:25 | WARNING | data_service | ⚠️ Timescale initialization failed: (psycopg2.OperationalError) could not translate host name "postgres" to address: Name or service not known

(Background on this error at: https://sqlalche.me/e/20/e3q8)
Traceback (most recent call last):
  File "/usr/local/lib/python3.12/site-packages/sqlalchemy/engine/base.py", line 146, in __init__
    self._dbapi_connection = engine.raw_connection()
                             ^^^^^^^^^^^^^^^^^^^^^^^
  File "/usr/local/lib/python3.12/site-packages/sqlalchemy/engine/base.py", line 3302, in raw_connection
    return self.pool.connect()
           ^^^^^^^^^^^^^^^^^^^
  File "/usr/local/lib/python3.12/site-packages/sqlalchemy/pool/base.py", line 449, in connect
    return _ConnectionFairy._checkout(self)
           ^^^^^^^^^^^^^^^^^^^^^^^^^^^^^^^^
  File "/usr/local/lib/python3.12/site-packages/sqlalchemy/pool/base.py", line 1263, in _checkout
    fairy = _ConnectionRecord.checkout(pool)
            ^^^^^^^^^^^^^^^^^^^^^^^^^^^^^^^^
  File "/usr/local/lib/python3.12/site-packages/sqlalchemy/pool/base.py", line 712, in checkout
    rec = pool._do_get()
          ^^^^^^^^^^^^^^
  File "/usr/local/lib/python3.12/site-packages/sqlalchemy/pool/impl.py", line 179, in _do_get
    with util.safe_reraise():
         ^^^^^^^^^^^^^^^^^^^
  File "/usr/local/lib/python3.12/site-packages/sqlalchemy/util/langhelpers.py", line 146, in __exit__
    raise exc_value.with_traceback(exc_tb)
  File "/usr/local/lib/python3.12/site-packages/sqlalchemy/pool/impl.py", line 177, in _do_get
    return self._create_connection()
           ^^^^^^^^^^^^^^^^^^^^^^^^^
  File "/usr/local/lib/python3.12/site-packages/sqlalchemy/pool/base.py", line 390, in _create_connection
    return _ConnectionRecord(self)
           ^^^^^^^^^^^^^^^^^^^^^^^
  File "/usr/local/lib/python3.12/site-packages/sqlalchemy/pool/base.py", line 674, in __init__
    self.__connect()
  File "/usr/local/lib/python3.12/site-packages/sqlalchemy/pool/base.py", line 900, in __connect
    with util.safe_reraise():
         ^^^^^^^^^^^^^^^^^^^
  File "/usr/local/lib/python3.12/site-packages/sqlalchemy/util/langhelpers.py", line 146, in __exit__
    raise exc_value.with_traceback(exc_tb)
  File "/usr/local/lib/python3.12/site-packages/sqlalchemy/pool/base.py", line 896, in __connect
    self.dbapi_connection = connection = pool._invoke_creator(self)
                                         ^^^^^^^^^^^^^^^^^^^^^^^^^^
  File "/usr/local/lib/python3.12/site-packages/sqlalchemy/engine/create.py", line 643, in connect
    return dialect.connect(*cargs, **cparams)
           ^^^^^^^^^^^^^^^^^^^^^^^^^^^^^^^^^^
  File "/usr/local/lib/python3.12/site-packages/sqlalchemy/engine/default.py", line 621, in connect
    return self.loaded_dbapi.connect(*cargs, **cparams)
           ^^^^^^^^^^^^^^^^^^^^^^^^^^^^^^^^^^^^^^^^^^^^
  File "/usr/local/lib/python3.12/site-packages/psycopg2/__init__.py", line 122, in connect
    conn = _connect(dsn, connection_factory=connection_factory, **kwasync)
           ^^^^^^^^^^^^^^^^^^^^^^^^^^^^^^^^^^^^^^^^^^^^^^^^^^^^^^^^^^^^^^^
psycopg2.OperationalError: could not translate host name "postgres" to address: Name or service not known


The above exception was the direct cause of the following exception:

Traceback (most recent call last):
  File "/app/services/data_service/main.py", line 70, in startup_event
    ensure_timescale_table()
  File "/app/services/data_service/ingestion/storage.py", line 40, in ensure_timescale_table
    with engine.begin() as conn:
         ^^^^^^^^^^^^^^
  File "/usr/local/lib/python3.12/contextlib.py", line 137, in __enter__
    return next(self.gen)
           ^^^^^^^^^^^^^^
  File "/usr/local/lib/python3.12/site-packages/sqlalchemy/engine/base.py", line 3242, in begin
    with self.connect() as conn:
         ^^^^^^^^^^^^^^
  File "/usr/local/lib/python3.12/site-packages/sqlalchemy/engine/base.py", line 3278, in connect
    return self._connection_cls(self)
           ^^^^^^^^^^^^^^^^^^^^^^^^^^
  File "/usr/local/lib/python3.12/site-packages/sqlalchemy/engine/base.py", line 148, in __init__
    Connection._handle_dbapi_exception_noconnection(
  File "/usr/local/lib/python3.12/site-packages/sqlalchemy/engine/base.py", line 2442, in _handle_dbapi_exception_noconnection
    raise sqlalchemy_exception.with_traceback(exc_info[2]) from e
  File "/usr/local/lib/python3.12/site-packages/sqlalchemy/engine/base.py", line 146, in __init__
    self._dbapi_connection = engine.raw_connection()
                             ^^^^^^^^^^^^^^^^^^^^^^^
  File "/usr/local/lib/python3.12/site-packages/sqlalchemy/engine/base.py", line 3302, in raw_connection
    return self.pool.connect()
           ^^^^^^^^^^^^^^^^^^^
  File "/usr/local/lib/python3.12/site-packages/sqlalchemy/pool/base.py", line 449, in connect
    return _ConnectionFairy._checkout(self)
           ^^^^^^^^^^^^^^^^^^^^^^^^^^^^^^^^
  File "/usr/local/lib/python3.12/site-packages/sqlalchemy/pool/base.py", line 1263, in _checkout
    fairy = _ConnectionRecord.checkout(pool)
            ^^^^^^^^^^^^^^^^^^^^^^^^^^^^^^^^
  File "/usr/local/lib/python3.12/site-packages/sqlalchemy/pool/base.py", line 712, in checkout
    rec = pool._do_get()
          ^^^^^^^^^^^^^^
  File "/usr/local/lib/python3.12/site-packages/sqlalchemy/pool/impl.py", line 179, in _do_get
    with util.safe_reraise():
         ^^^^^^^^^^^^^^^^^^^
  File "/usr/local/lib/python3.12/site-packages/sqlalchemy/util/langhelpers.py", line 146, in __exit__
    raise exc_value.with_traceback(exc_tb)
  File "/usr/local/lib/python3.12/site-packages/sqlalchemy/pool/impl.py", line 177, in _do_get
    return self._create_connection()
           ^^^^^^^^^^^^^^^^^^^^^^^^^
  File "/usr/local/lib/python3.12/site-packages/sqlalchemy/pool/base.py", line 390, in _create_connection
    return _ConnectionRecord(self)
           ^^^^^^^^^^^^^^^^^^^^^^^
  File "/usr/local/lib/python3.12/site-packages/sqlalchemy/pool/base.py", line 674, in __init__
    self.__connect()
  File "/usr/local/lib/python3.12/site-packages/sqlalchemy/pool/base.py", line 900, in __connect
    with util.safe_reraise():
         ^^^^^^^^^^^^^^^^^^^
  File "/usr/local/lib/python3.12/site-packages/sqlalchemy/util/langhelpers.py", line 146, in __exit__
    raise exc_value.with_traceback(exc_tb)
  File "/usr/local/lib/python3.12/site-packages/sqlalchemy/pool/base.py", line 896, in __connect
    self.dbapi_connection = connection = pool._invoke_creator(self)
                                         ^^^^^^^^^^^^^^^^^^^^^^^^^^
  File "/usr/local/lib/python3.12/site-packages/sqlalchemy/engine/create.py", line 643, in connect
    return dialect.connect(*cargs, **cparams)
           ^^^^^^^^^^^^^^^^^^^^^^^^^^^^^^^^^^
  File "/usr/local/lib/python3.12/site-packages/sqlalchemy/engine/default.py", line 621, in connect
    return self.loaded_dbapi.connect(*cargs, **cparams)
           ^^^^^^^^^^^^^^^^^^^^^^^^^^^^^^^^^^^^^^^^^^^^
  File "/usr/local/lib/python3.12/site-packages/psycopg2/__init__.py", line 122, in connect
    conn = _connect(dsn, connection_factory=connection_factory, **kwasync)
           ^^^^^^^^^^^^^^^^^^^^^^^^^^^^^^^^^^^^^^^^^^^^^^^^^^^^^^^^^^^^^^^
sqlalchemy.exc.OperationalError: (psycopg2.OperationalError) could not translate host name "postgres" to address: Name or service not known

(Background on this error at: https://sqlalche.me/e/20/e3q8)
2025-10-15 23:42:25 | INFO | data_service | ⏱️ Launching ingestion scheduler (non-blocking)...
2025-10-15 23:42:25 | INFO | data_service | ⚙️ Starting scheduler | symbols=['NIFTY50'] | timeframe=1m | interval=60s | tz=Asia/Kolkata
2025-10-15 23:42:25 | INFO | data_service | 📆 Scheduled job added | id=fetch_NIFTY50_1m | every=60s
2025-10-15 23:42:25 | INFO | data_service | 📡 Starting Kite WebSocket stream for 15 tokens
2025-10-15 23:42:25 | INFO | data_service | ⚙️ Initializing Kite WebSocket | tokens=15 | symbols=['NIFTY50']
2025-10-15 23:42:25 | ERROR | data_service | ⚠️ Failed to start Kite WebSocket: 'NoneType' object is not callable
Traceback (most recent call last):
  File "/app/services/data_service/ingestion/scheduler.py", line 137, in start_scheduler
    start_kite_ws(kite_tokens, symbols)
  File "/app/services/data_service/ingestion/websocket_handler.py", line 44, in start_kite_ws
    @kws.on_connect
     ^^^^^^^^^^^^^^
TypeError: 'NoneType' object is not callable
2025-10-15 23:42:25 | INFO | data_service | ✅ Scheduler started with 3 jobs
2025-10-15 23:42:25 | INFO | data_service | ✅ Scheduler successfully started
2025-10-15 23:42:25 | INFO | data_service | 📨 Launching Kafka consumer (non-blocking)...
2025-10-15 23:42:25 | INFO | data_service | ✅ Kafka consumer initialized | topic=market_data | group_id=data_service_group
2025-10-15 23:42:25 | INFO | data_service | 📡 Subscribed to topic: market_data
2025-10-15 23:42:25 | INFO | data_service | 🧵 Kafka consumer running in background thread
2025-10-15 23:42:25 | INFO | data_service | ✅ Kafka consumer started successfully
2025-10-15 23:42:25 | INFO | data_service | ✅ Data Service startup completed in 10.15s
2025-10-15 23:42:27 | ERROR | data_service | ⚠️ Kafka error: KafkaError{code=UNKNOWN_TOPIC_OR_PART,val=3,str="Subscribed topic not available: market_data: Broker: Unknown topic or partition"}
2025-10-15 23:45:12 | INFO | data_service | 🛑 Data Service shutdown initiated...
2025-10-15 23:45:12 | INFO | data_service | ✅ Data Service shutdown complete
2025-10-15 23:45:14 | INFO | data_service | 📂 Logging initialized → /logs/data_service_20251015.log
2025-10-15 23:45:14 | INFO | data_service | 📂 Logging initialized → /logs/data_service_20251015.log
2025-10-15 23:45:14 | INFO | data_service | 📂 Logging initialized → /logs/data_service_20251015.log
2025-10-15 23:45:14 | INFO | data_service | 📂 Logging initialized → /logs/data_service_20251015.log
2025-10-15 23:45:14 | INFO | data_service | 📂 Logging initialized → /logs/data_service_20251015.log
2025-10-15 23:45:14 | INFO | data_service | 📂 Logging initialized → /logs/data_service_20251015.log
2025-10-15 23:45:14 | INFO | data_service | 📂 Logging initialized → /logs/data_service_20251015.log
2025-10-15 23:45:14 | INFO | data_service | 📂 Logging initialized → /logs/data_service_20251015.log
2025-10-15 23:45:14 | INFO | data_service | 📂 Logging initialized → /logs/data_service_20251015.log
2025-10-15 23:45:14 | INFO | data_service | 📂 Logging initialized → /logs/data_service_20251015.log
2025-10-15 23:45:14 | INFO | data_service | 📂 Logging initialized → /logs/data_service_20251015.log
2025-10-15 23:45:14 | INFO | data_service | 🚀 Initializing Data Service...
2025-10-15 23:45:14 | INFO | data_service | ⚙️ Configuration loaded successfully
2025-10-15 23:45:14 | INFO | data_service | 🩺 Health check route registered at /healthz
2025-10-15 23:45:14 | INFO | data_service | 📡 Data Service startup event triggered
2025-10-15 23:45:14 | INFO | data_service | 🧱 Ensuring TimescaleDB tables exist...
2025-10-15 23:45:18 | ERROR | data_service | ❌ Failed to ensure Timescale table: (psycopg2.OperationalError) could not translate host name "postgres" to address: Name or service not known

(Background on this error at: https://sqlalche.me/e/20/e3q8)
Traceback (most recent call last):
  File "/usr/local/lib/python3.12/site-packages/sqlalchemy/engine/base.py", line 146, in __init__
    self._dbapi_connection = engine.raw_connection()
                             ^^^^^^^^^^^^^^^^^^^^^^^
  File "/usr/local/lib/python3.12/site-packages/sqlalchemy/engine/base.py", line 3302, in raw_connection
    return self.pool.connect()
           ^^^^^^^^^^^^^^^^^^^
  File "/usr/local/lib/python3.12/site-packages/sqlalchemy/pool/base.py", line 449, in connect
    return _ConnectionFairy._checkout(self)
           ^^^^^^^^^^^^^^^^^^^^^^^^^^^^^^^^
  File "/usr/local/lib/python3.12/site-packages/sqlalchemy/pool/base.py", line 1263, in _checkout
    fairy = _ConnectionRecord.checkout(pool)
            ^^^^^^^^^^^^^^^^^^^^^^^^^^^^^^^^
  File "/usr/local/lib/python3.12/site-packages/sqlalchemy/pool/base.py", line 712, in checkout
    rec = pool._do_get()
          ^^^^^^^^^^^^^^
  File "/usr/local/lib/python3.12/site-packages/sqlalchemy/pool/impl.py", line 179, in _do_get
    with util.safe_reraise():
         ^^^^^^^^^^^^^^^^^^^
  File "/usr/local/lib/python3.12/site-packages/sqlalchemy/util/langhelpers.py", line 146, in __exit__
    raise exc_value.with_traceback(exc_tb)
  File "/usr/local/lib/python3.12/site-packages/sqlalchemy/pool/impl.py", line 177, in _do_get
    return self._create_connection()
           ^^^^^^^^^^^^^^^^^^^^^^^^^
  File "/usr/local/lib/python3.12/site-packages/sqlalchemy/pool/base.py", line 390, in _create_connection
    return _ConnectionRecord(self)
           ^^^^^^^^^^^^^^^^^^^^^^^
  File "/usr/local/lib/python3.12/site-packages/sqlalchemy/pool/base.py", line 674, in __init__
    self.__connect()
  File "/usr/local/lib/python3.12/site-packages/sqlalchemy/pool/base.py", line 900, in __connect
    with util.safe_reraise():
         ^^^^^^^^^^^^^^^^^^^
  File "/usr/local/lib/python3.12/site-packages/sqlalchemy/util/langhelpers.py", line 146, in __exit__
    raise exc_value.with_traceback(exc_tb)
  File "/usr/local/lib/python3.12/site-packages/sqlalchemy/pool/base.py", line 896, in __connect
    self.dbapi_connection = connection = pool._invoke_creator(self)
                                         ^^^^^^^^^^^^^^^^^^^^^^^^^^
  File "/usr/local/lib/python3.12/site-packages/sqlalchemy/engine/create.py", line 643, in connect
    return dialect.connect(*cargs, **cparams)
           ^^^^^^^^^^^^^^^^^^^^^^^^^^^^^^^^^^
  File "/usr/local/lib/python3.12/site-packages/sqlalchemy/engine/default.py", line 621, in connect
    return self.loaded_dbapi.connect(*cargs, **cparams)
           ^^^^^^^^^^^^^^^^^^^^^^^^^^^^^^^^^^^^^^^^^^^^
  File "/usr/local/lib/python3.12/site-packages/psycopg2/__init__.py", line 122, in connect
    conn = _connect(dsn, connection_factory=connection_factory, **kwasync)
           ^^^^^^^^^^^^^^^^^^^^^^^^^^^^^^^^^^^^^^^^^^^^^^^^^^^^^^^^^^^^^^^
psycopg2.OperationalError: could not translate host name "postgres" to address: Name or service not known


The above exception was the direct cause of the following exception:

Traceback (most recent call last):
  File "/app/services/data_service/ingestion/storage.py", line 40, in ensure_timescale_table
    with engine.begin() as conn:
         ^^^^^^^^^^^^^^
  File "/usr/local/lib/python3.12/contextlib.py", line 137, in __enter__
    return next(self.gen)
           ^^^^^^^^^^^^^^
  File "/usr/local/lib/python3.12/site-packages/sqlalchemy/engine/base.py", line 3242, in begin
    with self.connect() as conn:
         ^^^^^^^^^^^^^^
  File "/usr/local/lib/python3.12/site-packages/sqlalchemy/engine/base.py", line 3278, in connect
    return self._connection_cls(self)
           ^^^^^^^^^^^^^^^^^^^^^^^^^^
  File "/usr/local/lib/python3.12/site-packages/sqlalchemy/engine/base.py", line 148, in __init__
    Connection._handle_dbapi_exception_noconnection(
  File "/usr/local/lib/python3.12/site-packages/sqlalchemy/engine/base.py", line 2442, in _handle_dbapi_exception_noconnection
    raise sqlalchemy_exception.with_traceback(exc_info[2]) from e
  File "/usr/local/lib/python3.12/site-packages/sqlalchemy/engine/base.py", line 146, in __init__
    self._dbapi_connection = engine.raw_connection()
                             ^^^^^^^^^^^^^^^^^^^^^^^
  File "/usr/local/lib/python3.12/site-packages/sqlalchemy/engine/base.py", line 3302, in raw_connection
    return self.pool.connect()
           ^^^^^^^^^^^^^^^^^^^
  File "/usr/local/lib/python3.12/site-packages/sqlalchemy/pool/base.py", line 449, in connect
    return _ConnectionFairy._checkout(self)
           ^^^^^^^^^^^^^^^^^^^^^^^^^^^^^^^^
  File "/usr/local/lib/python3.12/site-packages/sqlalchemy/pool/base.py", line 1263, in _checkout
    fairy = _ConnectionRecord.checkout(pool)
            ^^^^^^^^^^^^^^^^^^^^^^^^^^^^^^^^
  File "/usr/local/lib/python3.12/site-packages/sqlalchemy/pool/base.py", line 712, in checkout
    rec = pool._do_get()
          ^^^^^^^^^^^^^^
  File "/usr/local/lib/python3.12/site-packages/sqlalchemy/pool/impl.py", line 179, in _do_get
    with util.safe_reraise():
         ^^^^^^^^^^^^^^^^^^^
  File "/usr/local/lib/python3.12/site-packages/sqlalchemy/util/langhelpers.py", line 146, in __exit__
    raise exc_value.with_traceback(exc_tb)
  File "/usr/local/lib/python3.12/site-packages/sqlalchemy/pool/impl.py", line 177, in _do_get
    return self._create_connection()
           ^^^^^^^^^^^^^^^^^^^^^^^^^
  File "/usr/local/lib/python3.12/site-packages/sqlalchemy/pool/base.py", line 390, in _create_connection
    return _ConnectionRecord(self)
           ^^^^^^^^^^^^^^^^^^^^^^^
  File "/usr/local/lib/python3.12/site-packages/sqlalchemy/pool/base.py", line 674, in __init__
    self.__connect()
  File "/usr/local/lib/python3.12/site-packages/sqlalchemy/pool/base.py", line 900, in __connect
    with util.safe_reraise():
         ^^^^^^^^^^^^^^^^^^^
  File "/usr/local/lib/python3.12/site-packages/sqlalchemy/util/langhelpers.py", line 146, in __exit__
    raise exc_value.with_traceback(exc_tb)
  File "/usr/local/lib/python3.12/site-packages/sqlalchemy/pool/base.py", line 896, in __connect
    self.dbapi_connection = connection = pool._invoke_creator(self)
                                         ^^^^^^^^^^^^^^^^^^^^^^^^^^
  File "/usr/local/lib/python3.12/site-packages/sqlalchemy/engine/create.py", line 643, in connect
    return dialect.connect(*cargs, **cparams)
           ^^^^^^^^^^^^^^^^^^^^^^^^^^^^^^^^^^
  File "/usr/local/lib/python3.12/site-packages/sqlalchemy/engine/default.py", line 621, in connect
    return self.loaded_dbapi.connect(*cargs, **cparams)
           ^^^^^^^^^^^^^^^^^^^^^^^^^^^^^^^^^^^^^^^^^^^^
  File "/usr/local/lib/python3.12/site-packages/psycopg2/__init__.py", line 122, in connect
    conn = _connect(dsn, connection_factory=connection_factory, **kwasync)
           ^^^^^^^^^^^^^^^^^^^^^^^^^^^^^^^^^^^^^^^^^^^^^^^^^^^^^^^^^^^^^^^
sqlalchemy.exc.OperationalError: (psycopg2.OperationalError) could not translate host name "postgres" to address: Name or service not known

(Background on this error at: https://sqlalche.me/e/20/e3q8)
2025-10-15 23:45:18 | WARNING | data_service | ⚠️ Timescale initialization failed: (psycopg2.OperationalError) could not translate host name "postgres" to address: Name or service not known

(Background on this error at: https://sqlalche.me/e/20/e3q8)
Traceback (most recent call last):
  File "/usr/local/lib/python3.12/site-packages/sqlalchemy/engine/base.py", line 146, in __init__
    self._dbapi_connection = engine.raw_connection()
                             ^^^^^^^^^^^^^^^^^^^^^^^
  File "/usr/local/lib/python3.12/site-packages/sqlalchemy/engine/base.py", line 3302, in raw_connection
    return self.pool.connect()
           ^^^^^^^^^^^^^^^^^^^
  File "/usr/local/lib/python3.12/site-packages/sqlalchemy/pool/base.py", line 449, in connect
    return _ConnectionFairy._checkout(self)
           ^^^^^^^^^^^^^^^^^^^^^^^^^^^^^^^^
  File "/usr/local/lib/python3.12/site-packages/sqlalchemy/pool/base.py", line 1263, in _checkout
    fairy = _ConnectionRecord.checkout(pool)
            ^^^^^^^^^^^^^^^^^^^^^^^^^^^^^^^^
  File "/usr/local/lib/python3.12/site-packages/sqlalchemy/pool/base.py", line 712, in checkout
    rec = pool._do_get()
          ^^^^^^^^^^^^^^
  File "/usr/local/lib/python3.12/site-packages/sqlalchemy/pool/impl.py", line 179, in _do_get
    with util.safe_reraise():
         ^^^^^^^^^^^^^^^^^^^
  File "/usr/local/lib/python3.12/site-packages/sqlalchemy/util/langhelpers.py", line 146, in __exit__
    raise exc_value.with_traceback(exc_tb)
  File "/usr/local/lib/python3.12/site-packages/sqlalchemy/pool/impl.py", line 177, in _do_get
    return self._create_connection()
           ^^^^^^^^^^^^^^^^^^^^^^^^^
  File "/usr/local/lib/python3.12/site-packages/sqlalchemy/pool/base.py", line 390, in _create_connection
    return _ConnectionRecord(self)
           ^^^^^^^^^^^^^^^^^^^^^^^
  File "/usr/local/lib/python3.12/site-packages/sqlalchemy/pool/base.py", line 674, in __init__
    self.__connect()
  File "/usr/local/lib/python3.12/site-packages/sqlalchemy/pool/base.py", line 900, in __connect
    with util.safe_reraise():
         ^^^^^^^^^^^^^^^^^^^
  File "/usr/local/lib/python3.12/site-packages/sqlalchemy/util/langhelpers.py", line 146, in __exit__
    raise exc_value.with_traceback(exc_tb)
  File "/usr/local/lib/python3.12/site-packages/sqlalchemy/pool/base.py", line 896, in __connect
    self.dbapi_connection = connection = pool._invoke_creator(self)
                                         ^^^^^^^^^^^^^^^^^^^^^^^^^^
  File "/usr/local/lib/python3.12/site-packages/sqlalchemy/engine/create.py", line 643, in connect
    return dialect.connect(*cargs, **cparams)
           ^^^^^^^^^^^^^^^^^^^^^^^^^^^^^^^^^^
  File "/usr/local/lib/python3.12/site-packages/sqlalchemy/engine/default.py", line 621, in connect
    return self.loaded_dbapi.connect(*cargs, **cparams)
           ^^^^^^^^^^^^^^^^^^^^^^^^^^^^^^^^^^^^^^^^^^^^
  File "/usr/local/lib/python3.12/site-packages/psycopg2/__init__.py", line 122, in connect
    conn = _connect(dsn, connection_factory=connection_factory, **kwasync)
           ^^^^^^^^^^^^^^^^^^^^^^^^^^^^^^^^^^^^^^^^^^^^^^^^^^^^^^^^^^^^^^^
psycopg2.OperationalError: could not translate host name "postgres" to address: Name or service not known


The above exception was the direct cause of the following exception:

Traceback (most recent call last):
  File "/app/services/data_service/main.py", line 70, in startup_event
    ensure_timescale_table()
  File "/app/services/data_service/ingestion/storage.py", line 40, in ensure_timescale_table
    with engine.begin() as conn:
         ^^^^^^^^^^^^^^
  File "/usr/local/lib/python3.12/contextlib.py", line 137, in __enter__
    return next(self.gen)
           ^^^^^^^^^^^^^^
  File "/usr/local/lib/python3.12/site-packages/sqlalchemy/engine/base.py", line 3242, in begin
    with self.connect() as conn:
         ^^^^^^^^^^^^^^
  File "/usr/local/lib/python3.12/site-packages/sqlalchemy/engine/base.py", line 3278, in connect
    return self._connection_cls(self)
           ^^^^^^^^^^^^^^^^^^^^^^^^^^
  File "/usr/local/lib/python3.12/site-packages/sqlalchemy/engine/base.py", line 148, in __init__
    Connection._handle_dbapi_exception_noconnection(
  File "/usr/local/lib/python3.12/site-packages/sqlalchemy/engine/base.py", line 2442, in _handle_dbapi_exception_noconnection
    raise sqlalchemy_exception.with_traceback(exc_info[2]) from e
  File "/usr/local/lib/python3.12/site-packages/sqlalchemy/engine/base.py", line 146, in __init__
    self._dbapi_connection = engine.raw_connection()
                             ^^^^^^^^^^^^^^^^^^^^^^^
  File "/usr/local/lib/python3.12/site-packages/sqlalchemy/engine/base.py", line 3302, in raw_connection
    return self.pool.connect()
           ^^^^^^^^^^^^^^^^^^^
  File "/usr/local/lib/python3.12/site-packages/sqlalchemy/pool/base.py", line 449, in connect
    return _ConnectionFairy._checkout(self)
           ^^^^^^^^^^^^^^^^^^^^^^^^^^^^^^^^
  File "/usr/local/lib/python3.12/site-packages/sqlalchemy/pool/base.py", line 1263, in _checkout
    fairy = _ConnectionRecord.checkout(pool)
            ^^^^^^^^^^^^^^^^^^^^^^^^^^^^^^^^
  File "/usr/local/lib/python3.12/site-packages/sqlalchemy/pool/base.py", line 712, in checkout
    rec = pool._do_get()
          ^^^^^^^^^^^^^^
  File "/usr/local/lib/python3.12/site-packages/sqlalchemy/pool/impl.py", line 179, in _do_get
    with util.safe_reraise():
         ^^^^^^^^^^^^^^^^^^^
  File "/usr/local/lib/python3.12/site-packages/sqlalchemy/util/langhelpers.py", line 146, in __exit__
    raise exc_value.with_traceback(exc_tb)
  File "/usr/local/lib/python3.12/site-packages/sqlalchemy/pool/impl.py", line 177, in _do_get
    return self._create_connection()
           ^^^^^^^^^^^^^^^^^^^^^^^^^
  File "/usr/local/lib/python3.12/site-packages/sqlalchemy/pool/base.py", line 390, in _create_connection
    return _ConnectionRecord(self)
           ^^^^^^^^^^^^^^^^^^^^^^^
  File "/usr/local/lib/python3.12/site-packages/sqlalchemy/pool/base.py", line 674, in __init__
    self.__connect()
  File "/usr/local/lib/python3.12/site-packages/sqlalchemy/pool/base.py", line 900, in __connect
    with util.safe_reraise():
         ^^^^^^^^^^^^^^^^^^^
  File "/usr/local/lib/python3.12/site-packages/sqlalchemy/util/langhelpers.py", line 146, in __exit__
    raise exc_value.with_traceback(exc_tb)
  File "/usr/local/lib/python3.12/site-packages/sqlalchemy/pool/base.py", line 896, in __connect
    self.dbapi_connection = connection = pool._invoke_creator(self)
                                         ^^^^^^^^^^^^^^^^^^^^^^^^^^
  File "/usr/local/lib/python3.12/site-packages/sqlalchemy/engine/create.py", line 643, in connect
    return dialect.connect(*cargs, **cparams)
           ^^^^^^^^^^^^^^^^^^^^^^^^^^^^^^^^^^
  File "/usr/local/lib/python3.12/site-packages/sqlalchemy/engine/default.py", line 621, in connect
    return self.loaded_dbapi.connect(*cargs, **cparams)
           ^^^^^^^^^^^^^^^^^^^^^^^^^^^^^^^^^^^^^^^^^^^^
  File "/usr/local/lib/python3.12/site-packages/psycopg2/__init__.py", line 122, in connect
    conn = _connect(dsn, connection_factory=connection_factory, **kwasync)
           ^^^^^^^^^^^^^^^^^^^^^^^^^^^^^^^^^^^^^^^^^^^^^^^^^^^^^^^^^^^^^^^
sqlalchemy.exc.OperationalError: (psycopg2.OperationalError) could not translate host name "postgres" to address: Name or service not known

(Background on this error at: https://sqlalche.me/e/20/e3q8)
2025-10-15 23:45:18 | INFO | data_service | ⏱️ Launching ingestion scheduler (non-blocking)...
2025-10-15 23:45:18 | INFO | data_service | ⚙️ Starting scheduler | symbols=['NIFTY50'] | timeframe=1m | interval=60s | tz=Asia/Kolkata
2025-10-15 23:45:18 | INFO | data_service | 📆 Scheduled job added | id=fetch_NIFTY50_1m | every=60s
2025-10-15 23:45:18 | INFO | data_service | 📡 Starting Kite WebSocket stream for 15 tokens
2025-10-15 23:45:18 | INFO | data_service | ⚙️ Initializing Kite WebSocket | tokens=15 | symbols=['NIFTY50']
2025-10-15 23:45:18 | ERROR | data_service | ⚠️ Failed to start Kite WebSocket: 'NoneType' object is not callable
Traceback (most recent call last):
  File "/app/services/data_service/ingestion/scheduler.py", line 137, in start_scheduler
    start_kite_ws(kite_tokens, symbols)
  File "/app/services/data_service/ingestion/websocket_handler.py", line 44, in start_kite_ws
    @kws.on_connect
     ^^^^^^^^^^^^^^
TypeError: 'NoneType' object is not callable
2025-10-15 23:45:18 | INFO | data_service | ✅ Scheduler started with 3 jobs
2025-10-15 23:45:18 | INFO | data_service | ✅ Scheduler successfully started
2025-10-15 23:45:18 | INFO | data_service | 📨 Launching Kafka consumer (non-blocking)...
2025-10-15 23:45:18 | INFO | data_service | ✅ Kafka consumer initialized | topic=market_data | group_id=data_service_group
2025-10-15 23:45:18 | INFO | data_service | 📡 Subscribed to topic: market_data
2025-10-15 23:45:18 | INFO | data_service | 🧵 Kafka consumer running in background thread
2025-10-15 23:45:18 | INFO | data_service | ✅ Kafka consumer started successfully
2025-10-15 23:45:18 | INFO | data_service | ✅ Data Service startup completed in 3.72s
2025-10-15 23:45:18 | ERROR | data_service | ⚠️ Kafka error: KafkaError{code=UNKNOWN_TOPIC_OR_PART,val=3,str="Subscribed topic not available: market_data: Broker: Unknown topic or partition"}
2025-10-15 23:45:57 | INFO | data_service | 🛑 Data Service shutdown initiated...
2025-10-15 23:45:57 | INFO | data_service | ✅ Data Service shutdown complete
2025-10-15 23:45:59 | INFO | data_service | 📂 Logging initialized → /logs/data_service_20251015.log
2025-10-15 23:45:59 | INFO | data_service | 📂 Logging initialized → /logs/data_service_20251015.log
2025-10-15 23:45:59 | INFO | data_service | 📂 Logging initialized → /logs/data_service_20251015.log
2025-10-15 23:45:59 | INFO | data_service | 📂 Logging initialized → /logs/data_service_20251015.log
2025-10-15 23:45:59 | INFO | data_service | 📂 Logging initialized → /logs/data_service_20251015.log
2025-10-15 23:45:59 | INFO | data_service | 📂 Logging initialized → /logs/data_service_20251015.log
2025-10-15 23:45:59 | INFO | data_service | 📂 Logging initialized → /logs/data_service_20251015.log
2025-10-15 23:45:59 | INFO | data_service | 📂 Logging initialized → /logs/data_service_20251015.log
2025-10-15 23:45:59 | INFO | data_service | 📂 Logging initialized → /logs/data_service_20251015.log
2025-10-15 23:45:59 | INFO | data_service | 📂 Logging initialized → /logs/data_service_20251015.log
2025-10-15 23:45:59 | INFO | data_service | 📂 Logging initialized → /logs/data_service_20251015.log
2025-10-15 23:45:59 | INFO | data_service | 🚀 Initializing Data Service...
2025-10-15 23:45:59 | INFO | data_service | ⚙️ Configuration loaded successfully
2025-10-15 23:45:59 | INFO | data_service | 🩺 Health check route registered at /healthz
2025-10-15 23:45:59 | INFO | data_service | 📡 Data Service startup event triggered
2025-10-15 23:45:59 | INFO | data_service | 🧱 Ensuring TimescaleDB tables exist...
2025-10-15 23:46:03 | ERROR | data_service | ❌ Failed to ensure Timescale table: (psycopg2.OperationalError) could not translate host name "postgres" to address: Name or service not known

(Background on this error at: https://sqlalche.me/e/20/e3q8)
Traceback (most recent call last):
  File "/usr/local/lib/python3.12/site-packages/sqlalchemy/engine/base.py", line 146, in __init__
    self._dbapi_connection = engine.raw_connection()
                             ^^^^^^^^^^^^^^^^^^^^^^^
  File "/usr/local/lib/python3.12/site-packages/sqlalchemy/engine/base.py", line 3302, in raw_connection
    return self.pool.connect()
           ^^^^^^^^^^^^^^^^^^^
  File "/usr/local/lib/python3.12/site-packages/sqlalchemy/pool/base.py", line 449, in connect
    return _ConnectionFairy._checkout(self)
           ^^^^^^^^^^^^^^^^^^^^^^^^^^^^^^^^
  File "/usr/local/lib/python3.12/site-packages/sqlalchemy/pool/base.py", line 1263, in _checkout
    fairy = _ConnectionRecord.checkout(pool)
            ^^^^^^^^^^^^^^^^^^^^^^^^^^^^^^^^
  File "/usr/local/lib/python3.12/site-packages/sqlalchemy/pool/base.py", line 712, in checkout
    rec = pool._do_get()
          ^^^^^^^^^^^^^^
  File "/usr/local/lib/python3.12/site-packages/sqlalchemy/pool/impl.py", line 179, in _do_get
    with util.safe_reraise():
         ^^^^^^^^^^^^^^^^^^^
  File "/usr/local/lib/python3.12/site-packages/sqlalchemy/util/langhelpers.py", line 146, in __exit__
    raise exc_value.with_traceback(exc_tb)
  File "/usr/local/lib/python3.12/site-packages/sqlalchemy/pool/impl.py", line 177, in _do_get
    return self._create_connection()
           ^^^^^^^^^^^^^^^^^^^^^^^^^
  File "/usr/local/lib/python3.12/site-packages/sqlalchemy/pool/base.py", line 390, in _create_connection
    return _ConnectionRecord(self)
           ^^^^^^^^^^^^^^^^^^^^^^^
  File "/usr/local/lib/python3.12/site-packages/sqlalchemy/pool/base.py", line 674, in __init__
    self.__connect()
  File "/usr/local/lib/python3.12/site-packages/sqlalchemy/pool/base.py", line 900, in __connect
    with util.safe_reraise():
         ^^^^^^^^^^^^^^^^^^^
  File "/usr/local/lib/python3.12/site-packages/sqlalchemy/util/langhelpers.py", line 146, in __exit__
    raise exc_value.with_traceback(exc_tb)
  File "/usr/local/lib/python3.12/site-packages/sqlalchemy/pool/base.py", line 896, in __connect
    self.dbapi_connection = connection = pool._invoke_creator(self)
                                         ^^^^^^^^^^^^^^^^^^^^^^^^^^
  File "/usr/local/lib/python3.12/site-packages/sqlalchemy/engine/create.py", line 643, in connect
    return dialect.connect(*cargs, **cparams)
           ^^^^^^^^^^^^^^^^^^^^^^^^^^^^^^^^^^
  File "/usr/local/lib/python3.12/site-packages/sqlalchemy/engine/default.py", line 621, in connect
    return self.loaded_dbapi.connect(*cargs, **cparams)
           ^^^^^^^^^^^^^^^^^^^^^^^^^^^^^^^^^^^^^^^^^^^^
  File "/usr/local/lib/python3.12/site-packages/psycopg2/__init__.py", line 122, in connect
    conn = _connect(dsn, connection_factory=connection_factory, **kwasync)
           ^^^^^^^^^^^^^^^^^^^^^^^^^^^^^^^^^^^^^^^^^^^^^^^^^^^^^^^^^^^^^^^
psycopg2.OperationalError: could not translate host name "postgres" to address: Name or service not known


The above exception was the direct cause of the following exception:

Traceback (most recent call last):
  File "/app/services/data_service/ingestion/storage.py", line 40, in ensure_timescale_table
    with engine.begin() as conn:
         ^^^^^^^^^^^^^^
  File "/usr/local/lib/python3.12/contextlib.py", line 137, in __enter__
    return next(self.gen)
           ^^^^^^^^^^^^^^
  File "/usr/local/lib/python3.12/site-packages/sqlalchemy/engine/base.py", line 3242, in begin
    with self.connect() as conn:
         ^^^^^^^^^^^^^^
  File "/usr/local/lib/python3.12/site-packages/sqlalchemy/engine/base.py", line 3278, in connect
    return self._connection_cls(self)
           ^^^^^^^^^^^^^^^^^^^^^^^^^^
  File "/usr/local/lib/python3.12/site-packages/sqlalchemy/engine/base.py", line 148, in __init__
    Connection._handle_dbapi_exception_noconnection(
  File "/usr/local/lib/python3.12/site-packages/sqlalchemy/engine/base.py", line 2442, in _handle_dbapi_exception_noconnection
    raise sqlalchemy_exception.with_traceback(exc_info[2]) from e
  File "/usr/local/lib/python3.12/site-packages/sqlalchemy/engine/base.py", line 146, in __init__
    self._dbapi_connection = engine.raw_connection()
                             ^^^^^^^^^^^^^^^^^^^^^^^
  File "/usr/local/lib/python3.12/site-packages/sqlalchemy/engine/base.py", line 3302, in raw_connection
    return self.pool.connect()
           ^^^^^^^^^^^^^^^^^^^
  File "/usr/local/lib/python3.12/site-packages/sqlalchemy/pool/base.py", line 449, in connect
    return _ConnectionFairy._checkout(self)
           ^^^^^^^^^^^^^^^^^^^^^^^^^^^^^^^^
  File "/usr/local/lib/python3.12/site-packages/sqlalchemy/pool/base.py", line 1263, in _checkout
    fairy = _ConnectionRecord.checkout(pool)
            ^^^^^^^^^^^^^^^^^^^^^^^^^^^^^^^^
  File "/usr/local/lib/python3.12/site-packages/sqlalchemy/pool/base.py", line 712, in checkout
    rec = pool._do_get()
          ^^^^^^^^^^^^^^
  File "/usr/local/lib/python3.12/site-packages/sqlalchemy/pool/impl.py", line 179, in _do_get
    with util.safe_reraise():
         ^^^^^^^^^^^^^^^^^^^
  File "/usr/local/lib/python3.12/site-packages/sqlalchemy/util/langhelpers.py", line 146, in __exit__
    raise exc_value.with_traceback(exc_tb)
  File "/usr/local/lib/python3.12/site-packages/sqlalchemy/pool/impl.py", line 177, in _do_get
    return self._create_connection()
           ^^^^^^^^^^^^^^^^^^^^^^^^^
  File "/usr/local/lib/python3.12/site-packages/sqlalchemy/pool/base.py", line 390, in _create_connection
    return _ConnectionRecord(self)
           ^^^^^^^^^^^^^^^^^^^^^^^
  File "/usr/local/lib/python3.12/site-packages/sqlalchemy/pool/base.py", line 674, in __init__
    self.__connect()
  File "/usr/local/lib/python3.12/site-packages/sqlalchemy/pool/base.py", line 900, in __connect
    with util.safe_reraise():
         ^^^^^^^^^^^^^^^^^^^
  File "/usr/local/lib/python3.12/site-packages/sqlalchemy/util/langhelpers.py", line 146, in __exit__
    raise exc_value.with_traceback(exc_tb)
  File "/usr/local/lib/python3.12/site-packages/sqlalchemy/pool/base.py", line 896, in __connect
    self.dbapi_connection = connection = pool._invoke_creator(self)
                                         ^^^^^^^^^^^^^^^^^^^^^^^^^^
  File "/usr/local/lib/python3.12/site-packages/sqlalchemy/engine/create.py", line 643, in connect
    return dialect.connect(*cargs, **cparams)
           ^^^^^^^^^^^^^^^^^^^^^^^^^^^^^^^^^^
  File "/usr/local/lib/python3.12/site-packages/sqlalchemy/engine/default.py", line 621, in connect
    return self.loaded_dbapi.connect(*cargs, **cparams)
           ^^^^^^^^^^^^^^^^^^^^^^^^^^^^^^^^^^^^^^^^^^^^
  File "/usr/local/lib/python3.12/site-packages/psycopg2/__init__.py", line 122, in connect
    conn = _connect(dsn, connection_factory=connection_factory, **kwasync)
           ^^^^^^^^^^^^^^^^^^^^^^^^^^^^^^^^^^^^^^^^^^^^^^^^^^^^^^^^^^^^^^^
sqlalchemy.exc.OperationalError: (psycopg2.OperationalError) could not translate host name "postgres" to address: Name or service not known

(Background on this error at: https://sqlalche.me/e/20/e3q8)
2025-10-15 23:46:03 | WARNING | data_service | ⚠️ Timescale initialization failed: (psycopg2.OperationalError) could not translate host name "postgres" to address: Name or service not known

(Background on this error at: https://sqlalche.me/e/20/e3q8)
Traceback (most recent call last):
  File "/usr/local/lib/python3.12/site-packages/sqlalchemy/engine/base.py", line 146, in __init__
    self._dbapi_connection = engine.raw_connection()
                             ^^^^^^^^^^^^^^^^^^^^^^^
  File "/usr/local/lib/python3.12/site-packages/sqlalchemy/engine/base.py", line 3302, in raw_connection
    return self.pool.connect()
           ^^^^^^^^^^^^^^^^^^^
  File "/usr/local/lib/python3.12/site-packages/sqlalchemy/pool/base.py", line 449, in connect
    return _ConnectionFairy._checkout(self)
           ^^^^^^^^^^^^^^^^^^^^^^^^^^^^^^^^
  File "/usr/local/lib/python3.12/site-packages/sqlalchemy/pool/base.py", line 1263, in _checkout
    fairy = _ConnectionRecord.checkout(pool)
            ^^^^^^^^^^^^^^^^^^^^^^^^^^^^^^^^
  File "/usr/local/lib/python3.12/site-packages/sqlalchemy/pool/base.py", line 712, in checkout
    rec = pool._do_get()
          ^^^^^^^^^^^^^^
  File "/usr/local/lib/python3.12/site-packages/sqlalchemy/pool/impl.py", line 179, in _do_get
    with util.safe_reraise():
         ^^^^^^^^^^^^^^^^^^^
  File "/usr/local/lib/python3.12/site-packages/sqlalchemy/util/langhelpers.py", line 146, in __exit__
    raise exc_value.with_traceback(exc_tb)
  File "/usr/local/lib/python3.12/site-packages/sqlalchemy/pool/impl.py", line 177, in _do_get
    return self._create_connection()
           ^^^^^^^^^^^^^^^^^^^^^^^^^
  File "/usr/local/lib/python3.12/site-packages/sqlalchemy/pool/base.py", line 390, in _create_connection
    return _ConnectionRecord(self)
           ^^^^^^^^^^^^^^^^^^^^^^^
  File "/usr/local/lib/python3.12/site-packages/sqlalchemy/pool/base.py", line 674, in __init__
    self.__connect()
  File "/usr/local/lib/python3.12/site-packages/sqlalchemy/pool/base.py", line 900, in __connect
    with util.safe_reraise():
         ^^^^^^^^^^^^^^^^^^^
  File "/usr/local/lib/python3.12/site-packages/sqlalchemy/util/langhelpers.py", line 146, in __exit__
    raise exc_value.with_traceback(exc_tb)
  File "/usr/local/lib/python3.12/site-packages/sqlalchemy/pool/base.py", line 896, in __connect
    self.dbapi_connection = connection = pool._invoke_creator(self)
                                         ^^^^^^^^^^^^^^^^^^^^^^^^^^
  File "/usr/local/lib/python3.12/site-packages/sqlalchemy/engine/create.py", line 643, in connect
    return dialect.connect(*cargs, **cparams)
           ^^^^^^^^^^^^^^^^^^^^^^^^^^^^^^^^^^
  File "/usr/local/lib/python3.12/site-packages/sqlalchemy/engine/default.py", line 621, in connect
    return self.loaded_dbapi.connect(*cargs, **cparams)
           ^^^^^^^^^^^^^^^^^^^^^^^^^^^^^^^^^^^^^^^^^^^^
  File "/usr/local/lib/python3.12/site-packages/psycopg2/__init__.py", line 122, in connect
    conn = _connect(dsn, connection_factory=connection_factory, **kwasync)
           ^^^^^^^^^^^^^^^^^^^^^^^^^^^^^^^^^^^^^^^^^^^^^^^^^^^^^^^^^^^^^^^
psycopg2.OperationalError: could not translate host name "postgres" to address: Name or service not known


The above exception was the direct cause of the following exception:

Traceback (most recent call last):
  File "/app/services/data_service/main.py", line 70, in startup_event
    ensure_timescale_table()
  File "/app/services/data_service/ingestion/storage.py", line 40, in ensure_timescale_table
    with engine.begin() as conn:
         ^^^^^^^^^^^^^^
  File "/usr/local/lib/python3.12/contextlib.py", line 137, in __enter__
    return next(self.gen)
           ^^^^^^^^^^^^^^
  File "/usr/local/lib/python3.12/site-packages/sqlalchemy/engine/base.py", line 3242, in begin
    with self.connect() as conn:
         ^^^^^^^^^^^^^^
  File "/usr/local/lib/python3.12/site-packages/sqlalchemy/engine/base.py", line 3278, in connect
    return self._connection_cls(self)
           ^^^^^^^^^^^^^^^^^^^^^^^^^^
  File "/usr/local/lib/python3.12/site-packages/sqlalchemy/engine/base.py", line 148, in __init__
    Connection._handle_dbapi_exception_noconnection(
  File "/usr/local/lib/python3.12/site-packages/sqlalchemy/engine/base.py", line 2442, in _handle_dbapi_exception_noconnection
    raise sqlalchemy_exception.with_traceback(exc_info[2]) from e
  File "/usr/local/lib/python3.12/site-packages/sqlalchemy/engine/base.py", line 146, in __init__
    self._dbapi_connection = engine.raw_connection()
                             ^^^^^^^^^^^^^^^^^^^^^^^
  File "/usr/local/lib/python3.12/site-packages/sqlalchemy/engine/base.py", line 3302, in raw_connection
    return self.pool.connect()
           ^^^^^^^^^^^^^^^^^^^
  File "/usr/local/lib/python3.12/site-packages/sqlalchemy/pool/base.py", line 449, in connect
    return _ConnectionFairy._checkout(self)
           ^^^^^^^^^^^^^^^^^^^^^^^^^^^^^^^^
  File "/usr/local/lib/python3.12/site-packages/sqlalchemy/pool/base.py", line 1263, in _checkout
    fairy = _ConnectionRecord.checkout(pool)
            ^^^^^^^^^^^^^^^^^^^^^^^^^^^^^^^^
  File "/usr/local/lib/python3.12/site-packages/sqlalchemy/pool/base.py", line 712, in checkout
    rec = pool._do_get()
          ^^^^^^^^^^^^^^
  File "/usr/local/lib/python3.12/site-packages/sqlalchemy/pool/impl.py", line 179, in _do_get
    with util.safe_reraise():
         ^^^^^^^^^^^^^^^^^^^
  File "/usr/local/lib/python3.12/site-packages/sqlalchemy/util/langhelpers.py", line 146, in __exit__
    raise exc_value.with_traceback(exc_tb)
  File "/usr/local/lib/python3.12/site-packages/sqlalchemy/pool/impl.py", line 177, in _do_get
    return self._create_connection()
           ^^^^^^^^^^^^^^^^^^^^^^^^^
  File "/usr/local/lib/python3.12/site-packages/sqlalchemy/pool/base.py", line 390, in _create_connection
    return _ConnectionRecord(self)
           ^^^^^^^^^^^^^^^^^^^^^^^
  File "/usr/local/lib/python3.12/site-packages/sqlalchemy/pool/base.py", line 674, in __init__
    self.__connect()
  File "/usr/local/lib/python3.12/site-packages/sqlalchemy/pool/base.py", line 900, in __connect
    with util.safe_reraise():
         ^^^^^^^^^^^^^^^^^^^
  File "/usr/local/lib/python3.12/site-packages/sqlalchemy/util/langhelpers.py", line 146, in __exit__
    raise exc_value.with_traceback(exc_tb)
  File "/usr/local/lib/python3.12/site-packages/sqlalchemy/pool/base.py", line 896, in __connect
    self.dbapi_connection = connection = pool._invoke_creator(self)
                                         ^^^^^^^^^^^^^^^^^^^^^^^^^^
  File "/usr/local/lib/python3.12/site-packages/sqlalchemy/engine/create.py", line 643, in connect
    return dialect.connect(*cargs, **cparams)
           ^^^^^^^^^^^^^^^^^^^^^^^^^^^^^^^^^^
  File "/usr/local/lib/python3.12/site-packages/sqlalchemy/engine/default.py", line 621, in connect
    return self.loaded_dbapi.connect(*cargs, **cparams)
           ^^^^^^^^^^^^^^^^^^^^^^^^^^^^^^^^^^^^^^^^^^^^
  File "/usr/local/lib/python3.12/site-packages/psycopg2/__init__.py", line 122, in connect
    conn = _connect(dsn, connection_factory=connection_factory, **kwasync)
           ^^^^^^^^^^^^^^^^^^^^^^^^^^^^^^^^^^^^^^^^^^^^^^^^^^^^^^^^^^^^^^^
sqlalchemy.exc.OperationalError: (psycopg2.OperationalError) could not translate host name "postgres" to address: Name or service not known

(Background on this error at: https://sqlalche.me/e/20/e3q8)
2025-10-15 23:46:03 | INFO | data_service | ⏱️ Launching ingestion scheduler (non-blocking)...
2025-10-15 23:46:03 | INFO | data_service | ⚙️ Starting scheduler | symbols=['NIFTY50'] | timeframe=1m | interval=60s | tz=Asia/Kolkata
2025-10-15 23:46:03 | INFO | data_service | 📆 Scheduled job added | id=fetch_NIFTY50_1m | every=60s
2025-10-15 23:46:03 | INFO | data_service | 📡 Starting Kite WebSocket stream for 15 tokens
2025-10-15 23:46:03 | INFO | data_service | ⚙️ Initializing Kite WebSocket | tokens=15 | symbols=['NIFTY50']
2025-10-15 23:46:03 | ERROR | data_service | ⚠️ Failed to start Kite WebSocket: 'NoneType' object is not callable
Traceback (most recent call last):
  File "/app/services/data_service/ingestion/scheduler.py", line 137, in start_scheduler
    start_kite_ws(kite_tokens, symbols)
  File "/app/services/data_service/ingestion/websocket_handler.py", line 44, in start_kite_ws
    @kws.on_connect
     ^^^^^^^^^^^^^^
TypeError: 'NoneType' object is not callable
2025-10-15 23:46:03 | INFO | data_service | ✅ Scheduler started with 3 jobs
2025-10-15 23:46:03 | INFO | data_service | ✅ Scheduler successfully started
2025-10-15 23:46:03 | INFO | data_service | 📨 Launching Kafka consumer (non-blocking)...
2025-10-15 23:46:03 | INFO | data_service | ✅ Kafka consumer initialized | topic=market_data | group_id=data_service_group
2025-10-15 23:46:03 | INFO | data_service | 📡 Subscribed to topic: market_data
2025-10-15 23:46:03 | INFO | data_service | 🧵 Kafka consumer running in background thread
2025-10-15 23:46:03 | INFO | data_service | ✅ Kafka consumer started successfully
2025-10-15 23:46:03 | INFO | data_service | ✅ Data Service startup completed in 3.85s
2025-10-15 23:46:03 | ERROR | data_service | ⚠️ Kafka error: KafkaError{code=UNKNOWN_TOPIC_OR_PART,val=3,str="Subscribed topic not available: market_data: Broker: Unknown topic or partition"}
2025-10-15 23:47:33 | INFO | data_service | 🛑 Data Service shutdown initiated...
2025-10-15 23:47:33 | INFO | data_service | ✅ Data Service shutdown complete
2025-10-15 23:47:39 | INFO | data_service | 📂 Logging initialized → /logs/data_service_20251015.log
2025-10-15 23:47:39 | INFO | data_service | 📂 Logging initialized → /logs/data_service_20251015.log
2025-10-15 23:47:39 | INFO | data_service | 📂 Logging initialized → /logs/data_service_20251015.log
2025-10-15 23:47:39 | INFO | data_service | 📂 Logging initialized → /logs/data_service_20251015.log
2025-10-15 23:47:39 | INFO | data_service | 📂 Logging initialized → /logs/data_service_20251015.log
2025-10-15 23:47:39 | INFO | data_service | 📂 Logging initialized → /logs/data_service_20251015.log
2025-10-15 23:47:39 | INFO | data_service | 📂 Logging initialized → /logs/data_service_20251015.log
2025-10-15 23:47:39 | INFO | data_service | 📂 Logging initialized → /logs/data_service_20251015.log
2025-10-15 23:47:39 | INFO | data_service | 📂 Logging initialized → /logs/data_service_20251015.log
2025-10-15 23:47:39 | INFO | data_service | 📂 Logging initialized → /logs/data_service_20251015.log
2025-10-15 23:47:39 | INFO | data_service | 📂 Logging initialized → /logs/data_service_20251015.log
2025-10-15 23:47:39 | INFO | data_service | 🚀 Initializing Data Service...
2025-10-15 23:47:39 | INFO | data_service | ⚙️ Configuration loaded successfully
2025-10-15 23:47:39 | INFO | data_service | 🩺 Health check route registered at /healthz
2025-10-15 23:47:39 | INFO | data_service | 📡 Data Service startup event triggered
2025-10-15 23:47:39 | INFO | data_service | 🧱 Ensuring TimescaleDB tables exist...
2025-10-15 23:47:49 | ERROR | data_service | ❌ Failed to ensure Timescale table: (psycopg2.OperationalError) could not translate host name "postgres" to address: Name or service not known

(Background on this error at: https://sqlalche.me/e/20/e3q8)
Traceback (most recent call last):
  File "/usr/local/lib/python3.12/site-packages/sqlalchemy/engine/base.py", line 146, in __init__
    self._dbapi_connection = engine.raw_connection()
                             ^^^^^^^^^^^^^^^^^^^^^^^
  File "/usr/local/lib/python3.12/site-packages/sqlalchemy/engine/base.py", line 3302, in raw_connection
    return self.pool.connect()
           ^^^^^^^^^^^^^^^^^^^
  File "/usr/local/lib/python3.12/site-packages/sqlalchemy/pool/base.py", line 449, in connect
    return _ConnectionFairy._checkout(self)
           ^^^^^^^^^^^^^^^^^^^^^^^^^^^^^^^^
  File "/usr/local/lib/python3.12/site-packages/sqlalchemy/pool/base.py", line 1263, in _checkout
    fairy = _ConnectionRecord.checkout(pool)
            ^^^^^^^^^^^^^^^^^^^^^^^^^^^^^^^^
  File "/usr/local/lib/python3.12/site-packages/sqlalchemy/pool/base.py", line 712, in checkout
    rec = pool._do_get()
          ^^^^^^^^^^^^^^
  File "/usr/local/lib/python3.12/site-packages/sqlalchemy/pool/impl.py", line 179, in _do_get
    with util.safe_reraise():
         ^^^^^^^^^^^^^^^^^^^
  File "/usr/local/lib/python3.12/site-packages/sqlalchemy/util/langhelpers.py", line 146, in __exit__
    raise exc_value.with_traceback(exc_tb)
  File "/usr/local/lib/python3.12/site-packages/sqlalchemy/pool/impl.py", line 177, in _do_get
    return self._create_connection()
           ^^^^^^^^^^^^^^^^^^^^^^^^^
  File "/usr/local/lib/python3.12/site-packages/sqlalchemy/pool/base.py", line 390, in _create_connection
    return _ConnectionRecord(self)
           ^^^^^^^^^^^^^^^^^^^^^^^
  File "/usr/local/lib/python3.12/site-packages/sqlalchemy/pool/base.py", line 674, in __init__
    self.__connect()
  File "/usr/local/lib/python3.12/site-packages/sqlalchemy/pool/base.py", line 900, in __connect
    with util.safe_reraise():
         ^^^^^^^^^^^^^^^^^^^
  File "/usr/local/lib/python3.12/site-packages/sqlalchemy/util/langhelpers.py", line 146, in __exit__
    raise exc_value.with_traceback(exc_tb)
  File "/usr/local/lib/python3.12/site-packages/sqlalchemy/pool/base.py", line 896, in __connect
    self.dbapi_connection = connection = pool._invoke_creator(self)
                                         ^^^^^^^^^^^^^^^^^^^^^^^^^^
  File "/usr/local/lib/python3.12/site-packages/sqlalchemy/engine/create.py", line 643, in connect
    return dialect.connect(*cargs, **cparams)
           ^^^^^^^^^^^^^^^^^^^^^^^^^^^^^^^^^^
  File "/usr/local/lib/python3.12/site-packages/sqlalchemy/engine/default.py", line 621, in connect
    return self.loaded_dbapi.connect(*cargs, **cparams)
           ^^^^^^^^^^^^^^^^^^^^^^^^^^^^^^^^^^^^^^^^^^^^
  File "/usr/local/lib/python3.12/site-packages/psycopg2/__init__.py", line 122, in connect
    conn = _connect(dsn, connection_factory=connection_factory, **kwasync)
           ^^^^^^^^^^^^^^^^^^^^^^^^^^^^^^^^^^^^^^^^^^^^^^^^^^^^^^^^^^^^^^^
psycopg2.OperationalError: could not translate host name "postgres" to address: Name or service not known


The above exception was the direct cause of the following exception:

Traceback (most recent call last):
  File "/app/services/data_service/ingestion/storage.py", line 40, in ensure_timescale_table
    with engine.begin() as conn:
         ^^^^^^^^^^^^^^
  File "/usr/local/lib/python3.12/contextlib.py", line 137, in __enter__
    return next(self.gen)
           ^^^^^^^^^^^^^^
  File "/usr/local/lib/python3.12/site-packages/sqlalchemy/engine/base.py", line 3242, in begin
    with self.connect() as conn:
         ^^^^^^^^^^^^^^
  File "/usr/local/lib/python3.12/site-packages/sqlalchemy/engine/base.py", line 3278, in connect
    return self._connection_cls(self)
           ^^^^^^^^^^^^^^^^^^^^^^^^^^
  File "/usr/local/lib/python3.12/site-packages/sqlalchemy/engine/base.py", line 148, in __init__
    Connection._handle_dbapi_exception_noconnection(
  File "/usr/local/lib/python3.12/site-packages/sqlalchemy/engine/base.py", line 2442, in _handle_dbapi_exception_noconnection
    raise sqlalchemy_exception.with_traceback(exc_info[2]) from e
  File "/usr/local/lib/python3.12/site-packages/sqlalchemy/engine/base.py", line 146, in __init__
    self._dbapi_connection = engine.raw_connection()
                             ^^^^^^^^^^^^^^^^^^^^^^^
  File "/usr/local/lib/python3.12/site-packages/sqlalchemy/engine/base.py", line 3302, in raw_connection
    return self.pool.connect()
           ^^^^^^^^^^^^^^^^^^^
  File "/usr/local/lib/python3.12/site-packages/sqlalchemy/pool/base.py", line 449, in connect
    return _ConnectionFairy._checkout(self)
           ^^^^^^^^^^^^^^^^^^^^^^^^^^^^^^^^
  File "/usr/local/lib/python3.12/site-packages/sqlalchemy/pool/base.py", line 1263, in _checkout
    fairy = _ConnectionRecord.checkout(pool)
            ^^^^^^^^^^^^^^^^^^^^^^^^^^^^^^^^
  File "/usr/local/lib/python3.12/site-packages/sqlalchemy/pool/base.py", line 712, in checkout
    rec = pool._do_get()
          ^^^^^^^^^^^^^^
  File "/usr/local/lib/python3.12/site-packages/sqlalchemy/pool/impl.py", line 179, in _do_get
    with util.safe_reraise():
         ^^^^^^^^^^^^^^^^^^^
  File "/usr/local/lib/python3.12/site-packages/sqlalchemy/util/langhelpers.py", line 146, in __exit__
    raise exc_value.with_traceback(exc_tb)
  File "/usr/local/lib/python3.12/site-packages/sqlalchemy/pool/impl.py", line 177, in _do_get
    return self._create_connection()
           ^^^^^^^^^^^^^^^^^^^^^^^^^
  File "/usr/local/lib/python3.12/site-packages/sqlalchemy/pool/base.py", line 390, in _create_connection
    return _ConnectionRecord(self)
           ^^^^^^^^^^^^^^^^^^^^^^^
  File "/usr/local/lib/python3.12/site-packages/sqlalchemy/pool/base.py", line 674, in __init__
    self.__connect()
  File "/usr/local/lib/python3.12/site-packages/sqlalchemy/pool/base.py", line 900, in __connect
    with util.safe_reraise():
         ^^^^^^^^^^^^^^^^^^^
  File "/usr/local/lib/python3.12/site-packages/sqlalchemy/util/langhelpers.py", line 146, in __exit__
    raise exc_value.with_traceback(exc_tb)
  File "/usr/local/lib/python3.12/site-packages/sqlalchemy/pool/base.py", line 896, in __connect
    self.dbapi_connection = connection = pool._invoke_creator(self)
                                         ^^^^^^^^^^^^^^^^^^^^^^^^^^
  File "/usr/local/lib/python3.12/site-packages/sqlalchemy/engine/create.py", line 643, in connect
    return dialect.connect(*cargs, **cparams)
           ^^^^^^^^^^^^^^^^^^^^^^^^^^^^^^^^^^
  File "/usr/local/lib/python3.12/site-packages/sqlalchemy/engine/default.py", line 621, in connect
    return self.loaded_dbapi.connect(*cargs, **cparams)
           ^^^^^^^^^^^^^^^^^^^^^^^^^^^^^^^^^^^^^^^^^^^^
  File "/usr/local/lib/python3.12/site-packages/psycopg2/__init__.py", line 122, in connect
    conn = _connect(dsn, connection_factory=connection_factory, **kwasync)
           ^^^^^^^^^^^^^^^^^^^^^^^^^^^^^^^^^^^^^^^^^^^^^^^^^^^^^^^^^^^^^^^
sqlalchemy.exc.OperationalError: (psycopg2.OperationalError) could not translate host name "postgres" to address: Name or service not known

(Background on this error at: https://sqlalche.me/e/20/e3q8)
2025-10-15 23:47:49 | WARNING | data_service | ⚠️ Timescale initialization failed: (psycopg2.OperationalError) could not translate host name "postgres" to address: Name or service not known

(Background on this error at: https://sqlalche.me/e/20/e3q8)
Traceback (most recent call last):
  File "/usr/local/lib/python3.12/site-packages/sqlalchemy/engine/base.py", line 146, in __init__
    self._dbapi_connection = engine.raw_connection()
                             ^^^^^^^^^^^^^^^^^^^^^^^
  File "/usr/local/lib/python3.12/site-packages/sqlalchemy/engine/base.py", line 3302, in raw_connection
    return self.pool.connect()
           ^^^^^^^^^^^^^^^^^^^
  File "/usr/local/lib/python3.12/site-packages/sqlalchemy/pool/base.py", line 449, in connect
    return _ConnectionFairy._checkout(self)
           ^^^^^^^^^^^^^^^^^^^^^^^^^^^^^^^^
  File "/usr/local/lib/python3.12/site-packages/sqlalchemy/pool/base.py", line 1263, in _checkout
    fairy = _ConnectionRecord.checkout(pool)
            ^^^^^^^^^^^^^^^^^^^^^^^^^^^^^^^^
  File "/usr/local/lib/python3.12/site-packages/sqlalchemy/pool/base.py", line 712, in checkout
    rec = pool._do_get()
          ^^^^^^^^^^^^^^
  File "/usr/local/lib/python3.12/site-packages/sqlalchemy/pool/impl.py", line 179, in _do_get
    with util.safe_reraise():
         ^^^^^^^^^^^^^^^^^^^
  File "/usr/local/lib/python3.12/site-packages/sqlalchemy/util/langhelpers.py", line 146, in __exit__
    raise exc_value.with_traceback(exc_tb)
  File "/usr/local/lib/python3.12/site-packages/sqlalchemy/pool/impl.py", line 177, in _do_get
    return self._create_connection()
           ^^^^^^^^^^^^^^^^^^^^^^^^^
  File "/usr/local/lib/python3.12/site-packages/sqlalchemy/pool/base.py", line 390, in _create_connection
    return _ConnectionRecord(self)
           ^^^^^^^^^^^^^^^^^^^^^^^
  File "/usr/local/lib/python3.12/site-packages/sqlalchemy/pool/base.py", line 674, in __init__
    self.__connect()
  File "/usr/local/lib/python3.12/site-packages/sqlalchemy/pool/base.py", line 900, in __connect
    with util.safe_reraise():
         ^^^^^^^^^^^^^^^^^^^
  File "/usr/local/lib/python3.12/site-packages/sqlalchemy/util/langhelpers.py", line 146, in __exit__
    raise exc_value.with_traceback(exc_tb)
  File "/usr/local/lib/python3.12/site-packages/sqlalchemy/pool/base.py", line 896, in __connect
    self.dbapi_connection = connection = pool._invoke_creator(self)
                                         ^^^^^^^^^^^^^^^^^^^^^^^^^^
  File "/usr/local/lib/python3.12/site-packages/sqlalchemy/engine/create.py", line 643, in connect
    return dialect.connect(*cargs, **cparams)
           ^^^^^^^^^^^^^^^^^^^^^^^^^^^^^^^^^^
  File "/usr/local/lib/python3.12/site-packages/sqlalchemy/engine/default.py", line 621, in connect
    return self.loaded_dbapi.connect(*cargs, **cparams)
           ^^^^^^^^^^^^^^^^^^^^^^^^^^^^^^^^^^^^^^^^^^^^
  File "/usr/local/lib/python3.12/site-packages/psycopg2/__init__.py", line 122, in connect
    conn = _connect(dsn, connection_factory=connection_factory, **kwasync)
           ^^^^^^^^^^^^^^^^^^^^^^^^^^^^^^^^^^^^^^^^^^^^^^^^^^^^^^^^^^^^^^^
psycopg2.OperationalError: could not translate host name "postgres" to address: Name or service not known


The above exception was the direct cause of the following exception:

Traceback (most recent call last):
  File "/app/services/data_service/main.py", line 70, in startup_event
    ensure_timescale_table()
  File "/app/services/data_service/ingestion/storage.py", line 40, in ensure_timescale_table
    with engine.begin() as conn:
         ^^^^^^^^^^^^^^
  File "/usr/local/lib/python3.12/contextlib.py", line 137, in __enter__
    return next(self.gen)
           ^^^^^^^^^^^^^^
  File "/usr/local/lib/python3.12/site-packages/sqlalchemy/engine/base.py", line 3242, in begin
    with self.connect() as conn:
         ^^^^^^^^^^^^^^
  File "/usr/local/lib/python3.12/site-packages/sqlalchemy/engine/base.py", line 3278, in connect
    return self._connection_cls(self)
           ^^^^^^^^^^^^^^^^^^^^^^^^^^
  File "/usr/local/lib/python3.12/site-packages/sqlalchemy/engine/base.py", line 148, in __init__
    Connection._handle_dbapi_exception_noconnection(
  File "/usr/local/lib/python3.12/site-packages/sqlalchemy/engine/base.py", line 2442, in _handle_dbapi_exception_noconnection
    raise sqlalchemy_exception.with_traceback(exc_info[2]) from e
  File "/usr/local/lib/python3.12/site-packages/sqlalchemy/engine/base.py", line 146, in __init__
    self._dbapi_connection = engine.raw_connection()
                             ^^^^^^^^^^^^^^^^^^^^^^^
  File "/usr/local/lib/python3.12/site-packages/sqlalchemy/engine/base.py", line 3302, in raw_connection
    return self.pool.connect()
           ^^^^^^^^^^^^^^^^^^^
  File "/usr/local/lib/python3.12/site-packages/sqlalchemy/pool/base.py", line 449, in connect
    return _ConnectionFairy._checkout(self)
           ^^^^^^^^^^^^^^^^^^^^^^^^^^^^^^^^
  File "/usr/local/lib/python3.12/site-packages/sqlalchemy/pool/base.py", line 1263, in _checkout
    fairy = _ConnectionRecord.checkout(pool)
            ^^^^^^^^^^^^^^^^^^^^^^^^^^^^^^^^
  File "/usr/local/lib/python3.12/site-packages/sqlalchemy/pool/base.py", line 712, in checkout
    rec = pool._do_get()
          ^^^^^^^^^^^^^^
  File "/usr/local/lib/python3.12/site-packages/sqlalchemy/pool/impl.py", line 179, in _do_get
    with util.safe_reraise():
         ^^^^^^^^^^^^^^^^^^^
  File "/usr/local/lib/python3.12/site-packages/sqlalchemy/util/langhelpers.py", line 146, in __exit__
    raise exc_value.with_traceback(exc_tb)
  File "/usr/local/lib/python3.12/site-packages/sqlalchemy/pool/impl.py", line 177, in _do_get
    return self._create_connection()
           ^^^^^^^^^^^^^^^^^^^^^^^^^
  File "/usr/local/lib/python3.12/site-packages/sqlalchemy/pool/base.py", line 390, in _create_connection
    return _ConnectionRecord(self)
           ^^^^^^^^^^^^^^^^^^^^^^^
  File "/usr/local/lib/python3.12/site-packages/sqlalchemy/pool/base.py", line 674, in __init__
    self.__connect()
  File "/usr/local/lib/python3.12/site-packages/sqlalchemy/pool/base.py", line 900, in __connect
    with util.safe_reraise():
         ^^^^^^^^^^^^^^^^^^^
  File "/usr/local/lib/python3.12/site-packages/sqlalchemy/util/langhelpers.py", line 146, in __exit__
    raise exc_value.with_traceback(exc_tb)
  File "/usr/local/lib/python3.12/site-packages/sqlalchemy/pool/base.py", line 896, in __connect
    self.dbapi_connection = connection = pool._invoke_creator(self)
                                         ^^^^^^^^^^^^^^^^^^^^^^^^^^
  File "/usr/local/lib/python3.12/site-packages/sqlalchemy/engine/create.py", line 643, in connect
    return dialect.connect(*cargs, **cparams)
           ^^^^^^^^^^^^^^^^^^^^^^^^^^^^^^^^^^
  File "/usr/local/lib/python3.12/site-packages/sqlalchemy/engine/default.py", line 621, in connect
    return self.loaded_dbapi.connect(*cargs, **cparams)
           ^^^^^^^^^^^^^^^^^^^^^^^^^^^^^^^^^^^^^^^^^^^^
  File "/usr/local/lib/python3.12/site-packages/psycopg2/__init__.py", line 122, in connect
    conn = _connect(dsn, connection_factory=connection_factory, **kwasync)
           ^^^^^^^^^^^^^^^^^^^^^^^^^^^^^^^^^^^^^^^^^^^^^^^^^^^^^^^^^^^^^^^
sqlalchemy.exc.OperationalError: (psycopg2.OperationalError) could not translate host name "postgres" to address: Name or service not known

(Background on this error at: https://sqlalche.me/e/20/e3q8)
2025-10-15 23:47:49 | INFO | data_service | ⏱️ Launching ingestion scheduler (non-blocking)...
2025-10-15 23:47:49 | INFO | data_service | ⚙️ Starting scheduler | symbols=['NIFTY50'] | timeframe=1m | interval=60s | tz=Asia/Kolkata
2025-10-15 23:47:49 | INFO | data_service | 📆 Scheduled job added | id=fetch_NIFTY50_1m | every=60s
2025-10-15 23:47:49 | INFO | data_service | 📡 Starting Kite WebSocket stream for 15 tokens
2025-10-15 23:47:49 | INFO | data_service | ⚙️ Initializing Kite WebSocket | tokens=15 | symbols=['NIFTY50']
2025-10-15 23:47:49 | ERROR | data_service | ⚠️ Failed to start Kite WebSocket: 'NoneType' object is not callable
Traceback (most recent call last):
  File "/app/services/data_service/ingestion/scheduler.py", line 137, in start_scheduler
    start_kite_ws(kite_tokens, symbols)
  File "/app/services/data_service/ingestion/websocket_handler.py", line 44, in start_kite_ws
    @kws.on_connect
     ^^^^^^^^^^^^^^
TypeError: 'NoneType' object is not callable
2025-10-15 23:47:49 | INFO | data_service | ✅ Scheduler started with 3 jobs
2025-10-15 23:47:49 | INFO | data_service | ✅ Scheduler successfully started
2025-10-15 23:47:49 | INFO | data_service | 📨 Launching Kafka consumer (non-blocking)...
2025-10-15 23:47:49 | INFO | data_service | ✅ Kafka consumer initialized | topic=market_data | group_id=data_service_group
2025-10-15 23:47:49 | INFO | data_service | 📡 Subscribed to topic: market_data
2025-10-15 23:47:49 | INFO | data_service | 🧵 Kafka consumer running in background thread
2025-10-15 23:47:49 | INFO | data_service | ✅ Kafka consumer started successfully
2025-10-15 23:47:49 | INFO | data_service | ✅ Data Service startup completed in 9.9s
2025-10-15 23:47:50 | ERROR | data_service | ⚠️ Kafka error: KafkaError{code=UNKNOWN_TOPIC_OR_PART,val=3,str="Subscribed topic not available: market_data: Broker: Unknown topic or partition"}
2025-10-15 23:50:38 | INFO | data_service | 🛑 Data Service shutdown initiated...
2025-10-15 23:50:38 | INFO | data_service | ✅ Data Service shutdown complete
2025-10-15 23:50:40 | INFO | data_service | 📂 Logging initialized → /logs/data_service_20251015.log
2025-10-15 23:50:40 | INFO | data_service | 📂 Logging initialized → /logs/data_service_20251015.log
2025-10-15 23:50:40 | INFO | data_service | 📂 Logging initialized → /logs/data_service_20251015.log
2025-10-15 23:50:40 | INFO | data_service | 📂 Logging initialized → /logs/data_service_20251015.log
2025-10-15 23:50:40 | INFO | data_service | 📂 Logging initialized → /logs/data_service_20251015.log
2025-10-15 23:50:40 | INFO | data_service | 📂 Logging initialized → /logs/data_service_20251015.log
2025-10-15 23:50:40 | INFO | data_service | 📂 Logging initialized → /logs/data_service_20251015.log
2025-10-15 23:50:40 | INFO | data_service | 📂 Logging initialized → /logs/data_service_20251015.log
2025-10-15 23:50:40 | INFO | data_service | 📂 Logging initialized → /logs/data_service_20251015.log
2025-10-15 23:50:40 | INFO | data_service | 📂 Logging initialized → /logs/data_service_20251015.log
2025-10-15 23:50:40 | INFO | data_service | 📂 Logging initialized → /logs/data_service_20251015.log
2025-10-15 23:50:40 | INFO | data_service | 🚀 Initializing Data Service...
2025-10-15 23:50:40 | INFO | data_service | ⚙️ Configuration loaded successfully
2025-10-15 23:50:40 | INFO | data_service | 🩺 Health check route registered at /healthz
2025-10-15 23:50:40 | INFO | data_service | 📡 Data Service startup event triggered
2025-10-15 23:50:40 | INFO | data_service | 🧱 Ensuring TimescaleDB tables exist...
2025-10-15 23:50:44 | ERROR | data_service | ❌ Failed to ensure Timescale table: (psycopg2.OperationalError) could not translate host name "postgres" to address: Name or service not known

(Background on this error at: https://sqlalche.me/e/20/e3q8)
Traceback (most recent call last):
  File "/usr/local/lib/python3.12/site-packages/sqlalchemy/engine/base.py", line 146, in __init__
    self._dbapi_connection = engine.raw_connection()
                             ^^^^^^^^^^^^^^^^^^^^^^^
  File "/usr/local/lib/python3.12/site-packages/sqlalchemy/engine/base.py", line 3302, in raw_connection
    return self.pool.connect()
           ^^^^^^^^^^^^^^^^^^^
  File "/usr/local/lib/python3.12/site-packages/sqlalchemy/pool/base.py", line 449, in connect
    return _ConnectionFairy._checkout(self)
           ^^^^^^^^^^^^^^^^^^^^^^^^^^^^^^^^
  File "/usr/local/lib/python3.12/site-packages/sqlalchemy/pool/base.py", line 1263, in _checkout
    fairy = _ConnectionRecord.checkout(pool)
            ^^^^^^^^^^^^^^^^^^^^^^^^^^^^^^^^
  File "/usr/local/lib/python3.12/site-packages/sqlalchemy/pool/base.py", line 712, in checkout
    rec = pool._do_get()
          ^^^^^^^^^^^^^^
  File "/usr/local/lib/python3.12/site-packages/sqlalchemy/pool/impl.py", line 179, in _do_get
    with util.safe_reraise():
         ^^^^^^^^^^^^^^^^^^^
  File "/usr/local/lib/python3.12/site-packages/sqlalchemy/util/langhelpers.py", line 146, in __exit__
    raise exc_value.with_traceback(exc_tb)
  File "/usr/local/lib/python3.12/site-packages/sqlalchemy/pool/impl.py", line 177, in _do_get
    return self._create_connection()
           ^^^^^^^^^^^^^^^^^^^^^^^^^
  File "/usr/local/lib/python3.12/site-packages/sqlalchemy/pool/base.py", line 390, in _create_connection
    return _ConnectionRecord(self)
           ^^^^^^^^^^^^^^^^^^^^^^^
  File "/usr/local/lib/python3.12/site-packages/sqlalchemy/pool/base.py", line 674, in __init__
    self.__connect()
  File "/usr/local/lib/python3.12/site-packages/sqlalchemy/pool/base.py", line 900, in __connect
    with util.safe_reraise():
         ^^^^^^^^^^^^^^^^^^^
  File "/usr/local/lib/python3.12/site-packages/sqlalchemy/util/langhelpers.py", line 146, in __exit__
    raise exc_value.with_traceback(exc_tb)
  File "/usr/local/lib/python3.12/site-packages/sqlalchemy/pool/base.py", line 896, in __connect
    self.dbapi_connection = connection = pool._invoke_creator(self)
                                         ^^^^^^^^^^^^^^^^^^^^^^^^^^
  File "/usr/local/lib/python3.12/site-packages/sqlalchemy/engine/create.py", line 643, in connect
    return dialect.connect(*cargs, **cparams)
           ^^^^^^^^^^^^^^^^^^^^^^^^^^^^^^^^^^
  File "/usr/local/lib/python3.12/site-packages/sqlalchemy/engine/default.py", line 621, in connect
    return self.loaded_dbapi.connect(*cargs, **cparams)
           ^^^^^^^^^^^^^^^^^^^^^^^^^^^^^^^^^^^^^^^^^^^^
  File "/usr/local/lib/python3.12/site-packages/psycopg2/__init__.py", line 122, in connect
    conn = _connect(dsn, connection_factory=connection_factory, **kwasync)
           ^^^^^^^^^^^^^^^^^^^^^^^^^^^^^^^^^^^^^^^^^^^^^^^^^^^^^^^^^^^^^^^
psycopg2.OperationalError: could not translate host name "postgres" to address: Name or service not known


The above exception was the direct cause of the following exception:

Traceback (most recent call last):
  File "/app/services/data_service/ingestion/storage.py", line 40, in ensure_timescale_table
    with engine.begin() as conn:
         ^^^^^^^^^^^^^^
  File "/usr/local/lib/python3.12/contextlib.py", line 137, in __enter__
    return next(self.gen)
           ^^^^^^^^^^^^^^
  File "/usr/local/lib/python3.12/site-packages/sqlalchemy/engine/base.py", line 3242, in begin
    with self.connect() as conn:
         ^^^^^^^^^^^^^^
  File "/usr/local/lib/python3.12/site-packages/sqlalchemy/engine/base.py", line 3278, in connect
    return self._connection_cls(self)
           ^^^^^^^^^^^^^^^^^^^^^^^^^^
  File "/usr/local/lib/python3.12/site-packages/sqlalchemy/engine/base.py", line 148, in __init__
    Connection._handle_dbapi_exception_noconnection(
  File "/usr/local/lib/python3.12/site-packages/sqlalchemy/engine/base.py", line 2442, in _handle_dbapi_exception_noconnection
    raise sqlalchemy_exception.with_traceback(exc_info[2]) from e
  File "/usr/local/lib/python3.12/site-packages/sqlalchemy/engine/base.py", line 146, in __init__
    self._dbapi_connection = engine.raw_connection()
                             ^^^^^^^^^^^^^^^^^^^^^^^
  File "/usr/local/lib/python3.12/site-packages/sqlalchemy/engine/base.py", line 3302, in raw_connection
    return self.pool.connect()
           ^^^^^^^^^^^^^^^^^^^
  File "/usr/local/lib/python3.12/site-packages/sqlalchemy/pool/base.py", line 449, in connect
    return _ConnectionFairy._checkout(self)
           ^^^^^^^^^^^^^^^^^^^^^^^^^^^^^^^^
  File "/usr/local/lib/python3.12/site-packages/sqlalchemy/pool/base.py", line 1263, in _checkout
    fairy = _ConnectionRecord.checkout(pool)
            ^^^^^^^^^^^^^^^^^^^^^^^^^^^^^^^^
  File "/usr/local/lib/python3.12/site-packages/sqlalchemy/pool/base.py", line 712, in checkout
    rec = pool._do_get()
          ^^^^^^^^^^^^^^
  File "/usr/local/lib/python3.12/site-packages/sqlalchemy/pool/impl.py", line 179, in _do_get
    with util.safe_reraise():
         ^^^^^^^^^^^^^^^^^^^
  File "/usr/local/lib/python3.12/site-packages/sqlalchemy/util/langhelpers.py", line 146, in __exit__
    raise exc_value.with_traceback(exc_tb)
  File "/usr/local/lib/python3.12/site-packages/sqlalchemy/pool/impl.py", line 177, in _do_get
    return self._create_connection()
           ^^^^^^^^^^^^^^^^^^^^^^^^^
  File "/usr/local/lib/python3.12/site-packages/sqlalchemy/pool/base.py", line 390, in _create_connection
    return _ConnectionRecord(self)
           ^^^^^^^^^^^^^^^^^^^^^^^
  File "/usr/local/lib/python3.12/site-packages/sqlalchemy/pool/base.py", line 674, in __init__
    self.__connect()
  File "/usr/local/lib/python3.12/site-packages/sqlalchemy/pool/base.py", line 900, in __connect
    with util.safe_reraise():
         ^^^^^^^^^^^^^^^^^^^
  File "/usr/local/lib/python3.12/site-packages/sqlalchemy/util/langhelpers.py", line 146, in __exit__
    raise exc_value.with_traceback(exc_tb)
  File "/usr/local/lib/python3.12/site-packages/sqlalchemy/pool/base.py", line 896, in __connect
    self.dbapi_connection = connection = pool._invoke_creator(self)
                                         ^^^^^^^^^^^^^^^^^^^^^^^^^^
  File "/usr/local/lib/python3.12/site-packages/sqlalchemy/engine/create.py", line 643, in connect
    return dialect.connect(*cargs, **cparams)
           ^^^^^^^^^^^^^^^^^^^^^^^^^^^^^^^^^^
  File "/usr/local/lib/python3.12/site-packages/sqlalchemy/engine/default.py", line 621, in connect
    return self.loaded_dbapi.connect(*cargs, **cparams)
           ^^^^^^^^^^^^^^^^^^^^^^^^^^^^^^^^^^^^^^^^^^^^
  File "/usr/local/lib/python3.12/site-packages/psycopg2/__init__.py", line 122, in connect
    conn = _connect(dsn, connection_factory=connection_factory, **kwasync)
           ^^^^^^^^^^^^^^^^^^^^^^^^^^^^^^^^^^^^^^^^^^^^^^^^^^^^^^^^^^^^^^^
sqlalchemy.exc.OperationalError: (psycopg2.OperationalError) could not translate host name "postgres" to address: Name or service not known

(Background on this error at: https://sqlalche.me/e/20/e3q8)
2025-10-15 23:50:44 | WARNING | data_service | ⚠️ Timescale initialization failed: (psycopg2.OperationalError) could not translate host name "postgres" to address: Name or service not known

(Background on this error at: https://sqlalche.me/e/20/e3q8)
Traceback (most recent call last):
  File "/usr/local/lib/python3.12/site-packages/sqlalchemy/engine/base.py", line 146, in __init__
    self._dbapi_connection = engine.raw_connection()
                             ^^^^^^^^^^^^^^^^^^^^^^^
  File "/usr/local/lib/python3.12/site-packages/sqlalchemy/engine/base.py", line 3302, in raw_connection
    return self.pool.connect()
           ^^^^^^^^^^^^^^^^^^^
  File "/usr/local/lib/python3.12/site-packages/sqlalchemy/pool/base.py", line 449, in connect
    return _ConnectionFairy._checkout(self)
           ^^^^^^^^^^^^^^^^^^^^^^^^^^^^^^^^
  File "/usr/local/lib/python3.12/site-packages/sqlalchemy/pool/base.py", line 1263, in _checkout
    fairy = _ConnectionRecord.checkout(pool)
            ^^^^^^^^^^^^^^^^^^^^^^^^^^^^^^^^
  File "/usr/local/lib/python3.12/site-packages/sqlalchemy/pool/base.py", line 712, in checkout
    rec = pool._do_get()
          ^^^^^^^^^^^^^^
  File "/usr/local/lib/python3.12/site-packages/sqlalchemy/pool/impl.py", line 179, in _do_get
    with util.safe_reraise():
         ^^^^^^^^^^^^^^^^^^^
  File "/usr/local/lib/python3.12/site-packages/sqlalchemy/util/langhelpers.py", line 146, in __exit__
    raise exc_value.with_traceback(exc_tb)
  File "/usr/local/lib/python3.12/site-packages/sqlalchemy/pool/impl.py", line 177, in _do_get
    return self._create_connection()
           ^^^^^^^^^^^^^^^^^^^^^^^^^
  File "/usr/local/lib/python3.12/site-packages/sqlalchemy/pool/base.py", line 390, in _create_connection
    return _ConnectionRecord(self)
           ^^^^^^^^^^^^^^^^^^^^^^^
  File "/usr/local/lib/python3.12/site-packages/sqlalchemy/pool/base.py", line 674, in __init__
    self.__connect()
  File "/usr/local/lib/python3.12/site-packages/sqlalchemy/pool/base.py", line 900, in __connect
    with util.safe_reraise():
         ^^^^^^^^^^^^^^^^^^^
  File "/usr/local/lib/python3.12/site-packages/sqlalchemy/util/langhelpers.py", line 146, in __exit__
    raise exc_value.with_traceback(exc_tb)
  File "/usr/local/lib/python3.12/site-packages/sqlalchemy/pool/base.py", line 896, in __connect
    self.dbapi_connection = connection = pool._invoke_creator(self)
                                         ^^^^^^^^^^^^^^^^^^^^^^^^^^
  File "/usr/local/lib/python3.12/site-packages/sqlalchemy/engine/create.py", line 643, in connect
    return dialect.connect(*cargs, **cparams)
           ^^^^^^^^^^^^^^^^^^^^^^^^^^^^^^^^^^
  File "/usr/local/lib/python3.12/site-packages/sqlalchemy/engine/default.py", line 621, in connect
    return self.loaded_dbapi.connect(*cargs, **cparams)
           ^^^^^^^^^^^^^^^^^^^^^^^^^^^^^^^^^^^^^^^^^^^^
  File "/usr/local/lib/python3.12/site-packages/psycopg2/__init__.py", line 122, in connect
    conn = _connect(dsn, connection_factory=connection_factory, **kwasync)
           ^^^^^^^^^^^^^^^^^^^^^^^^^^^^^^^^^^^^^^^^^^^^^^^^^^^^^^^^^^^^^^^
psycopg2.OperationalError: could not translate host name "postgres" to address: Name or service not known


The above exception was the direct cause of the following exception:

Traceback (most recent call last):
  File "/app/services/data_service/main.py", line 70, in startup_event
    ensure_timescale_table()
  File "/app/services/data_service/ingestion/storage.py", line 40, in ensure_timescale_table
    with engine.begin() as conn:
         ^^^^^^^^^^^^^^
  File "/usr/local/lib/python3.12/contextlib.py", line 137, in __enter__
    return next(self.gen)
           ^^^^^^^^^^^^^^
  File "/usr/local/lib/python3.12/site-packages/sqlalchemy/engine/base.py", line 3242, in begin
    with self.connect() as conn:
         ^^^^^^^^^^^^^^
  File "/usr/local/lib/python3.12/site-packages/sqlalchemy/engine/base.py", line 3278, in connect
    return self._connection_cls(self)
           ^^^^^^^^^^^^^^^^^^^^^^^^^^
  File "/usr/local/lib/python3.12/site-packages/sqlalchemy/engine/base.py", line 148, in __init__
    Connection._handle_dbapi_exception_noconnection(
  File "/usr/local/lib/python3.12/site-packages/sqlalchemy/engine/base.py", line 2442, in _handle_dbapi_exception_noconnection
    raise sqlalchemy_exception.with_traceback(exc_info[2]) from e
  File "/usr/local/lib/python3.12/site-packages/sqlalchemy/engine/base.py", line 146, in __init__
    self._dbapi_connection = engine.raw_connection()
                             ^^^^^^^^^^^^^^^^^^^^^^^
  File "/usr/local/lib/python3.12/site-packages/sqlalchemy/engine/base.py", line 3302, in raw_connection
    return self.pool.connect()
           ^^^^^^^^^^^^^^^^^^^
  File "/usr/local/lib/python3.12/site-packages/sqlalchemy/pool/base.py", line 449, in connect
    return _ConnectionFairy._checkout(self)
           ^^^^^^^^^^^^^^^^^^^^^^^^^^^^^^^^
  File "/usr/local/lib/python3.12/site-packages/sqlalchemy/pool/base.py", line 1263, in _checkout
    fairy = _ConnectionRecord.checkout(pool)
            ^^^^^^^^^^^^^^^^^^^^^^^^^^^^^^^^
  File "/usr/local/lib/python3.12/site-packages/sqlalchemy/pool/base.py", line 712, in checkout
    rec = pool._do_get()
          ^^^^^^^^^^^^^^
  File "/usr/local/lib/python3.12/site-packages/sqlalchemy/pool/impl.py", line 179, in _do_get
    with util.safe_reraise():
         ^^^^^^^^^^^^^^^^^^^
  File "/usr/local/lib/python3.12/site-packages/sqlalchemy/util/langhelpers.py", line 146, in __exit__
    raise exc_value.with_traceback(exc_tb)
  File "/usr/local/lib/python3.12/site-packages/sqlalchemy/pool/impl.py", line 177, in _do_get
    return self._create_connection()
           ^^^^^^^^^^^^^^^^^^^^^^^^^
  File "/usr/local/lib/python3.12/site-packages/sqlalchemy/pool/base.py", line 390, in _create_connection
    return _ConnectionRecord(self)
           ^^^^^^^^^^^^^^^^^^^^^^^
  File "/usr/local/lib/python3.12/site-packages/sqlalchemy/pool/base.py", line 674, in __init__
    self.__connect()
  File "/usr/local/lib/python3.12/site-packages/sqlalchemy/pool/base.py", line 900, in __connect
    with util.safe_reraise():
         ^^^^^^^^^^^^^^^^^^^
  File "/usr/local/lib/python3.12/site-packages/sqlalchemy/util/langhelpers.py", line 146, in __exit__
    raise exc_value.with_traceback(exc_tb)
  File "/usr/local/lib/python3.12/site-packages/sqlalchemy/pool/base.py", line 896, in __connect
    self.dbapi_connection = connection = pool._invoke_creator(self)
                                         ^^^^^^^^^^^^^^^^^^^^^^^^^^
  File "/usr/local/lib/python3.12/site-packages/sqlalchemy/engine/create.py", line 643, in connect
    return dialect.connect(*cargs, **cparams)
           ^^^^^^^^^^^^^^^^^^^^^^^^^^^^^^^^^^
  File "/usr/local/lib/python3.12/site-packages/sqlalchemy/engine/default.py", line 621, in connect
    return self.loaded_dbapi.connect(*cargs, **cparams)
           ^^^^^^^^^^^^^^^^^^^^^^^^^^^^^^^^^^^^^^^^^^^^
  File "/usr/local/lib/python3.12/site-packages/psycopg2/__init__.py", line 122, in connect
    conn = _connect(dsn, connection_factory=connection_factory, **kwasync)
           ^^^^^^^^^^^^^^^^^^^^^^^^^^^^^^^^^^^^^^^^^^^^^^^^^^^^^^^^^^^^^^^
sqlalchemy.exc.OperationalError: (psycopg2.OperationalError) could not translate host name "postgres" to address: Name or service not known

(Background on this error at: https://sqlalche.me/e/20/e3q8)
2025-10-15 23:50:44 | INFO | data_service | ⏱️ Launching ingestion scheduler (non-blocking)...
2025-10-15 23:50:44 | INFO | data_service | ⚙️ Starting scheduler | symbols=['NIFTY50'] | timeframe=1m | interval=60s | tz=Asia/Kolkata
2025-10-15 23:50:44 | INFO | data_service | 📆 Scheduled job added | id=fetch_NIFTY50_1m | every=60s
2025-10-15 23:50:44 | INFO | data_service | 📡 Starting Kite WebSocket stream for 15 tokens
2025-10-15 23:50:44 | INFO | data_service | ⚙️ Initializing Kite WebSocket | tokens=15 | symbols=['NIFTY50']
2025-10-15 23:50:44 | ERROR | data_service | ⚠️ Failed to start Kite WebSocket: 'NoneType' object is not callable
Traceback (most recent call last):
  File "/app/services/data_service/ingestion/scheduler.py", line 137, in start_scheduler
    start_kite_ws(kite_tokens, symbols)
  File "/app/services/data_service/ingestion/websocket_handler.py", line 44, in start_kite_ws
    @kws.on_connect
     ^^^^^^^^^^^^^^
TypeError: 'NoneType' object is not callable
2025-10-15 23:50:44 | INFO | data_service | ✅ Scheduler started with 3 jobs
2025-10-15 23:50:44 | INFO | data_service | ✅ Scheduler successfully started
2025-10-15 23:50:44 | INFO | data_service | 📨 Launching Kafka consumer (non-blocking)...
2025-10-15 23:50:44 | INFO | data_service | ✅ Kafka consumer initialized | topic=market_data | group_id=data_service_group
2025-10-15 23:50:44 | INFO | data_service | 📡 Subscribed to topic: market_data
2025-10-15 23:50:44 | INFO | data_service | 🧵 Kafka consumer running in background thread
2025-10-15 23:50:44 | INFO | data_service | ✅ Kafka consumer started successfully
2025-10-15 23:50:44 | INFO | data_service | ✅ Data Service startup completed in 3.74s
2025-10-15 23:50:44 | ERROR | data_service | ⚠️ Kafka error: KafkaError{code=UNKNOWN_TOPIC_OR_PART,val=3,str="Subscribed topic not available: market_data: Broker: Unknown topic or partition"}
2025-10-15 23:53:34 | INFO | data_service | 🛑 Data Service shutdown initiated...
2025-10-15 23:53:34 | INFO | data_service | ✅ Data Service shutdown complete
2025-10-15 23:53:36 | INFO | data_service | 📂 Logging initialized → /logs/data_service_20251015.log
2025-10-15 23:53:36 | INFO | data_service | 📂 Logging initialized → /logs/data_service_20251015.log
2025-10-15 23:53:36 | INFO | data_service | 📂 Logging initialized → /logs/data_service_20251015.log
2025-10-15 23:53:36 | INFO | data_service | 📂 Logging initialized → /logs/data_service_20251015.log
2025-10-15 23:53:37 | INFO | data_service | 📂 Logging initialized → /logs/data_service_20251015.log
2025-10-15 23:53:37 | INFO | data_service | 📂 Logging initialized → /logs/data_service_20251015.log
2025-10-15 23:53:37 | INFO | data_service | 📂 Logging initialized → /logs/data_service_20251015.log
2025-10-15 23:53:37 | INFO | data_service | 📂 Logging initialized → /logs/data_service_20251015.log
2025-10-15 23:53:37 | INFO | data_service | 📂 Logging initialized → /logs/data_service_20251015.log
2025-10-15 23:53:37 | INFO | data_service | 📂 Logging initialized → /logs/data_service_20251015.log
2025-10-15 23:53:37 | INFO | data_service | 📂 Logging initialized → /logs/data_service_20251015.log
2025-10-15 23:53:37 | INFO | data_service | 🚀 Initializing Data Service...
2025-10-15 23:53:37 | INFO | data_service | ⚙️ Configuration loaded successfully
2025-10-15 23:53:37 | INFO | data_service | 🩺 Health check route registered at /healthz
2025-10-15 23:53:37 | INFO | data_service | 📡 Data Service startup event triggered
2025-10-15 23:53:37 | INFO | data_service | 🧱 Ensuring TimescaleDB tables exist...
2025-10-15 23:53:47 | ERROR | data_service | ❌ Failed to ensure Timescale table: (psycopg2.OperationalError) could not translate host name "postgres" to address: Name or service not known

(Background on this error at: https://sqlalche.me/e/20/e3q8)
Traceback (most recent call last):
  File "/usr/local/lib/python3.12/site-packages/sqlalchemy/engine/base.py", line 146, in __init__
    self._dbapi_connection = engine.raw_connection()
                             ^^^^^^^^^^^^^^^^^^^^^^^
  File "/usr/local/lib/python3.12/site-packages/sqlalchemy/engine/base.py", line 3302, in raw_connection
    return self.pool.connect()
           ^^^^^^^^^^^^^^^^^^^
  File "/usr/local/lib/python3.12/site-packages/sqlalchemy/pool/base.py", line 449, in connect
    return _ConnectionFairy._checkout(self)
           ^^^^^^^^^^^^^^^^^^^^^^^^^^^^^^^^
  File "/usr/local/lib/python3.12/site-packages/sqlalchemy/pool/base.py", line 1263, in _checkout
    fairy = _ConnectionRecord.checkout(pool)
            ^^^^^^^^^^^^^^^^^^^^^^^^^^^^^^^^
  File "/usr/local/lib/python3.12/site-packages/sqlalchemy/pool/base.py", line 712, in checkout
    rec = pool._do_get()
          ^^^^^^^^^^^^^^
  File "/usr/local/lib/python3.12/site-packages/sqlalchemy/pool/impl.py", line 179, in _do_get
    with util.safe_reraise():
         ^^^^^^^^^^^^^^^^^^^
  File "/usr/local/lib/python3.12/site-packages/sqlalchemy/util/langhelpers.py", line 146, in __exit__
    raise exc_value.with_traceback(exc_tb)
  File "/usr/local/lib/python3.12/site-packages/sqlalchemy/pool/impl.py", line 177, in _do_get
    return self._create_connection()
           ^^^^^^^^^^^^^^^^^^^^^^^^^
  File "/usr/local/lib/python3.12/site-packages/sqlalchemy/pool/base.py", line 390, in _create_connection
    return _ConnectionRecord(self)
           ^^^^^^^^^^^^^^^^^^^^^^^
  File "/usr/local/lib/python3.12/site-packages/sqlalchemy/pool/base.py", line 674, in __init__
    self.__connect()
  File "/usr/local/lib/python3.12/site-packages/sqlalchemy/pool/base.py", line 900, in __connect
    with util.safe_reraise():
         ^^^^^^^^^^^^^^^^^^^
  File "/usr/local/lib/python3.12/site-packages/sqlalchemy/util/langhelpers.py", line 146, in __exit__
    raise exc_value.with_traceback(exc_tb)
  File "/usr/local/lib/python3.12/site-packages/sqlalchemy/pool/base.py", line 896, in __connect
    self.dbapi_connection = connection = pool._invoke_creator(self)
                                         ^^^^^^^^^^^^^^^^^^^^^^^^^^
  File "/usr/local/lib/python3.12/site-packages/sqlalchemy/engine/create.py", line 643, in connect
    return dialect.connect(*cargs, **cparams)
           ^^^^^^^^^^^^^^^^^^^^^^^^^^^^^^^^^^
  File "/usr/local/lib/python3.12/site-packages/sqlalchemy/engine/default.py", line 621, in connect
    return self.loaded_dbapi.connect(*cargs, **cparams)
           ^^^^^^^^^^^^^^^^^^^^^^^^^^^^^^^^^^^^^^^^^^^^
  File "/usr/local/lib/python3.12/site-packages/psycopg2/__init__.py", line 122, in connect
    conn = _connect(dsn, connection_factory=connection_factory, **kwasync)
           ^^^^^^^^^^^^^^^^^^^^^^^^^^^^^^^^^^^^^^^^^^^^^^^^^^^^^^^^^^^^^^^
psycopg2.OperationalError: could not translate host name "postgres" to address: Name or service not known


The above exception was the direct cause of the following exception:

Traceback (most recent call last):
  File "/app/services/data_service/ingestion/storage.py", line 40, in ensure_timescale_table
    with engine.begin() as conn:
         ^^^^^^^^^^^^^^
  File "/usr/local/lib/python3.12/contextlib.py", line 137, in __enter__
    return next(self.gen)
           ^^^^^^^^^^^^^^
  File "/usr/local/lib/python3.12/site-packages/sqlalchemy/engine/base.py", line 3242, in begin
    with self.connect() as conn:
         ^^^^^^^^^^^^^^
  File "/usr/local/lib/python3.12/site-packages/sqlalchemy/engine/base.py", line 3278, in connect
    return self._connection_cls(self)
           ^^^^^^^^^^^^^^^^^^^^^^^^^^
  File "/usr/local/lib/python3.12/site-packages/sqlalchemy/engine/base.py", line 148, in __init__
    Connection._handle_dbapi_exception_noconnection(
  File "/usr/local/lib/python3.12/site-packages/sqlalchemy/engine/base.py", line 2442, in _handle_dbapi_exception_noconnection
    raise sqlalchemy_exception.with_traceback(exc_info[2]) from e
  File "/usr/local/lib/python3.12/site-packages/sqlalchemy/engine/base.py", line 146, in __init__
    self._dbapi_connection = engine.raw_connection()
                             ^^^^^^^^^^^^^^^^^^^^^^^
  File "/usr/local/lib/python3.12/site-packages/sqlalchemy/engine/base.py", line 3302, in raw_connection
    return self.pool.connect()
           ^^^^^^^^^^^^^^^^^^^
  File "/usr/local/lib/python3.12/site-packages/sqlalchemy/pool/base.py", line 449, in connect
    return _ConnectionFairy._checkout(self)
           ^^^^^^^^^^^^^^^^^^^^^^^^^^^^^^^^
  File "/usr/local/lib/python3.12/site-packages/sqlalchemy/pool/base.py", line 1263, in _checkout
    fairy = _ConnectionRecord.checkout(pool)
            ^^^^^^^^^^^^^^^^^^^^^^^^^^^^^^^^
  File "/usr/local/lib/python3.12/site-packages/sqlalchemy/pool/base.py", line 712, in checkout
    rec = pool._do_get()
          ^^^^^^^^^^^^^^
  File "/usr/local/lib/python3.12/site-packages/sqlalchemy/pool/impl.py", line 179, in _do_get
    with util.safe_reraise():
         ^^^^^^^^^^^^^^^^^^^
  File "/usr/local/lib/python3.12/site-packages/sqlalchemy/util/langhelpers.py", line 146, in __exit__
    raise exc_value.with_traceback(exc_tb)
  File "/usr/local/lib/python3.12/site-packages/sqlalchemy/pool/impl.py", line 177, in _do_get
    return self._create_connection()
           ^^^^^^^^^^^^^^^^^^^^^^^^^
  File "/usr/local/lib/python3.12/site-packages/sqlalchemy/pool/base.py", line 390, in _create_connection
    return _ConnectionRecord(self)
           ^^^^^^^^^^^^^^^^^^^^^^^
  File "/usr/local/lib/python3.12/site-packages/sqlalchemy/pool/base.py", line 674, in __init__
    self.__connect()
  File "/usr/local/lib/python3.12/site-packages/sqlalchemy/pool/base.py", line 900, in __connect
    with util.safe_reraise():
         ^^^^^^^^^^^^^^^^^^^
  File "/usr/local/lib/python3.12/site-packages/sqlalchemy/util/langhelpers.py", line 146, in __exit__
    raise exc_value.with_traceback(exc_tb)
  File "/usr/local/lib/python3.12/site-packages/sqlalchemy/pool/base.py", line 896, in __connect
    self.dbapi_connection = connection = pool._invoke_creator(self)
                                         ^^^^^^^^^^^^^^^^^^^^^^^^^^
  File "/usr/local/lib/python3.12/site-packages/sqlalchemy/engine/create.py", line 643, in connect
    return dialect.connect(*cargs, **cparams)
           ^^^^^^^^^^^^^^^^^^^^^^^^^^^^^^^^^^
  File "/usr/local/lib/python3.12/site-packages/sqlalchemy/engine/default.py", line 621, in connect
    return self.loaded_dbapi.connect(*cargs, **cparams)
           ^^^^^^^^^^^^^^^^^^^^^^^^^^^^^^^^^^^^^^^^^^^^
  File "/usr/local/lib/python3.12/site-packages/psycopg2/__init__.py", line 122, in connect
    conn = _connect(dsn, connection_factory=connection_factory, **kwasync)
           ^^^^^^^^^^^^^^^^^^^^^^^^^^^^^^^^^^^^^^^^^^^^^^^^^^^^^^^^^^^^^^^
sqlalchemy.exc.OperationalError: (psycopg2.OperationalError) could not translate host name "postgres" to address: Name or service not known

(Background on this error at: https://sqlalche.me/e/20/e3q8)
2025-10-15 23:53:47 | WARNING | data_service | ⚠️ Timescale initialization failed: (psycopg2.OperationalError) could not translate host name "postgres" to address: Name or service not known

(Background on this error at: https://sqlalche.me/e/20/e3q8)
Traceback (most recent call last):
  File "/usr/local/lib/python3.12/site-packages/sqlalchemy/engine/base.py", line 146, in __init__
    self._dbapi_connection = engine.raw_connection()
                             ^^^^^^^^^^^^^^^^^^^^^^^
  File "/usr/local/lib/python3.12/site-packages/sqlalchemy/engine/base.py", line 3302, in raw_connection
    return self.pool.connect()
           ^^^^^^^^^^^^^^^^^^^
  File "/usr/local/lib/python3.12/site-packages/sqlalchemy/pool/base.py", line 449, in connect
    return _ConnectionFairy._checkout(self)
           ^^^^^^^^^^^^^^^^^^^^^^^^^^^^^^^^
  File "/usr/local/lib/python3.12/site-packages/sqlalchemy/pool/base.py", line 1263, in _checkout
    fairy = _ConnectionRecord.checkout(pool)
            ^^^^^^^^^^^^^^^^^^^^^^^^^^^^^^^^
  File "/usr/local/lib/python3.12/site-packages/sqlalchemy/pool/base.py", line 712, in checkout
    rec = pool._do_get()
          ^^^^^^^^^^^^^^
  File "/usr/local/lib/python3.12/site-packages/sqlalchemy/pool/impl.py", line 179, in _do_get
    with util.safe_reraise():
         ^^^^^^^^^^^^^^^^^^^
  File "/usr/local/lib/python3.12/site-packages/sqlalchemy/util/langhelpers.py", line 146, in __exit__
    raise exc_value.with_traceback(exc_tb)
  File "/usr/local/lib/python3.12/site-packages/sqlalchemy/pool/impl.py", line 177, in _do_get
    return self._create_connection()
           ^^^^^^^^^^^^^^^^^^^^^^^^^
  File "/usr/local/lib/python3.12/site-packages/sqlalchemy/pool/base.py", line 390, in _create_connection
    return _ConnectionRecord(self)
           ^^^^^^^^^^^^^^^^^^^^^^^
  File "/usr/local/lib/python3.12/site-packages/sqlalchemy/pool/base.py", line 674, in __init__
    self.__connect()
  File "/usr/local/lib/python3.12/site-packages/sqlalchemy/pool/base.py", line 900, in __connect
    with util.safe_reraise():
         ^^^^^^^^^^^^^^^^^^^
  File "/usr/local/lib/python3.12/site-packages/sqlalchemy/util/langhelpers.py", line 146, in __exit__
    raise exc_value.with_traceback(exc_tb)
  File "/usr/local/lib/python3.12/site-packages/sqlalchemy/pool/base.py", line 896, in __connect
    self.dbapi_connection = connection = pool._invoke_creator(self)
                                         ^^^^^^^^^^^^^^^^^^^^^^^^^^
  File "/usr/local/lib/python3.12/site-packages/sqlalchemy/engine/create.py", line 643, in connect
    return dialect.connect(*cargs, **cparams)
           ^^^^^^^^^^^^^^^^^^^^^^^^^^^^^^^^^^
  File "/usr/local/lib/python3.12/site-packages/sqlalchemy/engine/default.py", line 621, in connect
    return self.loaded_dbapi.connect(*cargs, **cparams)
           ^^^^^^^^^^^^^^^^^^^^^^^^^^^^^^^^^^^^^^^^^^^^
  File "/usr/local/lib/python3.12/site-packages/psycopg2/__init__.py", line 122, in connect
    conn = _connect(dsn, connection_factory=connection_factory, **kwasync)
           ^^^^^^^^^^^^^^^^^^^^^^^^^^^^^^^^^^^^^^^^^^^^^^^^^^^^^^^^^^^^^^^
psycopg2.OperationalError: could not translate host name "postgres" to address: Name or service not known


The above exception was the direct cause of the following exception:

Traceback (most recent call last):
  File "/app/services/data_service/main.py", line 70, in startup_event
    ensure_timescale_table()
  File "/app/services/data_service/ingestion/storage.py", line 40, in ensure_timescale_table
    with engine.begin() as conn:
         ^^^^^^^^^^^^^^
  File "/usr/local/lib/python3.12/contextlib.py", line 137, in __enter__
    return next(self.gen)
           ^^^^^^^^^^^^^^
  File "/usr/local/lib/python3.12/site-packages/sqlalchemy/engine/base.py", line 3242, in begin
    with self.connect() as conn:
         ^^^^^^^^^^^^^^
  File "/usr/local/lib/python3.12/site-packages/sqlalchemy/engine/base.py", line 3278, in connect
    return self._connection_cls(self)
           ^^^^^^^^^^^^^^^^^^^^^^^^^^
  File "/usr/local/lib/python3.12/site-packages/sqlalchemy/engine/base.py", line 148, in __init__
    Connection._handle_dbapi_exception_noconnection(
  File "/usr/local/lib/python3.12/site-packages/sqlalchemy/engine/base.py", line 2442, in _handle_dbapi_exception_noconnection
    raise sqlalchemy_exception.with_traceback(exc_info[2]) from e
  File "/usr/local/lib/python3.12/site-packages/sqlalchemy/engine/base.py", line 146, in __init__
    self._dbapi_connection = engine.raw_connection()
                             ^^^^^^^^^^^^^^^^^^^^^^^
  File "/usr/local/lib/python3.12/site-packages/sqlalchemy/engine/base.py", line 3302, in raw_connection
    return self.pool.connect()
           ^^^^^^^^^^^^^^^^^^^
  File "/usr/local/lib/python3.12/site-packages/sqlalchemy/pool/base.py", line 449, in connect
    return _ConnectionFairy._checkout(self)
           ^^^^^^^^^^^^^^^^^^^^^^^^^^^^^^^^
  File "/usr/local/lib/python3.12/site-packages/sqlalchemy/pool/base.py", line 1263, in _checkout
    fairy = _ConnectionRecord.checkout(pool)
            ^^^^^^^^^^^^^^^^^^^^^^^^^^^^^^^^
  File "/usr/local/lib/python3.12/site-packages/sqlalchemy/pool/base.py", line 712, in checkout
    rec = pool._do_get()
          ^^^^^^^^^^^^^^
  File "/usr/local/lib/python3.12/site-packages/sqlalchemy/pool/impl.py", line 179, in _do_get
    with util.safe_reraise():
         ^^^^^^^^^^^^^^^^^^^
  File "/usr/local/lib/python3.12/site-packages/sqlalchemy/util/langhelpers.py", line 146, in __exit__
    raise exc_value.with_traceback(exc_tb)
  File "/usr/local/lib/python3.12/site-packages/sqlalchemy/pool/impl.py", line 177, in _do_get
    return self._create_connection()
           ^^^^^^^^^^^^^^^^^^^^^^^^^
  File "/usr/local/lib/python3.12/site-packages/sqlalchemy/pool/base.py", line 390, in _create_connection
    return _ConnectionRecord(self)
           ^^^^^^^^^^^^^^^^^^^^^^^
  File "/usr/local/lib/python3.12/site-packages/sqlalchemy/pool/base.py", line 674, in __init__
    self.__connect()
  File "/usr/local/lib/python3.12/site-packages/sqlalchemy/pool/base.py", line 900, in __connect
    with util.safe_reraise():
         ^^^^^^^^^^^^^^^^^^^
  File "/usr/local/lib/python3.12/site-packages/sqlalchemy/util/langhelpers.py", line 146, in __exit__
    raise exc_value.with_traceback(exc_tb)
  File "/usr/local/lib/python3.12/site-packages/sqlalchemy/pool/base.py", line 896, in __connect
    self.dbapi_connection = connection = pool._invoke_creator(self)
                                         ^^^^^^^^^^^^^^^^^^^^^^^^^^
  File "/usr/local/lib/python3.12/site-packages/sqlalchemy/engine/create.py", line 643, in connect
    return dialect.connect(*cargs, **cparams)
           ^^^^^^^^^^^^^^^^^^^^^^^^^^^^^^^^^^
  File "/usr/local/lib/python3.12/site-packages/sqlalchemy/engine/default.py", line 621, in connect
    return self.loaded_dbapi.connect(*cargs, **cparams)
           ^^^^^^^^^^^^^^^^^^^^^^^^^^^^^^^^^^^^^^^^^^^^
  File "/usr/local/lib/python3.12/site-packages/psycopg2/__init__.py", line 122, in connect
    conn = _connect(dsn, connection_factory=connection_factory, **kwasync)
           ^^^^^^^^^^^^^^^^^^^^^^^^^^^^^^^^^^^^^^^^^^^^^^^^^^^^^^^^^^^^^^^
sqlalchemy.exc.OperationalError: (psycopg2.OperationalError) could not translate host name "postgres" to address: Name or service not known

(Background on this error at: https://sqlalche.me/e/20/e3q8)
2025-10-15 23:53:47 | INFO | data_service | ⏱️ Launching ingestion scheduler (non-blocking)...
2025-10-15 23:53:47 | INFO | data_service | ⚙️ Starting scheduler | symbols=['NIFTY50'] | timeframe=1m | interval=60s | tz=Asia/Kolkata
2025-10-15 23:53:47 | INFO | data_service | 📆 Scheduled job added | id=fetch_NIFTY50_1m | every=60s
2025-10-15 23:53:47 | INFO | data_service | 📡 Starting Kite WebSocket stream for 15 tokens
2025-10-15 23:53:47 | INFO | data_service | ⚙️ Initializing Kite WebSocket | tokens=15 | symbols=['NIFTY50']
2025-10-15 23:53:47 | ERROR | data_service | ⚠️ Failed to start Kite WebSocket: 'NoneType' object is not callable
Traceback (most recent call last):
  File "/app/services/data_service/ingestion/scheduler.py", line 137, in start_scheduler
    start_kite_ws(kite_tokens, symbols)
  File "/app/services/data_service/ingestion/websocket_handler.py", line 44, in start_kite_ws
    @kws.on_connect
     ^^^^^^^^^^^^^^
TypeError: 'NoneType' object is not callable
2025-10-15 23:53:47 | INFO | data_service | ✅ Scheduler started with 3 jobs
2025-10-15 23:53:47 | INFO | data_service | ✅ Scheduler successfully started
2025-10-15 23:53:47 | INFO | data_service | 📨 Launching Kafka consumer (non-blocking)...
2025-10-15 23:53:47 | INFO | data_service | ✅ Kafka consumer initialized | topic=market_data | group_id=data_service_group
2025-10-15 23:53:47 | INFO | data_service | 📡 Subscribed to topic: market_data
2025-10-15 23:53:47 | INFO | data_service | 🧵 Kafka consumer running in background thread
2025-10-15 23:53:47 | INFO | data_service | ✅ Kafka consumer started successfully
2025-10-15 23:53:47 | INFO | data_service | ✅ Data Service startup completed in 9.19s
2025-10-15 23:53:47 | ERROR | data_service | ⚠️ Kafka error: KafkaError{code=UNKNOWN_TOPIC_OR_PART,val=3,str="Subscribed topic not available: market_data: Broker: Unknown topic or partition"}
2025-10-15 23:54:58 | INFO | data_service | 🛑 Data Service shutdown initiated...
2025-10-15 23:54:58 | INFO | data_service | ✅ Data Service shutdown complete
2025-10-15 23:55:00 | INFO | data_service | 📂 Logging initialized → /logs/data_service_20251015.log
2025-10-15 23:55:00 | INFO | data_service | 📂 Logging initialized → /logs/data_service_20251015.log
2025-10-15 23:55:00 | INFO | data_service | 📂 Logging initialized → /logs/data_service_20251015.log
2025-10-15 23:55:00 | INFO | data_service | 📂 Logging initialized → /logs/data_service_20251015.log
2025-10-15 23:55:00 | INFO | data_service | 📂 Logging initialized → /logs/data_service_20251015.log
2025-10-15 23:55:00 | INFO | data_service | 📂 Logging initialized → /logs/data_service_20251015.log
2025-10-15 23:55:00 | INFO | data_service | 📂 Logging initialized → /logs/data_service_20251015.log
2025-10-15 23:55:00 | INFO | data_service | 📂 Logging initialized → /logs/data_service_20251015.log
2025-10-15 23:55:00 | INFO | data_service | 📂 Logging initialized → /logs/data_service_20251015.log
2025-10-15 23:55:00 | INFO | data_service | 📂 Logging initialized → /logs/data_service_20251015.log
2025-10-15 23:55:00 | INFO | data_service | 📂 Logging initialized → /logs/data_service_20251015.log
2025-10-15 23:55:00 | INFO | data_service | 🚀 Initializing Data Service...
2025-10-15 23:55:00 | INFO | data_service | ⚙️ Configuration loaded successfully
2025-10-15 23:55:00 | INFO | data_service | 🩺 Health check route registered at /healthz
2025-10-15 23:55:00 | INFO | data_service | 📡 Data Service startup event triggered
2025-10-15 23:55:00 | INFO | data_service | 🧱 Ensuring TimescaleDB tables exist...
2025-10-15 23:55:04 | ERROR | data_service | ❌ Failed to ensure Timescale table: (psycopg2.OperationalError) could not translate host name "postgres" to address: Name or service not known

(Background on this error at: https://sqlalche.me/e/20/e3q8)
Traceback (most recent call last):
  File "/usr/local/lib/python3.12/site-packages/sqlalchemy/engine/base.py", line 146, in __init__
    self._dbapi_connection = engine.raw_connection()
                             ^^^^^^^^^^^^^^^^^^^^^^^
  File "/usr/local/lib/python3.12/site-packages/sqlalchemy/engine/base.py", line 3302, in raw_connection
    return self.pool.connect()
           ^^^^^^^^^^^^^^^^^^^
  File "/usr/local/lib/python3.12/site-packages/sqlalchemy/pool/base.py", line 449, in connect
    return _ConnectionFairy._checkout(self)
           ^^^^^^^^^^^^^^^^^^^^^^^^^^^^^^^^
  File "/usr/local/lib/python3.12/site-packages/sqlalchemy/pool/base.py", line 1263, in _checkout
    fairy = _ConnectionRecord.checkout(pool)
            ^^^^^^^^^^^^^^^^^^^^^^^^^^^^^^^^
  File "/usr/local/lib/python3.12/site-packages/sqlalchemy/pool/base.py", line 712, in checkout
    rec = pool._do_get()
          ^^^^^^^^^^^^^^
  File "/usr/local/lib/python3.12/site-packages/sqlalchemy/pool/impl.py", line 179, in _do_get
    with util.safe_reraise():
         ^^^^^^^^^^^^^^^^^^^
  File "/usr/local/lib/python3.12/site-packages/sqlalchemy/util/langhelpers.py", line 146, in __exit__
    raise exc_value.with_traceback(exc_tb)
  File "/usr/local/lib/python3.12/site-packages/sqlalchemy/pool/impl.py", line 177, in _do_get
    return self._create_connection()
           ^^^^^^^^^^^^^^^^^^^^^^^^^
  File "/usr/local/lib/python3.12/site-packages/sqlalchemy/pool/base.py", line 390, in _create_connection
    return _ConnectionRecord(self)
           ^^^^^^^^^^^^^^^^^^^^^^^
  File "/usr/local/lib/python3.12/site-packages/sqlalchemy/pool/base.py", line 674, in __init__
    self.__connect()
  File "/usr/local/lib/python3.12/site-packages/sqlalchemy/pool/base.py", line 900, in __connect
    with util.safe_reraise():
         ^^^^^^^^^^^^^^^^^^^
  File "/usr/local/lib/python3.12/site-packages/sqlalchemy/util/langhelpers.py", line 146, in __exit__
    raise exc_value.with_traceback(exc_tb)
  File "/usr/local/lib/python3.12/site-packages/sqlalchemy/pool/base.py", line 896, in __connect
    self.dbapi_connection = connection = pool._invoke_creator(self)
                                         ^^^^^^^^^^^^^^^^^^^^^^^^^^
  File "/usr/local/lib/python3.12/site-packages/sqlalchemy/engine/create.py", line 643, in connect
    return dialect.connect(*cargs, **cparams)
           ^^^^^^^^^^^^^^^^^^^^^^^^^^^^^^^^^^
  File "/usr/local/lib/python3.12/site-packages/sqlalchemy/engine/default.py", line 621, in connect
    return self.loaded_dbapi.connect(*cargs, **cparams)
           ^^^^^^^^^^^^^^^^^^^^^^^^^^^^^^^^^^^^^^^^^^^^
  File "/usr/local/lib/python3.12/site-packages/psycopg2/__init__.py", line 122, in connect
    conn = _connect(dsn, connection_factory=connection_factory, **kwasync)
           ^^^^^^^^^^^^^^^^^^^^^^^^^^^^^^^^^^^^^^^^^^^^^^^^^^^^^^^^^^^^^^^
psycopg2.OperationalError: could not translate host name "postgres" to address: Name or service not known


The above exception was the direct cause of the following exception:

Traceback (most recent call last):
  File "/app/services/data_service/ingestion/storage.py", line 40, in ensure_timescale_table
    with engine.begin() as conn:
         ^^^^^^^^^^^^^^
  File "/usr/local/lib/python3.12/contextlib.py", line 137, in __enter__
    return next(self.gen)
           ^^^^^^^^^^^^^^
  File "/usr/local/lib/python3.12/site-packages/sqlalchemy/engine/base.py", line 3242, in begin
    with self.connect() as conn:
         ^^^^^^^^^^^^^^
  File "/usr/local/lib/python3.12/site-packages/sqlalchemy/engine/base.py", line 3278, in connect
    return self._connection_cls(self)
           ^^^^^^^^^^^^^^^^^^^^^^^^^^
  File "/usr/local/lib/python3.12/site-packages/sqlalchemy/engine/base.py", line 148, in __init__
    Connection._handle_dbapi_exception_noconnection(
  File "/usr/local/lib/python3.12/site-packages/sqlalchemy/engine/base.py", line 2442, in _handle_dbapi_exception_noconnection
    raise sqlalchemy_exception.with_traceback(exc_info[2]) from e
  File "/usr/local/lib/python3.12/site-packages/sqlalchemy/engine/base.py", line 146, in __init__
    self._dbapi_connection = engine.raw_connection()
                             ^^^^^^^^^^^^^^^^^^^^^^^
  File "/usr/local/lib/python3.12/site-packages/sqlalchemy/engine/base.py", line 3302, in raw_connection
    return self.pool.connect()
           ^^^^^^^^^^^^^^^^^^^
  File "/usr/local/lib/python3.12/site-packages/sqlalchemy/pool/base.py", line 449, in connect
    return _ConnectionFairy._checkout(self)
           ^^^^^^^^^^^^^^^^^^^^^^^^^^^^^^^^
  File "/usr/local/lib/python3.12/site-packages/sqlalchemy/pool/base.py", line 1263, in _checkout
    fairy = _ConnectionRecord.checkout(pool)
            ^^^^^^^^^^^^^^^^^^^^^^^^^^^^^^^^
  File "/usr/local/lib/python3.12/site-packages/sqlalchemy/pool/base.py", line 712, in checkout
    rec = pool._do_get()
          ^^^^^^^^^^^^^^
  File "/usr/local/lib/python3.12/site-packages/sqlalchemy/pool/impl.py", line 179, in _do_get
    with util.safe_reraise():
         ^^^^^^^^^^^^^^^^^^^
  File "/usr/local/lib/python3.12/site-packages/sqlalchemy/util/langhelpers.py", line 146, in __exit__
    raise exc_value.with_traceback(exc_tb)
  File "/usr/local/lib/python3.12/site-packages/sqlalchemy/pool/impl.py", line 177, in _do_get
    return self._create_connection()
           ^^^^^^^^^^^^^^^^^^^^^^^^^
  File "/usr/local/lib/python3.12/site-packages/sqlalchemy/pool/base.py", line 390, in _create_connection
    return _ConnectionRecord(self)
           ^^^^^^^^^^^^^^^^^^^^^^^
  File "/usr/local/lib/python3.12/site-packages/sqlalchemy/pool/base.py", line 674, in __init__
    self.__connect()
  File "/usr/local/lib/python3.12/site-packages/sqlalchemy/pool/base.py", line 900, in __connect
    with util.safe_reraise():
         ^^^^^^^^^^^^^^^^^^^
  File "/usr/local/lib/python3.12/site-packages/sqlalchemy/util/langhelpers.py", line 146, in __exit__
    raise exc_value.with_traceback(exc_tb)
  File "/usr/local/lib/python3.12/site-packages/sqlalchemy/pool/base.py", line 896, in __connect
    self.dbapi_connection = connection = pool._invoke_creator(self)
                                         ^^^^^^^^^^^^^^^^^^^^^^^^^^
  File "/usr/local/lib/python3.12/site-packages/sqlalchemy/engine/create.py", line 643, in connect
    return dialect.connect(*cargs, **cparams)
           ^^^^^^^^^^^^^^^^^^^^^^^^^^^^^^^^^^
  File "/usr/local/lib/python3.12/site-packages/sqlalchemy/engine/default.py", line 621, in connect
    return self.loaded_dbapi.connect(*cargs, **cparams)
           ^^^^^^^^^^^^^^^^^^^^^^^^^^^^^^^^^^^^^^^^^^^^
  File "/usr/local/lib/python3.12/site-packages/psycopg2/__init__.py", line 122, in connect
    conn = _connect(dsn, connection_factory=connection_factory, **kwasync)
           ^^^^^^^^^^^^^^^^^^^^^^^^^^^^^^^^^^^^^^^^^^^^^^^^^^^^^^^^^^^^^^^
sqlalchemy.exc.OperationalError: (psycopg2.OperationalError) could not translate host name "postgres" to address: Name or service not known

(Background on this error at: https://sqlalche.me/e/20/e3q8)
2025-10-15 23:55:04 | WARNING | data_service | ⚠️ Timescale initialization failed: (psycopg2.OperationalError) could not translate host name "postgres" to address: Name or service not known

(Background on this error at: https://sqlalche.me/e/20/e3q8)
Traceback (most recent call last):
  File "/usr/local/lib/python3.12/site-packages/sqlalchemy/engine/base.py", line 146, in __init__
    self._dbapi_connection = engine.raw_connection()
                             ^^^^^^^^^^^^^^^^^^^^^^^
  File "/usr/local/lib/python3.12/site-packages/sqlalchemy/engine/base.py", line 3302, in raw_connection
    return self.pool.connect()
           ^^^^^^^^^^^^^^^^^^^
  File "/usr/local/lib/python3.12/site-packages/sqlalchemy/pool/base.py", line 449, in connect
    return _ConnectionFairy._checkout(self)
           ^^^^^^^^^^^^^^^^^^^^^^^^^^^^^^^^
  File "/usr/local/lib/python3.12/site-packages/sqlalchemy/pool/base.py", line 1263, in _checkout
    fairy = _ConnectionRecord.checkout(pool)
            ^^^^^^^^^^^^^^^^^^^^^^^^^^^^^^^^
  File "/usr/local/lib/python3.12/site-packages/sqlalchemy/pool/base.py", line 712, in checkout
    rec = pool._do_get()
          ^^^^^^^^^^^^^^
  File "/usr/local/lib/python3.12/site-packages/sqlalchemy/pool/impl.py", line 179, in _do_get
    with util.safe_reraise():
         ^^^^^^^^^^^^^^^^^^^
  File "/usr/local/lib/python3.12/site-packages/sqlalchemy/util/langhelpers.py", line 146, in __exit__
    raise exc_value.with_traceback(exc_tb)
  File "/usr/local/lib/python3.12/site-packages/sqlalchemy/pool/impl.py", line 177, in _do_get
    return self._create_connection()
           ^^^^^^^^^^^^^^^^^^^^^^^^^
  File "/usr/local/lib/python3.12/site-packages/sqlalchemy/pool/base.py", line 390, in _create_connection
    return _ConnectionRecord(self)
           ^^^^^^^^^^^^^^^^^^^^^^^
  File "/usr/local/lib/python3.12/site-packages/sqlalchemy/pool/base.py", line 674, in __init__
    self.__connect()
  File "/usr/local/lib/python3.12/site-packages/sqlalchemy/pool/base.py", line 900, in __connect
    with util.safe_reraise():
         ^^^^^^^^^^^^^^^^^^^
  File "/usr/local/lib/python3.12/site-packages/sqlalchemy/util/langhelpers.py", line 146, in __exit__
    raise exc_value.with_traceback(exc_tb)
  File "/usr/local/lib/python3.12/site-packages/sqlalchemy/pool/base.py", line 896, in __connect
    self.dbapi_connection = connection = pool._invoke_creator(self)
                                         ^^^^^^^^^^^^^^^^^^^^^^^^^^
  File "/usr/local/lib/python3.12/site-packages/sqlalchemy/engine/create.py", line 643, in connect
    return dialect.connect(*cargs, **cparams)
           ^^^^^^^^^^^^^^^^^^^^^^^^^^^^^^^^^^
  File "/usr/local/lib/python3.12/site-packages/sqlalchemy/engine/default.py", line 621, in connect
    return self.loaded_dbapi.connect(*cargs, **cparams)
           ^^^^^^^^^^^^^^^^^^^^^^^^^^^^^^^^^^^^^^^^^^^^
  File "/usr/local/lib/python3.12/site-packages/psycopg2/__init__.py", line 122, in connect
    conn = _connect(dsn, connection_factory=connection_factory, **kwasync)
           ^^^^^^^^^^^^^^^^^^^^^^^^^^^^^^^^^^^^^^^^^^^^^^^^^^^^^^^^^^^^^^^
psycopg2.OperationalError: could not translate host name "postgres" to address: Name or service not known


The above exception was the direct cause of the following exception:

Traceback (most recent call last):
  File "/app/services/data_service/main.py", line 70, in startup_event
    ensure_timescale_table()
  File "/app/services/data_service/ingestion/storage.py", line 40, in ensure_timescale_table
    with engine.begin() as conn:
         ^^^^^^^^^^^^^^
  File "/usr/local/lib/python3.12/contextlib.py", line 137, in __enter__
    return next(self.gen)
           ^^^^^^^^^^^^^^
  File "/usr/local/lib/python3.12/site-packages/sqlalchemy/engine/base.py", line 3242, in begin
    with self.connect() as conn:
         ^^^^^^^^^^^^^^
  File "/usr/local/lib/python3.12/site-packages/sqlalchemy/engine/base.py", line 3278, in connect
    return self._connection_cls(self)
           ^^^^^^^^^^^^^^^^^^^^^^^^^^
  File "/usr/local/lib/python3.12/site-packages/sqlalchemy/engine/base.py", line 148, in __init__
    Connection._handle_dbapi_exception_noconnection(
  File "/usr/local/lib/python3.12/site-packages/sqlalchemy/engine/base.py", line 2442, in _handle_dbapi_exception_noconnection
    raise sqlalchemy_exception.with_traceback(exc_info[2]) from e
  File "/usr/local/lib/python3.12/site-packages/sqlalchemy/engine/base.py", line 146, in __init__
    self._dbapi_connection = engine.raw_connection()
                             ^^^^^^^^^^^^^^^^^^^^^^^
  File "/usr/local/lib/python3.12/site-packages/sqlalchemy/engine/base.py", line 3302, in raw_connection
    return self.pool.connect()
           ^^^^^^^^^^^^^^^^^^^
  File "/usr/local/lib/python3.12/site-packages/sqlalchemy/pool/base.py", line 449, in connect
    return _ConnectionFairy._checkout(self)
           ^^^^^^^^^^^^^^^^^^^^^^^^^^^^^^^^
  File "/usr/local/lib/python3.12/site-packages/sqlalchemy/pool/base.py", line 1263, in _checkout
    fairy = _ConnectionRecord.checkout(pool)
            ^^^^^^^^^^^^^^^^^^^^^^^^^^^^^^^^
  File "/usr/local/lib/python3.12/site-packages/sqlalchemy/pool/base.py", line 712, in checkout
    rec = pool._do_get()
          ^^^^^^^^^^^^^^
  File "/usr/local/lib/python3.12/site-packages/sqlalchemy/pool/impl.py", line 179, in _do_get
    with util.safe_reraise():
         ^^^^^^^^^^^^^^^^^^^
  File "/usr/local/lib/python3.12/site-packages/sqlalchemy/util/langhelpers.py", line 146, in __exit__
    raise exc_value.with_traceback(exc_tb)
  File "/usr/local/lib/python3.12/site-packages/sqlalchemy/pool/impl.py", line 177, in _do_get
    return self._create_connection()
           ^^^^^^^^^^^^^^^^^^^^^^^^^
  File "/usr/local/lib/python3.12/site-packages/sqlalchemy/pool/base.py", line 390, in _create_connection
    return _ConnectionRecord(self)
           ^^^^^^^^^^^^^^^^^^^^^^^
  File "/usr/local/lib/python3.12/site-packages/sqlalchemy/pool/base.py", line 674, in __init__
    self.__connect()
  File "/usr/local/lib/python3.12/site-packages/sqlalchemy/pool/base.py", line 900, in __connect
    with util.safe_reraise():
         ^^^^^^^^^^^^^^^^^^^
  File "/usr/local/lib/python3.12/site-packages/sqlalchemy/util/langhelpers.py", line 146, in __exit__
    raise exc_value.with_traceback(exc_tb)
  File "/usr/local/lib/python3.12/site-packages/sqlalchemy/pool/base.py", line 896, in __connect
    self.dbapi_connection = connection = pool._invoke_creator(self)
                                         ^^^^^^^^^^^^^^^^^^^^^^^^^^
  File "/usr/local/lib/python3.12/site-packages/sqlalchemy/engine/create.py", line 643, in connect
    return dialect.connect(*cargs, **cparams)
           ^^^^^^^^^^^^^^^^^^^^^^^^^^^^^^^^^^
  File "/usr/local/lib/python3.12/site-packages/sqlalchemy/engine/default.py", line 621, in connect
    return self.loaded_dbapi.connect(*cargs, **cparams)
           ^^^^^^^^^^^^^^^^^^^^^^^^^^^^^^^^^^^^^^^^^^^^
  File "/usr/local/lib/python3.12/site-packages/psycopg2/__init__.py", line 122, in connect
    conn = _connect(dsn, connection_factory=connection_factory, **kwasync)
           ^^^^^^^^^^^^^^^^^^^^^^^^^^^^^^^^^^^^^^^^^^^^^^^^^^^^^^^^^^^^^^^
sqlalchemy.exc.OperationalError: (psycopg2.OperationalError) could not translate host name "postgres" to address: Name or service not known

(Background on this error at: https://sqlalche.me/e/20/e3q8)
2025-10-15 23:55:04 | INFO | data_service | ⏱️ Launching ingestion scheduler (non-blocking)...
2025-10-15 23:55:04 | INFO | data_service | ⚙️ Starting scheduler | symbols=['NIFTY50'] | timeframe=1m | interval=60s | tz=Asia/Kolkata
2025-10-15 23:55:04 | INFO | data_service | 📆 Scheduled job added | id=fetch_NIFTY50_1m | every=60s
2025-10-15 23:55:04 | INFO | data_service | 📡 Starting Kite WebSocket stream for 15 tokens
2025-10-15 23:55:04 | INFO | data_service | ⚙️ Initializing Kite WebSocket | tokens=15 | symbols=['NIFTY50']
2025-10-15 23:55:04 | ERROR | data_service | ⚠️ Failed to start Kite WebSocket: 'NoneType' object is not callable
Traceback (most recent call last):
  File "/app/services/data_service/ingestion/scheduler.py", line 137, in start_scheduler
    start_kite_ws(kite_tokens, symbols)
  File "/app/services/data_service/ingestion/websocket_handler.py", line 44, in start_kite_ws
    @kws.on_connect
     ^^^^^^^^^^^^^^
TypeError: 'NoneType' object is not callable
2025-10-15 23:55:04 | INFO | data_service | ✅ Scheduler started with 3 jobs
2025-10-15 23:55:04 | INFO | data_service | ✅ Scheduler successfully started
2025-10-15 23:55:04 | INFO | data_service | 📨 Launching Kafka consumer (non-blocking)...
2025-10-15 23:55:04 | INFO | data_service | ✅ Kafka consumer initialized | topic=market_data | group_id=data_service_group
2025-10-15 23:55:04 | INFO | data_service | 📡 Subscribed to topic: market_data
2025-10-15 23:55:04 | INFO | data_service | 🧵 Kafka consumer running in background thread
2025-10-15 23:55:04 | INFO | data_service | ✅ Kafka consumer started successfully
2025-10-15 23:55:04 | INFO | data_service | ✅ Data Service startup completed in 3.8s
2025-10-15 23:55:04 | ERROR | data_service | ⚠️ Kafka error: KafkaError{code=UNKNOWN_TOPIC_OR_PART,val=3,str="Subscribed topic not available: market_data: Broker: Unknown topic or partition"}
2025-10-15 23:57:05 | INFO | data_service | 🛑 Data Service shutdown initiated...
2025-10-15 23:57:06 | INFO | data_service | ✅ Data Service shutdown complete
2025-10-15 23:57:08 | INFO | data_service | 📂 Logging initialized → /logs/data_service_20251015.log
2025-10-15 23:57:08 | INFO | data_service | 📂 Logging initialized → /logs/data_service_20251015.log
2025-10-15 23:57:08 | INFO | data_service | 📂 Logging initialized → /logs/data_service_20251015.log
2025-10-15 23:57:08 | INFO | data_service | 📂 Logging initialized → /logs/data_service_20251015.log
2025-10-15 23:57:08 | INFO | data_service | 📂 Logging initialized → /logs/data_service_20251015.log
2025-10-15 23:57:08 | INFO | data_service | 📂 Logging initialized → /logs/data_service_20251015.log
2025-10-15 23:57:08 | INFO | data_service | 📂 Logging initialized → /logs/data_service_20251015.log
2025-10-15 23:57:08 | INFO | data_service | 📂 Logging initialized → /logs/data_service_20251015.log
2025-10-15 23:57:08 | INFO | data_service | 📂 Logging initialized → /logs/data_service_20251015.log
2025-10-15 23:57:08 | INFO | data_service | 📂 Logging initialized → /logs/data_service_20251015.log
2025-10-15 23:57:08 | INFO | data_service | 📂 Logging initialized → /logs/data_service_20251015.log
2025-10-15 23:57:08 | INFO | data_service | 🚀 Initializing Data Service...
2025-10-15 23:57:08 | INFO | data_service | ⚙️ Configuration loaded successfully
2025-10-15 23:57:08 | INFO | data_service | 🩺 Health check route registered at /healthz
2025-10-15 23:57:08 | INFO | data_service | 📡 Data Service startup event triggered
2025-10-15 23:57:08 | INFO | data_service | 🧱 Ensuring TimescaleDB tables exist...
2025-10-15 23:57:11 | ERROR | data_service | ❌ Failed to ensure Timescale table: (psycopg2.OperationalError) could not translate host name "postgres" to address: Name or service not known

(Background on this error at: https://sqlalche.me/e/20/e3q8)
Traceback (most recent call last):
  File "/usr/local/lib/python3.12/site-packages/sqlalchemy/engine/base.py", line 146, in __init__
    self._dbapi_connection = engine.raw_connection()
                             ^^^^^^^^^^^^^^^^^^^^^^^
  File "/usr/local/lib/python3.12/site-packages/sqlalchemy/engine/base.py", line 3302, in raw_connection
    return self.pool.connect()
           ^^^^^^^^^^^^^^^^^^^
  File "/usr/local/lib/python3.12/site-packages/sqlalchemy/pool/base.py", line 449, in connect
    return _ConnectionFairy._checkout(self)
           ^^^^^^^^^^^^^^^^^^^^^^^^^^^^^^^^
  File "/usr/local/lib/python3.12/site-packages/sqlalchemy/pool/base.py", line 1263, in _checkout
    fairy = _ConnectionRecord.checkout(pool)
            ^^^^^^^^^^^^^^^^^^^^^^^^^^^^^^^^
  File "/usr/local/lib/python3.12/site-packages/sqlalchemy/pool/base.py", line 712, in checkout
    rec = pool._do_get()
          ^^^^^^^^^^^^^^
  File "/usr/local/lib/python3.12/site-packages/sqlalchemy/pool/impl.py", line 179, in _do_get
    with util.safe_reraise():
         ^^^^^^^^^^^^^^^^^^^
  File "/usr/local/lib/python3.12/site-packages/sqlalchemy/util/langhelpers.py", line 146, in __exit__
    raise exc_value.with_traceback(exc_tb)
  File "/usr/local/lib/python3.12/site-packages/sqlalchemy/pool/impl.py", line 177, in _do_get
    return self._create_connection()
           ^^^^^^^^^^^^^^^^^^^^^^^^^
  File "/usr/local/lib/python3.12/site-packages/sqlalchemy/pool/base.py", line 390, in _create_connection
    return _ConnectionRecord(self)
           ^^^^^^^^^^^^^^^^^^^^^^^
  File "/usr/local/lib/python3.12/site-packages/sqlalchemy/pool/base.py", line 674, in __init__
    self.__connect()
  File "/usr/local/lib/python3.12/site-packages/sqlalchemy/pool/base.py", line 900, in __connect
    with util.safe_reraise():
         ^^^^^^^^^^^^^^^^^^^
  File "/usr/local/lib/python3.12/site-packages/sqlalchemy/util/langhelpers.py", line 146, in __exit__
    raise exc_value.with_traceback(exc_tb)
  File "/usr/local/lib/python3.12/site-packages/sqlalchemy/pool/base.py", line 896, in __connect
    self.dbapi_connection = connection = pool._invoke_creator(self)
                                         ^^^^^^^^^^^^^^^^^^^^^^^^^^
  File "/usr/local/lib/python3.12/site-packages/sqlalchemy/engine/create.py", line 643, in connect
    return dialect.connect(*cargs, **cparams)
           ^^^^^^^^^^^^^^^^^^^^^^^^^^^^^^^^^^
  File "/usr/local/lib/python3.12/site-packages/sqlalchemy/engine/default.py", line 621, in connect
    return self.loaded_dbapi.connect(*cargs, **cparams)
           ^^^^^^^^^^^^^^^^^^^^^^^^^^^^^^^^^^^^^^^^^^^^
  File "/usr/local/lib/python3.12/site-packages/psycopg2/__init__.py", line 122, in connect
    conn = _connect(dsn, connection_factory=connection_factory, **kwasync)
           ^^^^^^^^^^^^^^^^^^^^^^^^^^^^^^^^^^^^^^^^^^^^^^^^^^^^^^^^^^^^^^^
psycopg2.OperationalError: could not translate host name "postgres" to address: Name or service not known


The above exception was the direct cause of the following exception:

Traceback (most recent call last):
  File "/app/services/data_service/ingestion/storage.py", line 40, in ensure_timescale_table
    with engine.begin() as conn:
         ^^^^^^^^^^^^^^
  File "/usr/local/lib/python3.12/contextlib.py", line 137, in __enter__
    return next(self.gen)
           ^^^^^^^^^^^^^^
  File "/usr/local/lib/python3.12/site-packages/sqlalchemy/engine/base.py", line 3242, in begin
    with self.connect() as conn:
         ^^^^^^^^^^^^^^
  File "/usr/local/lib/python3.12/site-packages/sqlalchemy/engine/base.py", line 3278, in connect
    return self._connection_cls(self)
           ^^^^^^^^^^^^^^^^^^^^^^^^^^
  File "/usr/local/lib/python3.12/site-packages/sqlalchemy/engine/base.py", line 148, in __init__
    Connection._handle_dbapi_exception_noconnection(
  File "/usr/local/lib/python3.12/site-packages/sqlalchemy/engine/base.py", line 2442, in _handle_dbapi_exception_noconnection
    raise sqlalchemy_exception.with_traceback(exc_info[2]) from e
  File "/usr/local/lib/python3.12/site-packages/sqlalchemy/engine/base.py", line 146, in __init__
    self._dbapi_connection = engine.raw_connection()
                             ^^^^^^^^^^^^^^^^^^^^^^^
  File "/usr/local/lib/python3.12/site-packages/sqlalchemy/engine/base.py", line 3302, in raw_connection
    return self.pool.connect()
           ^^^^^^^^^^^^^^^^^^^
  File "/usr/local/lib/python3.12/site-packages/sqlalchemy/pool/base.py", line 449, in connect
    return _ConnectionFairy._checkout(self)
           ^^^^^^^^^^^^^^^^^^^^^^^^^^^^^^^^
  File "/usr/local/lib/python3.12/site-packages/sqlalchemy/pool/base.py", line 1263, in _checkout
    fairy = _ConnectionRecord.checkout(pool)
            ^^^^^^^^^^^^^^^^^^^^^^^^^^^^^^^^
  File "/usr/local/lib/python3.12/site-packages/sqlalchemy/pool/base.py", line 712, in checkout
    rec = pool._do_get()
          ^^^^^^^^^^^^^^
  File "/usr/local/lib/python3.12/site-packages/sqlalchemy/pool/impl.py", line 179, in _do_get
    with util.safe_reraise():
         ^^^^^^^^^^^^^^^^^^^
  File "/usr/local/lib/python3.12/site-packages/sqlalchemy/util/langhelpers.py", line 146, in __exit__
    raise exc_value.with_traceback(exc_tb)
  File "/usr/local/lib/python3.12/site-packages/sqlalchemy/pool/impl.py", line 177, in _do_get
    return self._create_connection()
           ^^^^^^^^^^^^^^^^^^^^^^^^^
  File "/usr/local/lib/python3.12/site-packages/sqlalchemy/pool/base.py", line 390, in _create_connection
    return _ConnectionRecord(self)
           ^^^^^^^^^^^^^^^^^^^^^^^
  File "/usr/local/lib/python3.12/site-packages/sqlalchemy/pool/base.py", line 674, in __init__
    self.__connect()
  File "/usr/local/lib/python3.12/site-packages/sqlalchemy/pool/base.py", line 900, in __connect
    with util.safe_reraise():
         ^^^^^^^^^^^^^^^^^^^
  File "/usr/local/lib/python3.12/site-packages/sqlalchemy/util/langhelpers.py", line 146, in __exit__
    raise exc_value.with_traceback(exc_tb)
  File "/usr/local/lib/python3.12/site-packages/sqlalchemy/pool/base.py", line 896, in __connect
    self.dbapi_connection = connection = pool._invoke_creator(self)
                                         ^^^^^^^^^^^^^^^^^^^^^^^^^^
  File "/usr/local/lib/python3.12/site-packages/sqlalchemy/engine/create.py", line 643, in connect
    return dialect.connect(*cargs, **cparams)
           ^^^^^^^^^^^^^^^^^^^^^^^^^^^^^^^^^^
  File "/usr/local/lib/python3.12/site-packages/sqlalchemy/engine/default.py", line 621, in connect
    return self.loaded_dbapi.connect(*cargs, **cparams)
           ^^^^^^^^^^^^^^^^^^^^^^^^^^^^^^^^^^^^^^^^^^^^
  File "/usr/local/lib/python3.12/site-packages/psycopg2/__init__.py", line 122, in connect
    conn = _connect(dsn, connection_factory=connection_factory, **kwasync)
           ^^^^^^^^^^^^^^^^^^^^^^^^^^^^^^^^^^^^^^^^^^^^^^^^^^^^^^^^^^^^^^^
sqlalchemy.exc.OperationalError: (psycopg2.OperationalError) could not translate host name "postgres" to address: Name or service not known

(Background on this error at: https://sqlalche.me/e/20/e3q8)
2025-10-15 23:57:11 | WARNING | data_service | ⚠️ Timescale initialization failed: (psycopg2.OperationalError) could not translate host name "postgres" to address: Name or service not known

(Background on this error at: https://sqlalche.me/e/20/e3q8)
Traceback (most recent call last):
  File "/usr/local/lib/python3.12/site-packages/sqlalchemy/engine/base.py", line 146, in __init__
    self._dbapi_connection = engine.raw_connection()
                             ^^^^^^^^^^^^^^^^^^^^^^^
  File "/usr/local/lib/python3.12/site-packages/sqlalchemy/engine/base.py", line 3302, in raw_connection
    return self.pool.connect()
           ^^^^^^^^^^^^^^^^^^^
  File "/usr/local/lib/python3.12/site-packages/sqlalchemy/pool/base.py", line 449, in connect
    return _ConnectionFairy._checkout(self)
           ^^^^^^^^^^^^^^^^^^^^^^^^^^^^^^^^
  File "/usr/local/lib/python3.12/site-packages/sqlalchemy/pool/base.py", line 1263, in _checkout
    fairy = _ConnectionRecord.checkout(pool)
            ^^^^^^^^^^^^^^^^^^^^^^^^^^^^^^^^
  File "/usr/local/lib/python3.12/site-packages/sqlalchemy/pool/base.py", line 712, in checkout
    rec = pool._do_get()
          ^^^^^^^^^^^^^^
  File "/usr/local/lib/python3.12/site-packages/sqlalchemy/pool/impl.py", line 179, in _do_get
    with util.safe_reraise():
         ^^^^^^^^^^^^^^^^^^^
  File "/usr/local/lib/python3.12/site-packages/sqlalchemy/util/langhelpers.py", line 146, in __exit__
    raise exc_value.with_traceback(exc_tb)
  File "/usr/local/lib/python3.12/site-packages/sqlalchemy/pool/impl.py", line 177, in _do_get
    return self._create_connection()
           ^^^^^^^^^^^^^^^^^^^^^^^^^
  File "/usr/local/lib/python3.12/site-packages/sqlalchemy/pool/base.py", line 390, in _create_connection
    return _ConnectionRecord(self)
           ^^^^^^^^^^^^^^^^^^^^^^^
  File "/usr/local/lib/python3.12/site-packages/sqlalchemy/pool/base.py", line 674, in __init__
    self.__connect()
  File "/usr/local/lib/python3.12/site-packages/sqlalchemy/pool/base.py", line 900, in __connect
    with util.safe_reraise():
         ^^^^^^^^^^^^^^^^^^^
  File "/usr/local/lib/python3.12/site-packages/sqlalchemy/util/langhelpers.py", line 146, in __exit__
    raise exc_value.with_traceback(exc_tb)
  File "/usr/local/lib/python3.12/site-packages/sqlalchemy/pool/base.py", line 896, in __connect
    self.dbapi_connection = connection = pool._invoke_creator(self)
                                         ^^^^^^^^^^^^^^^^^^^^^^^^^^
  File "/usr/local/lib/python3.12/site-packages/sqlalchemy/engine/create.py", line 643, in connect
    return dialect.connect(*cargs, **cparams)
           ^^^^^^^^^^^^^^^^^^^^^^^^^^^^^^^^^^
  File "/usr/local/lib/python3.12/site-packages/sqlalchemy/engine/default.py", line 621, in connect
    return self.loaded_dbapi.connect(*cargs, **cparams)
           ^^^^^^^^^^^^^^^^^^^^^^^^^^^^^^^^^^^^^^^^^^^^
  File "/usr/local/lib/python3.12/site-packages/psycopg2/__init__.py", line 122, in connect
    conn = _connect(dsn, connection_factory=connection_factory, **kwasync)
           ^^^^^^^^^^^^^^^^^^^^^^^^^^^^^^^^^^^^^^^^^^^^^^^^^^^^^^^^^^^^^^^
psycopg2.OperationalError: could not translate host name "postgres" to address: Name or service not known


The above exception was the direct cause of the following exception:

Traceback (most recent call last):
  File "/app/services/data_service/main.py", line 70, in startup_event
    ensure_timescale_table()
  File "/app/services/data_service/ingestion/storage.py", line 40, in ensure_timescale_table
    with engine.begin() as conn:
         ^^^^^^^^^^^^^^
  File "/usr/local/lib/python3.12/contextlib.py", line 137, in __enter__
    return next(self.gen)
           ^^^^^^^^^^^^^^
  File "/usr/local/lib/python3.12/site-packages/sqlalchemy/engine/base.py", line 3242, in begin
    with self.connect() as conn:
         ^^^^^^^^^^^^^^
  File "/usr/local/lib/python3.12/site-packages/sqlalchemy/engine/base.py", line 3278, in connect
    return self._connection_cls(self)
           ^^^^^^^^^^^^^^^^^^^^^^^^^^
  File "/usr/local/lib/python3.12/site-packages/sqlalchemy/engine/base.py", line 148, in __init__
    Connection._handle_dbapi_exception_noconnection(
  File "/usr/local/lib/python3.12/site-packages/sqlalchemy/engine/base.py", line 2442, in _handle_dbapi_exception_noconnection
    raise sqlalchemy_exception.with_traceback(exc_info[2]) from e
  File "/usr/local/lib/python3.12/site-packages/sqlalchemy/engine/base.py", line 146, in __init__
    self._dbapi_connection = engine.raw_connection()
                             ^^^^^^^^^^^^^^^^^^^^^^^
  File "/usr/local/lib/python3.12/site-packages/sqlalchemy/engine/base.py", line 3302, in raw_connection
    return self.pool.connect()
           ^^^^^^^^^^^^^^^^^^^
  File "/usr/local/lib/python3.12/site-packages/sqlalchemy/pool/base.py", line 449, in connect
    return _ConnectionFairy._checkout(self)
           ^^^^^^^^^^^^^^^^^^^^^^^^^^^^^^^^
  File "/usr/local/lib/python3.12/site-packages/sqlalchemy/pool/base.py", line 1263, in _checkout
    fairy = _ConnectionRecord.checkout(pool)
            ^^^^^^^^^^^^^^^^^^^^^^^^^^^^^^^^
  File "/usr/local/lib/python3.12/site-packages/sqlalchemy/pool/base.py", line 712, in checkout
    rec = pool._do_get()
          ^^^^^^^^^^^^^^
  File "/usr/local/lib/python3.12/site-packages/sqlalchemy/pool/impl.py", line 179, in _do_get
    with util.safe_reraise():
         ^^^^^^^^^^^^^^^^^^^
  File "/usr/local/lib/python3.12/site-packages/sqlalchemy/util/langhelpers.py", line 146, in __exit__
    raise exc_value.with_traceback(exc_tb)
  File "/usr/local/lib/python3.12/site-packages/sqlalchemy/pool/impl.py", line 177, in _do_get
    return self._create_connection()
           ^^^^^^^^^^^^^^^^^^^^^^^^^
  File "/usr/local/lib/python3.12/site-packages/sqlalchemy/pool/base.py", line 390, in _create_connection
    return _ConnectionRecord(self)
           ^^^^^^^^^^^^^^^^^^^^^^^
  File "/usr/local/lib/python3.12/site-packages/sqlalchemy/pool/base.py", line 674, in __init__
    self.__connect()
  File "/usr/local/lib/python3.12/site-packages/sqlalchemy/pool/base.py", line 900, in __connect
    with util.safe_reraise():
         ^^^^^^^^^^^^^^^^^^^
  File "/usr/local/lib/python3.12/site-packages/sqlalchemy/util/langhelpers.py", line 146, in __exit__
    raise exc_value.with_traceback(exc_tb)
  File "/usr/local/lib/python3.12/site-packages/sqlalchemy/pool/base.py", line 896, in __connect
    self.dbapi_connection = connection = pool._invoke_creator(self)
                                         ^^^^^^^^^^^^^^^^^^^^^^^^^^
  File "/usr/local/lib/python3.12/site-packages/sqlalchemy/engine/create.py", line 643, in connect
    return dialect.connect(*cargs, **cparams)
           ^^^^^^^^^^^^^^^^^^^^^^^^^^^^^^^^^^
  File "/usr/local/lib/python3.12/site-packages/sqlalchemy/engine/default.py", line 621, in connect
    return self.loaded_dbapi.connect(*cargs, **cparams)
           ^^^^^^^^^^^^^^^^^^^^^^^^^^^^^^^^^^^^^^^^^^^^
  File "/usr/local/lib/python3.12/site-packages/psycopg2/__init__.py", line 122, in connect
    conn = _connect(dsn, connection_factory=connection_factory, **kwasync)
           ^^^^^^^^^^^^^^^^^^^^^^^^^^^^^^^^^^^^^^^^^^^^^^^^^^^^^^^^^^^^^^^
sqlalchemy.exc.OperationalError: (psycopg2.OperationalError) could not translate host name "postgres" to address: Name or service not known

(Background on this error at: https://sqlalche.me/e/20/e3q8)
2025-10-15 23:57:11 | INFO | data_service | ⏱️ Launching ingestion scheduler (non-blocking)...
2025-10-15 23:57:11 | INFO | data_service | ⚙️ Starting scheduler | symbols=['NIFTY50'] | timeframe=1m | interval=60s | tz=Asia/Kolkata
2025-10-15 23:57:11 | INFO | data_service | 📆 Scheduled job added | id=fetch_NIFTY50_1m | every=60s
2025-10-15 23:57:11 | INFO | data_service | 📡 Starting Kite WebSocket stream for 15 tokens
2025-10-15 23:57:11 | INFO | data_service | ⚙️ Initializing Kite WebSocket | tokens=15 | symbols=['NIFTY50']
2025-10-15 23:57:11 | ERROR | data_service | ❌ Failed to start Kite WebSocket: 'NoneType' object is not callable
Traceback (most recent call last):
  File "/app/services/data_service/ingestion/websocket_handler.py", line 44, in start_kite_ws
    @kws.on_connect
     ^^^^^^^^^^^^^^
TypeError: 'NoneType' object is not callable
2025-10-15 23:57:11 | INFO | data_service | ✅ Kite WebSocket successfully started
2025-10-15 23:57:11 | INFO | data_service | ✅ Scheduler started with 3 jobs
2025-10-15 23:57:11 | INFO | data_service | ✅ Scheduler successfully started
2025-10-15 23:57:11 | INFO | data_service | 📨 Launching Kafka consumer (non-blocking)...
2025-10-15 23:57:11 | INFO | data_service | ✅ Kafka consumer initialized | topic=market_data | group_id=data_service_group
2025-10-15 23:57:11 | INFO | data_service | 📡 Subscribed to topic: market_data
2025-10-15 23:57:11 | INFO | data_service | 🧵 Kafka consumer running in background thread
2025-10-15 23:57:11 | INFO | data_service | ✅ Kafka consumer started successfully
2025-10-15 23:57:11 | INFO | data_service | ✅ Data Service startup completed in 3.69s
2025-10-15 23:57:11 | ERROR | data_service | ⚠️ Kafka error: KafkaError{code=UNKNOWN_TOPIC_OR_PART,val=3,str="Subscribed topic not available: market_data: Broker: Unknown topic or partition"}
2025-10-15 23:58:49 | INFO | data_service | 🛑 Data Service shutdown initiated...
2025-10-15 23:58:49 | INFO | data_service | ✅ Data Service shutdown complete
2025-10-15 23:58:50 | INFO | data_service | 📂 Logging initialized → /logs/data_service_20251015.log
2025-10-15 23:58:50 | INFO | data_service | 📂 Logging initialized → /logs/data_service_20251015.log
2025-10-15 23:58:50 | INFO | data_service | 📂 Logging initialized → /logs/data_service_20251015.log
2025-10-15 23:58:51 | INFO | data_service | 📂 Logging initialized → /logs/data_service_20251015.log
2025-10-15 23:58:51 | INFO | data_service | 📂 Logging initialized → /logs/data_service_20251015.log
2025-10-15 23:58:51 | INFO | data_service | 📂 Logging initialized → /logs/data_service_20251015.log
2025-10-15 23:58:51 | INFO | data_service | 📂 Logging initialized → /logs/data_service_20251015.log
2025-10-15 23:58:51 | INFO | data_service | 📂 Logging initialized → /logs/data_service_20251015.log
2025-10-15 23:58:51 | INFO | data_service | 📂 Logging initialized → /logs/data_service_20251015.log
2025-10-15 23:58:51 | INFO | data_service | 📂 Logging initialized → /logs/data_service_20251015.log
2025-10-15 23:58:51 | INFO | data_service | 📂 Logging initialized → /logs/data_service_20251015.log
2025-10-15 23:58:51 | INFO | data_service | 🚀 Initializing Data Service...
2025-10-15 23:58:51 | INFO | data_service | ⚙️ Configuration loaded successfully
2025-10-15 23:58:51 | INFO | data_service | 🩺 Health check route registered at /healthz
2025-10-15 23:58:51 | INFO | data_service | 📡 Data Service startup event triggered
2025-10-15 23:58:51 | INFO | data_service | 🧱 Ensuring TimescaleDB tables exist...
2025-10-15 23:58:55 | ERROR | data_service | ❌ Failed to ensure Timescale table: (psycopg2.OperationalError) could not translate host name "postgres" to address: Name or service not known

(Background on this error at: https://sqlalche.me/e/20/e3q8)
Traceback (most recent call last):
  File "/usr/local/lib/python3.12/site-packages/sqlalchemy/engine/base.py", line 146, in __init__
    self._dbapi_connection = engine.raw_connection()
                             ^^^^^^^^^^^^^^^^^^^^^^^
  File "/usr/local/lib/python3.12/site-packages/sqlalchemy/engine/base.py", line 3302, in raw_connection
    return self.pool.connect()
           ^^^^^^^^^^^^^^^^^^^
  File "/usr/local/lib/python3.12/site-packages/sqlalchemy/pool/base.py", line 449, in connect
    return _ConnectionFairy._checkout(self)
           ^^^^^^^^^^^^^^^^^^^^^^^^^^^^^^^^
  File "/usr/local/lib/python3.12/site-packages/sqlalchemy/pool/base.py", line 1263, in _checkout
    fairy = _ConnectionRecord.checkout(pool)
            ^^^^^^^^^^^^^^^^^^^^^^^^^^^^^^^^
  File "/usr/local/lib/python3.12/site-packages/sqlalchemy/pool/base.py", line 712, in checkout
    rec = pool._do_get()
          ^^^^^^^^^^^^^^
  File "/usr/local/lib/python3.12/site-packages/sqlalchemy/pool/impl.py", line 179, in _do_get
    with util.safe_reraise():
         ^^^^^^^^^^^^^^^^^^^
  File "/usr/local/lib/python3.12/site-packages/sqlalchemy/util/langhelpers.py", line 146, in __exit__
    raise exc_value.with_traceback(exc_tb)
  File "/usr/local/lib/python3.12/site-packages/sqlalchemy/pool/impl.py", line 177, in _do_get
    return self._create_connection()
           ^^^^^^^^^^^^^^^^^^^^^^^^^
  File "/usr/local/lib/python3.12/site-packages/sqlalchemy/pool/base.py", line 390, in _create_connection
    return _ConnectionRecord(self)
           ^^^^^^^^^^^^^^^^^^^^^^^
  File "/usr/local/lib/python3.12/site-packages/sqlalchemy/pool/base.py", line 674, in __init__
    self.__connect()
  File "/usr/local/lib/python3.12/site-packages/sqlalchemy/pool/base.py", line 900, in __connect
    with util.safe_reraise():
         ^^^^^^^^^^^^^^^^^^^
  File "/usr/local/lib/python3.12/site-packages/sqlalchemy/util/langhelpers.py", line 146, in __exit__
    raise exc_value.with_traceback(exc_tb)
  File "/usr/local/lib/python3.12/site-packages/sqlalchemy/pool/base.py", line 896, in __connect
    self.dbapi_connection = connection = pool._invoke_creator(self)
                                         ^^^^^^^^^^^^^^^^^^^^^^^^^^
  File "/usr/local/lib/python3.12/site-packages/sqlalchemy/engine/create.py", line 643, in connect
    return dialect.connect(*cargs, **cparams)
           ^^^^^^^^^^^^^^^^^^^^^^^^^^^^^^^^^^
  File "/usr/local/lib/python3.12/site-packages/sqlalchemy/engine/default.py", line 621, in connect
    return self.loaded_dbapi.connect(*cargs, **cparams)
           ^^^^^^^^^^^^^^^^^^^^^^^^^^^^^^^^^^^^^^^^^^^^
  File "/usr/local/lib/python3.12/site-packages/psycopg2/__init__.py", line 122, in connect
    conn = _connect(dsn, connection_factory=connection_factory, **kwasync)
           ^^^^^^^^^^^^^^^^^^^^^^^^^^^^^^^^^^^^^^^^^^^^^^^^^^^^^^^^^^^^^^^
psycopg2.OperationalError: could not translate host name "postgres" to address: Name or service not known


The above exception was the direct cause of the following exception:

Traceback (most recent call last):
  File "/app/services/data_service/ingestion/storage.py", line 40, in ensure_timescale_table
    with engine.begin() as conn:
         ^^^^^^^^^^^^^^
  File "/usr/local/lib/python3.12/contextlib.py", line 137, in __enter__
    return next(self.gen)
           ^^^^^^^^^^^^^^
  File "/usr/local/lib/python3.12/site-packages/sqlalchemy/engine/base.py", line 3242, in begin
    with self.connect() as conn:
         ^^^^^^^^^^^^^^
  File "/usr/local/lib/python3.12/site-packages/sqlalchemy/engine/base.py", line 3278, in connect
    return self._connection_cls(self)
           ^^^^^^^^^^^^^^^^^^^^^^^^^^
  File "/usr/local/lib/python3.12/site-packages/sqlalchemy/engine/base.py", line 148, in __init__
    Connection._handle_dbapi_exception_noconnection(
  File "/usr/local/lib/python3.12/site-packages/sqlalchemy/engine/base.py", line 2442, in _handle_dbapi_exception_noconnection
    raise sqlalchemy_exception.with_traceback(exc_info[2]) from e
  File "/usr/local/lib/python3.12/site-packages/sqlalchemy/engine/base.py", line 146, in __init__
    self._dbapi_connection = engine.raw_connection()
                             ^^^^^^^^^^^^^^^^^^^^^^^
  File "/usr/local/lib/python3.12/site-packages/sqlalchemy/engine/base.py", line 3302, in raw_connection
    return self.pool.connect()
           ^^^^^^^^^^^^^^^^^^^
  File "/usr/local/lib/python3.12/site-packages/sqlalchemy/pool/base.py", line 449, in connect
    return _ConnectionFairy._checkout(self)
           ^^^^^^^^^^^^^^^^^^^^^^^^^^^^^^^^
  File "/usr/local/lib/python3.12/site-packages/sqlalchemy/pool/base.py", line 1263, in _checkout
    fairy = _ConnectionRecord.checkout(pool)
            ^^^^^^^^^^^^^^^^^^^^^^^^^^^^^^^^
  File "/usr/local/lib/python3.12/site-packages/sqlalchemy/pool/base.py", line 712, in checkout
    rec = pool._do_get()
          ^^^^^^^^^^^^^^
  File "/usr/local/lib/python3.12/site-packages/sqlalchemy/pool/impl.py", line 179, in _do_get
    with util.safe_reraise():
         ^^^^^^^^^^^^^^^^^^^
  File "/usr/local/lib/python3.12/site-packages/sqlalchemy/util/langhelpers.py", line 146, in __exit__
    raise exc_value.with_traceback(exc_tb)
  File "/usr/local/lib/python3.12/site-packages/sqlalchemy/pool/impl.py", line 177, in _do_get
    return self._create_connection()
           ^^^^^^^^^^^^^^^^^^^^^^^^^
  File "/usr/local/lib/python3.12/site-packages/sqlalchemy/pool/base.py", line 390, in _create_connection
    return _ConnectionRecord(self)
           ^^^^^^^^^^^^^^^^^^^^^^^
  File "/usr/local/lib/python3.12/site-packages/sqlalchemy/pool/base.py", line 674, in __init__
    self.__connect()
  File "/usr/local/lib/python3.12/site-packages/sqlalchemy/pool/base.py", line 900, in __connect
    with util.safe_reraise():
         ^^^^^^^^^^^^^^^^^^^
  File "/usr/local/lib/python3.12/site-packages/sqlalchemy/util/langhelpers.py", line 146, in __exit__
    raise exc_value.with_traceback(exc_tb)
  File "/usr/local/lib/python3.12/site-packages/sqlalchemy/pool/base.py", line 896, in __connect
    self.dbapi_connection = connection = pool._invoke_creator(self)
                                         ^^^^^^^^^^^^^^^^^^^^^^^^^^
  File "/usr/local/lib/python3.12/site-packages/sqlalchemy/engine/create.py", line 643, in connect
    return dialect.connect(*cargs, **cparams)
           ^^^^^^^^^^^^^^^^^^^^^^^^^^^^^^^^^^
  File "/usr/local/lib/python3.12/site-packages/sqlalchemy/engine/default.py", line 621, in connect
    return self.loaded_dbapi.connect(*cargs, **cparams)
           ^^^^^^^^^^^^^^^^^^^^^^^^^^^^^^^^^^^^^^^^^^^^
  File "/usr/local/lib/python3.12/site-packages/psycopg2/__init__.py", line 122, in connect
    conn = _connect(dsn, connection_factory=connection_factory, **kwasync)
           ^^^^^^^^^^^^^^^^^^^^^^^^^^^^^^^^^^^^^^^^^^^^^^^^^^^^^^^^^^^^^^^
sqlalchemy.exc.OperationalError: (psycopg2.OperationalError) could not translate host name "postgres" to address: Name or service not known

(Background on this error at: https://sqlalche.me/e/20/e3q8)
2025-10-15 23:58:55 | WARNING | data_service | ⚠️ Timescale initialization failed: (psycopg2.OperationalError) could not translate host name "postgres" to address: Name or service not known

(Background on this error at: https://sqlalche.me/e/20/e3q8)
Traceback (most recent call last):
  File "/usr/local/lib/python3.12/site-packages/sqlalchemy/engine/base.py", line 146, in __init__
    self._dbapi_connection = engine.raw_connection()
                             ^^^^^^^^^^^^^^^^^^^^^^^
  File "/usr/local/lib/python3.12/site-packages/sqlalchemy/engine/base.py", line 3302, in raw_connection
    return self.pool.connect()
           ^^^^^^^^^^^^^^^^^^^
  File "/usr/local/lib/python3.12/site-packages/sqlalchemy/pool/base.py", line 449, in connect
    return _ConnectionFairy._checkout(self)
           ^^^^^^^^^^^^^^^^^^^^^^^^^^^^^^^^
  File "/usr/local/lib/python3.12/site-packages/sqlalchemy/pool/base.py", line 1263, in _checkout
    fairy = _ConnectionRecord.checkout(pool)
            ^^^^^^^^^^^^^^^^^^^^^^^^^^^^^^^^
  File "/usr/local/lib/python3.12/site-packages/sqlalchemy/pool/base.py", line 712, in checkout
    rec = pool._do_get()
          ^^^^^^^^^^^^^^
  File "/usr/local/lib/python3.12/site-packages/sqlalchemy/pool/impl.py", line 179, in _do_get
    with util.safe_reraise():
         ^^^^^^^^^^^^^^^^^^^
  File "/usr/local/lib/python3.12/site-packages/sqlalchemy/util/langhelpers.py", line 146, in __exit__
    raise exc_value.with_traceback(exc_tb)
  File "/usr/local/lib/python3.12/site-packages/sqlalchemy/pool/impl.py", line 177, in _do_get
    return self._create_connection()
           ^^^^^^^^^^^^^^^^^^^^^^^^^
  File "/usr/local/lib/python3.12/site-packages/sqlalchemy/pool/base.py", line 390, in _create_connection
    return _ConnectionRecord(self)
           ^^^^^^^^^^^^^^^^^^^^^^^
  File "/usr/local/lib/python3.12/site-packages/sqlalchemy/pool/base.py", line 674, in __init__
    self.__connect()
  File "/usr/local/lib/python3.12/site-packages/sqlalchemy/pool/base.py", line 900, in __connect
    with util.safe_reraise():
         ^^^^^^^^^^^^^^^^^^^
  File "/usr/local/lib/python3.12/site-packages/sqlalchemy/util/langhelpers.py", line 146, in __exit__
    raise exc_value.with_traceback(exc_tb)
  File "/usr/local/lib/python3.12/site-packages/sqlalchemy/pool/base.py", line 896, in __connect
    self.dbapi_connection = connection = pool._invoke_creator(self)
                                         ^^^^^^^^^^^^^^^^^^^^^^^^^^
  File "/usr/local/lib/python3.12/site-packages/sqlalchemy/engine/create.py", line 643, in connect
    return dialect.connect(*cargs, **cparams)
           ^^^^^^^^^^^^^^^^^^^^^^^^^^^^^^^^^^
  File "/usr/local/lib/python3.12/site-packages/sqlalchemy/engine/default.py", line 621, in connect
    return self.loaded_dbapi.connect(*cargs, **cparams)
           ^^^^^^^^^^^^^^^^^^^^^^^^^^^^^^^^^^^^^^^^^^^^
  File "/usr/local/lib/python3.12/site-packages/psycopg2/__init__.py", line 122, in connect
    conn = _connect(dsn, connection_factory=connection_factory, **kwasync)
           ^^^^^^^^^^^^^^^^^^^^^^^^^^^^^^^^^^^^^^^^^^^^^^^^^^^^^^^^^^^^^^^
psycopg2.OperationalError: could not translate host name "postgres" to address: Name or service not known


The above exception was the direct cause of the following exception:

Traceback (most recent call last):
  File "/app/services/data_service/main.py", line 70, in startup_event
    ensure_timescale_table()
  File "/app/services/data_service/ingestion/storage.py", line 40, in ensure_timescale_table
    with engine.begin() as conn:
         ^^^^^^^^^^^^^^
  File "/usr/local/lib/python3.12/contextlib.py", line 137, in __enter__
    return next(self.gen)
           ^^^^^^^^^^^^^^
  File "/usr/local/lib/python3.12/site-packages/sqlalchemy/engine/base.py", line 3242, in begin
    with self.connect() as conn:
         ^^^^^^^^^^^^^^
  File "/usr/local/lib/python3.12/site-packages/sqlalchemy/engine/base.py", line 3278, in connect
    return self._connection_cls(self)
           ^^^^^^^^^^^^^^^^^^^^^^^^^^
  File "/usr/local/lib/python3.12/site-packages/sqlalchemy/engine/base.py", line 148, in __init__
    Connection._handle_dbapi_exception_noconnection(
  File "/usr/local/lib/python3.12/site-packages/sqlalchemy/engine/base.py", line 2442, in _handle_dbapi_exception_noconnection
    raise sqlalchemy_exception.with_traceback(exc_info[2]) from e
  File "/usr/local/lib/python3.12/site-packages/sqlalchemy/engine/base.py", line 146, in __init__
    self._dbapi_connection = engine.raw_connection()
                             ^^^^^^^^^^^^^^^^^^^^^^^
  File "/usr/local/lib/python3.12/site-packages/sqlalchemy/engine/base.py", line 3302, in raw_connection
    return self.pool.connect()
           ^^^^^^^^^^^^^^^^^^^
  File "/usr/local/lib/python3.12/site-packages/sqlalchemy/pool/base.py", line 449, in connect
    return _ConnectionFairy._checkout(self)
           ^^^^^^^^^^^^^^^^^^^^^^^^^^^^^^^^
  File "/usr/local/lib/python3.12/site-packages/sqlalchemy/pool/base.py", line 1263, in _checkout
    fairy = _ConnectionRecord.checkout(pool)
            ^^^^^^^^^^^^^^^^^^^^^^^^^^^^^^^^
  File "/usr/local/lib/python3.12/site-packages/sqlalchemy/pool/base.py", line 712, in checkout
    rec = pool._do_get()
          ^^^^^^^^^^^^^^
  File "/usr/local/lib/python3.12/site-packages/sqlalchemy/pool/impl.py", line 179, in _do_get
    with util.safe_reraise():
         ^^^^^^^^^^^^^^^^^^^
  File "/usr/local/lib/python3.12/site-packages/sqlalchemy/util/langhelpers.py", line 146, in __exit__
    raise exc_value.with_traceback(exc_tb)
  File "/usr/local/lib/python3.12/site-packages/sqlalchemy/pool/impl.py", line 177, in _do_get
    return self._create_connection()
           ^^^^^^^^^^^^^^^^^^^^^^^^^
  File "/usr/local/lib/python3.12/site-packages/sqlalchemy/pool/base.py", line 390, in _create_connection
    return _ConnectionRecord(self)
           ^^^^^^^^^^^^^^^^^^^^^^^
  File "/usr/local/lib/python3.12/site-packages/sqlalchemy/pool/base.py", line 674, in __init__
    self.__connect()
  File "/usr/local/lib/python3.12/site-packages/sqlalchemy/pool/base.py", line 900, in __connect
    with util.safe_reraise():
         ^^^^^^^^^^^^^^^^^^^
  File "/usr/local/lib/python3.12/site-packages/sqlalchemy/util/langhelpers.py", line 146, in __exit__
    raise exc_value.with_traceback(exc_tb)
  File "/usr/local/lib/python3.12/site-packages/sqlalchemy/pool/base.py", line 896, in __connect
    self.dbapi_connection = connection = pool._invoke_creator(self)
                                         ^^^^^^^^^^^^^^^^^^^^^^^^^^
  File "/usr/local/lib/python3.12/site-packages/sqlalchemy/engine/create.py", line 643, in connect
    return dialect.connect(*cargs, **cparams)
           ^^^^^^^^^^^^^^^^^^^^^^^^^^^^^^^^^^
  File "/usr/local/lib/python3.12/site-packages/sqlalchemy/engine/default.py", line 621, in connect
    return self.loaded_dbapi.connect(*cargs, **cparams)
           ^^^^^^^^^^^^^^^^^^^^^^^^^^^^^^^^^^^^^^^^^^^^
  File "/usr/local/lib/python3.12/site-packages/psycopg2/__init__.py", line 122, in connect
    conn = _connect(dsn, connection_factory=connection_factory, **kwasync)
           ^^^^^^^^^^^^^^^^^^^^^^^^^^^^^^^^^^^^^^^^^^^^^^^^^^^^^^^^^^^^^^^
sqlalchemy.exc.OperationalError: (psycopg2.OperationalError) could not translate host name "postgres" to address: Name or service not known

(Background on this error at: https://sqlalche.me/e/20/e3q8)
2025-10-15 23:58:55 | INFO | data_service | ⏱️ Launching ingestion scheduler (non-blocking)...
2025-10-15 23:58:55 | INFO | data_service | ⚙️ Starting scheduler | symbols=['NIFTY50'] | timeframe=1m | interval=60s | tz=Asia/Kolkata
2025-10-15 23:58:55 | INFO | data_service | 📆 Scheduled job added | id=fetch_NIFTY50_1m | every=60s
2025-10-15 23:58:55 | INFO | data_service | 📡 Starting Kite WebSocket stream for 15 tokens
2025-10-15 23:58:55 | INFO | data_service | ⚙️ Initializing Kite WebSocket | tokens=15 | symbols=['NIFTY50']
2025-10-15 23:58:55 | ERROR | data_service | ❌ Failed to start Kite WebSocket: 'NoneType' object is not callable
Traceback (most recent call last):
  File "/app/services/data_service/ingestion/websocket_handler.py", line 44, in start_kite_ws
    @kws.on_connect
     ^^^^^^^^^^^^^^
TypeError: 'NoneType' object is not callable
2025-10-15 23:58:55 | INFO | data_service | ✅ Kite WebSocket successfully started
2025-10-15 23:58:55 | INFO | data_service | ✅ Scheduler started with 3 jobs
2025-10-15 23:58:55 | INFO | data_service | ✅ Scheduler successfully started
2025-10-15 23:58:55 | INFO | data_service | 📨 Launching Kafka consumer (non-blocking)...
2025-10-15 23:58:55 | INFO | data_service | ✅ Kafka consumer initialized | topic=market_data | group_id=data_service_group
2025-10-15 23:58:55 | INFO | data_service | 📡 Subscribed to topic: market_data
2025-10-15 23:58:55 | INFO | data_service | 🧵 Kafka consumer running in background thread
2025-10-15 23:58:55 | INFO | data_service | ✅ Kafka consumer started successfully
2025-10-15 23:58:55 | INFO | data_service | ✅ Data Service startup completed in 3.83s
2025-10-15 23:58:55 | ERROR | data_service | ⚠️ Kafka error: KafkaError{code=UNKNOWN_TOPIC_OR_PART,val=3,str="Subscribed topic not available: market_data: Broker: Unknown topic or partition"}
2025-10-16 00:07:48 | INFO | data_service | 🛑 Data Service shutdown initiated...
2025-10-16 00:07:49 | INFO | data_service | ✅ Data Service shutdown complete
