2025-10-17 23:25:53 | INFO | monitoring_service | 📂 File logging enabled: /logs/monitoring_service.log
2025-10-17 23:25:53 | INFO | monitoring_service | 📂 Logging initialized (stdout + optional file)
2025-10-17 23:25:53 | INFO | monitoring_service | ✅ Loaded config from: /app/config/config.yaml
2025-10-17 23:25:53 | INFO | monitoring_service | 🩺 Monitoring targets: ['data_service', 'strategy_service', 'execution_service', 'risk_service', 'auth_service']
2025-10-17 23:25:53 | INFO | monitoring_service | 🚀 Starting Monitoring Service...
2025-10-17 23:25:53 | INFO | monitoring_service | 🕒 Background health monitor started (interval=30s)
2025-10-17 23:25:53 | ERROR | monitoring_service | ❌ data_service unreachable (http://data_service:8080/health) → All connection attempts failed
2025-10-17 23:25:56 | ERROR | monitoring_service | ❌ strategy_service unreachable (http://strategy_service:8020/health) → [Errno -2] Name or service not known
2025-10-17 23:25:58 | ERROR | monitoring_service | ❌ execution_service unreachable (http://execution_service:8030/health) → [Errno -2] Name or service not known
2025-10-17 23:26:01 | ERROR | monitoring_service | ❌ risk_service unreachable (http://risk_service:8040/health) → 
2025-10-17 23:26:01 | INFO | monitoring_service | ✅ auth_service is UP (http://auth_service:8018/health) [0.003s]
2025-10-17 23:26:34 | INFO | monitoring_service | ✅ data_service is UP (http://data_service:8080/health) [0.003s]
2025-10-17 23:26:37 | ERROR | monitoring_service | ❌ strategy_service unreachable (http://strategy_service:8020/health) → [Errno -2] Name or service not known
2025-10-17 23:26:39 | ERROR | monitoring_service | ❌ execution_service unreachable (http://execution_service:8030/health) → [Errno -2] Name or service not known
2025-10-17 23:26:42 | ERROR | monitoring_service | ❌ risk_service unreachable (http://risk_service:8040/health) → 
2025-10-17 23:26:42 | INFO | monitoring_service | ✅ auth_service is UP (http://auth_service:8018/health) [0.004s]
2025-10-17 23:27:15 | INFO | monitoring_service | ✅ data_service is UP (http://data_service:8080/health) [0.002s]
2025-10-17 23:27:22 | ERROR | monitoring_service | ❌ strategy_service unreachable (http://strategy_service:8020/health) → 
2025-10-17 23:27:24 | ERROR | monitoring_service | ❌ execution_service unreachable (http://execution_service:8030/health) → [Errno -2] Name or service not known
2025-10-17 23:27:27 | ERROR | monitoring_service | ❌ risk_service unreachable (http://risk_service:8040/health) → 
2025-10-17 23:27:27 | INFO | monitoring_service | ✅ auth_service is UP (http://auth_service:8018/health) [0.002s]
2025-10-17 23:28:00 | INFO | monitoring_service | ✅ data_service is UP (http://data_service:8080/health) [0.002s]
2025-10-17 23:28:02 | ERROR | monitoring_service | ❌ strategy_service unreachable (http://strategy_service:8020/health) → [Errno -2] Name or service not known
2025-10-17 23:28:05 | ERROR | monitoring_service | ❌ execution_service unreachable (http://execution_service:8030/health) → [Errno -2] Name or service not known
2025-10-17 23:28:08 | ERROR | monitoring_service | ❌ risk_service unreachable (http://risk_service:8040/health) → 
2025-10-17 23:28:08 | INFO | monitoring_service | ✅ auth_service is UP (http://auth_service:8018/health) [0.002s]
2025-10-17 23:28:41 | INFO | monitoring_service | ✅ data_service is UP (http://data_service:8080/health) [0.003s]
2025-10-17 23:28:43 | ERROR | monitoring_service | ❌ strategy_service unreachable (http://strategy_service:8020/health) → [Errno -2] Name or service not known
2025-10-17 23:28:46 | ERROR | monitoring_service | ❌ execution_service unreachable (http://execution_service:8030/health) → [Errno -2] Name or service not known
2025-10-17 23:28:49 | ERROR | monitoring_service | ❌ risk_service unreachable (http://risk_service:8040/health) → 
2025-10-17 23:28:49 | INFO | monitoring_service | ✅ auth_service is UP (http://auth_service:8018/health) [0.002s]
2025-10-17 23:29:22 | INFO | monitoring_service | ✅ data_service is UP (http://data_service:8080/health) [0.003s]
2025-10-17 23:29:24 | ERROR | monitoring_service | ❌ strategy_service unreachable (http://strategy_service:8020/health) → [Errno -2] Name or service not known
2025-10-17 23:29:27 | ERROR | monitoring_service | ❌ execution_service unreachable (http://execution_service:8030/health) → [Errno -2] Name or service not known
2025-10-17 23:29:33 | ERROR | monitoring_service | ❌ risk_service unreachable (http://risk_service:8040/health) → 
2025-10-17 23:29:33 | INFO | monitoring_service | ✅ auth_service is UP (http://auth_service:8018/health) [0.003s]
2025-10-17 23:30:06 | INFO | monitoring_service | ✅ data_service is UP (http://data_service:8080/health) [0.002s]
2025-10-17 23:30:09 | ERROR | monitoring_service | ❌ strategy_service unreachable (http://strategy_service:8020/health) → [Errno -2] Name or service not known
2025-10-17 23:30:11 | ERROR | monitoring_service | ❌ execution_service unreachable (http://execution_service:8030/health) → [Errno -2] Name or service not known
2025-10-17 23:30:14 | ERROR | monitoring_service | ❌ risk_service unreachable (http://risk_service:8040/health) → 
2025-10-17 23:30:14 | INFO | monitoring_service | ✅ auth_service is UP (http://auth_service:8018/health) [0.002s]
2025-10-17 23:30:16 | INFO | monitoring_service | 🧹 Health monitor task cancelled during shutdown
2025-10-17 23:30:16 | INFO | monitoring_service | 🧩 Monitoring service shutdown complete
2025-10-17 23:30:16 | INFO | monitoring_service | 🩺 Monitoring targets: ['data_service', 'strategy_service', 'execution_service', 'risk_service', 'auth_service']
2025-10-17 23:39:47 | INFO | monitoring_service | 📂 File logging enabled: /logs/monitoring_service.log
2025-10-17 23:39:47 | INFO | monitoring_service | 📂 Logging initialized (stdout + optional file)
2025-10-17 23:39:47 | INFO | monitoring_service | ✅ Loaded config from: /app/config/config.yaml
2025-10-17 23:39:47 | INFO | monitoring_service | 🩺 Monitoring targets: ['data_service', 'strategy_service', 'execution_service', 'risk_service', 'auth_service']
2025-10-17 23:39:47 | INFO | monitoring_service | 🚀 Starting Monitoring Service...
2025-10-17 23:39:47 | INFO | monitoring_service | 🕒 Background health monitor started (interval=30s)
2025-10-17 23:39:50 | ERROR | monitoring_service | ❌ data_service unreachable (http://data_service:8080/health) → 
2025-10-17 23:39:50 | INFO | monitoring_service | ✅ strategy_service is UP (http://strategy_service:8020/health) [0.011s]
2025-10-17 23:39:52 | ERROR | monitoring_service | ❌ execution_service unreachable (http://execution_service:8030/health) → [Errno -2] Name or service not known
2025-10-17 23:39:55 | ERROR | monitoring_service | ❌ risk_service unreachable (http://risk_service:8040/health) → 
2025-10-17 23:39:55 | ERROR | monitoring_service | ❌ auth_service unreachable (http://auth_service:8018/health) → All connection attempts failed
2025-10-17 23:40:28 | INFO | monitoring_service | ✅ data_service is UP (http://data_service:8080/health) [0.004s]
2025-10-17 23:40:28 | INFO | monitoring_service | ✅ strategy_service is UP (http://strategy_service:8020/health) [0.003s]
2025-10-17 23:40:31 | ERROR | monitoring_service | ❌ execution_service unreachable (http://execution_service:8030/health) → [Errno -2] Name or service not known
2025-10-17 23:40:34 | ERROR | monitoring_service | ❌ risk_service unreachable (http://risk_service:8040/health) → 
2025-10-17 23:40:34 | INFO | monitoring_service | ✅ auth_service is UP (http://auth_service:8018/health) [0.003s]
2025-10-17 23:40:55 | INFO | monitoring_service | 🧹 Health monitor task cancelled during shutdown
2025-10-17 23:40:55 | INFO | monitoring_service | 🧩 Monitoring service shutdown complete
2025-10-17 23:40:55 | INFO | monitoring_service | 🩺 Monitoring targets: ['data_service', 'strategy_service', 'execution_service', 'risk_service', 'auth_service']
2025-10-17 23:40:58 | INFO | monitoring_service | 📂 File logging enabled: /logs/monitoring_service.log
2025-10-17 23:40:58 | INFO | monitoring_service | 📂 Logging initialized (stdout + optional file)
2025-10-17 23:40:58 | INFO | monitoring_service | ✅ Loaded config from: /app/config/config.yaml
2025-10-17 23:40:58 | INFO | monitoring_service | 🩺 Monitoring targets: ['data_service', 'strategy_service', 'execution_service', 'risk_service', 'auth_service']
2025-10-17 23:40:58 | INFO | monitoring_service | 🚀 Starting Monitoring Service...
2025-10-17 23:40:58 | INFO | monitoring_service | 🕒 Background health monitor started (interval=30s)
2025-10-17 23:40:58 | ERROR | monitoring_service | ❌ data_service unreachable (http://data_service:8080/health) → All connection attempts failed
2025-10-17 23:40:58 | ERROR | monitoring_service | ❌ strategy_service unreachable (http://strategy_service:8020/health) → All connection attempts failed
2025-10-17 23:41:01 | ERROR | monitoring_service | ❌ execution_service unreachable (http://execution_service:8030/health) → [Errno -2] Name or service not known
2025-10-17 23:41:01 | ERROR | monitoring_service | ❌ risk_service unreachable (http://risk_service:8040/health) → All connection attempts failed
2025-10-17 23:41:01 | INFO | monitoring_service | ✅ auth_service is UP (http://auth_service:8018/health) [0.003s]
2025-10-17 23:41:34 | INFO | monitoring_service | ✅ data_service is UP (http://data_service:8080/health) [0.003s]
2025-10-17 23:41:34 | INFO | monitoring_service | ✅ strategy_service is UP (http://strategy_service:8020/health) [0.005s]
2025-10-17 23:41:36 | ERROR | monitoring_service | ❌ execution_service unreachable (http://execution_service:8030/health) → [Errno -2] Name or service not known
2025-10-17 23:41:39 | ERROR | monitoring_service | ❌ risk_service unreachable (http://risk_service:8040/health) → 
2025-10-17 23:41:39 | INFO | monitoring_service | ✅ auth_service is UP (http://auth_service:8018/health) [0.004s]
2025-10-17 23:42:13 | INFO | monitoring_service | ✅ data_service is UP (http://data_service:8080/health) [0.002s]
2025-10-17 23:42:13 | INFO | monitoring_service | ✅ strategy_service is UP (http://strategy_service:8020/health) [0.002s]
2025-10-17 23:42:15 | ERROR | monitoring_service | ❌ execution_service unreachable (http://execution_service:8030/health) → [Errno -2] Name or service not known
2025-10-17 23:42:21 | ERROR | monitoring_service | ❌ risk_service unreachable (http://risk_service:8040/health) → 
2025-10-17 23:42:21 | INFO | monitoring_service | ✅ auth_service is UP (http://auth_service:8018/health) [0.002s]
2025-10-17 23:42:55 | INFO | monitoring_service | ✅ data_service is UP (http://data_service:8080/health) [0.002s]
2025-10-17 23:42:55 | INFO | monitoring_service | ✅ strategy_service is UP (http://strategy_service:8020/health) [0.002s]
2025-10-17 23:42:57 | ERROR | monitoring_service | ❌ execution_service unreachable (http://execution_service:8030/health) → [Errno -2] Name or service not known
2025-10-17 23:43:00 | ERROR | monitoring_service | ❌ risk_service unreachable (http://risk_service:8040/health) → 
2025-10-17 23:43:00 | INFO | monitoring_service | ✅ auth_service is UP (http://auth_service:8018/health) [0.002s]
2025-10-17 23:43:33 | INFO | monitoring_service | ✅ data_service is UP (http://data_service:8080/health) [0.002s]
2025-10-17 23:43:33 | INFO | monitoring_service | ✅ strategy_service is UP (http://strategy_service:8020/health) [0.002s]
2025-10-17 23:43:35 | ERROR | monitoring_service | ❌ execution_service unreachable (http://execution_service:8030/health) → [Errno -2] Name or service not known
2025-10-17 23:43:38 | ERROR | monitoring_service | ❌ risk_service unreachable (http://risk_service:8040/health) → 
2025-10-17 23:43:38 | INFO | monitoring_service | ✅ auth_service is UP (http://auth_service:8018/health) [0.004s]
2025-10-17 23:44:12 | INFO | monitoring_service | ✅ data_service is UP (http://data_service:8080/health) [0.002s]
2025-10-17 23:44:12 | INFO | monitoring_service | ✅ strategy_service is UP (http://strategy_service:8020/health) [0.002s]
2025-10-17 23:44:14 | ERROR | monitoring_service | ❌ execution_service unreachable (http://execution_service:8030/health) → [Errno -2] Name or service not known
2025-10-17 23:44:17 | ERROR | monitoring_service | ❌ risk_service unreachable (http://risk_service:8040/health) → 
2025-10-17 23:44:17 | INFO | monitoring_service | ✅ auth_service is UP (http://auth_service:8018/health) [0.002s]
2025-10-17 23:44:50 | INFO | monitoring_service | ✅ data_service is UP (http://data_service:8080/health) [0.002s]
2025-10-17 23:44:50 | INFO | monitoring_service | ✅ strategy_service is UP (http://strategy_service:8020/health) [0.002s]
2025-10-17 23:44:53 | ERROR | monitoring_service | ❌ execution_service unreachable (http://execution_service:8030/health) → [Errno -2] Name or service not known
2025-10-17 23:44:56 | ERROR | monitoring_service | ❌ risk_service unreachable (http://risk_service:8040/health) → 
2025-10-17 23:44:56 | INFO | monitoring_service | ✅ auth_service is UP (http://auth_service:8018/health) [0.002s]
2025-10-17 23:45:29 | INFO | monitoring_service | ✅ data_service is UP (http://data_service:8080/health) [0.002s]
2025-10-17 23:45:29 | INFO | monitoring_service | ✅ strategy_service is UP (http://strategy_service:8020/health) [0.002s]
2025-10-17 23:45:31 | ERROR | monitoring_service | ❌ execution_service unreachable (http://execution_service:8030/health) → [Errno -2] Name or service not known
2025-10-17 23:45:34 | ERROR | monitoring_service | ❌ risk_service unreachable (http://risk_service:8040/health) → 
2025-10-17 23:45:34 | INFO | monitoring_service | ✅ auth_service is UP (http://auth_service:8018/health) [0.002s]
2025-10-17 23:46:08 | INFO | monitoring_service | ✅ data_service is UP (http://data_service:8080/health) [0.004s]
2025-10-17 23:46:08 | INFO | monitoring_service | ✅ strategy_service is UP (http://strategy_service:8020/health) [0.003s]
2025-10-17 23:46:14 | ERROR | monitoring_service | ❌ execution_service unreachable (http://execution_service:8030/health) → 
2025-10-17 23:46:17 | ERROR | monitoring_service | ❌ risk_service unreachable (http://risk_service:8040/health) → 
2025-10-17 23:46:17 | INFO | monitoring_service | ✅ auth_service is UP (http://auth_service:8018/health) [0.003s]
2025-10-17 23:46:50 | INFO | monitoring_service | ✅ data_service is UP (http://data_service:8080/health) [0.002s]
2025-10-17 23:46:50 | INFO | monitoring_service | ✅ strategy_service is UP (http://strategy_service:8020/health) [0.002s]
2025-10-17 23:46:53 | ERROR | monitoring_service | ❌ execution_service unreachable (http://execution_service:8030/health) → [Errno -2] Name or service not known
2025-10-17 23:46:56 | ERROR | monitoring_service | ❌ risk_service unreachable (http://risk_service:8040/health) → 
2025-10-17 23:46:56 | INFO | monitoring_service | ✅ auth_service is UP (http://auth_service:8018/health) [0.003s]
2025-10-17 23:47:29 | INFO | monitoring_service | ✅ data_service is UP (http://data_service:8080/health) [0.002s]
2025-10-17 23:47:29 | INFO | monitoring_service | ✅ strategy_service is UP (http://strategy_service:8020/health) [0.002s]
2025-10-17 23:47:31 | ERROR | monitoring_service | ❌ execution_service unreachable (http://execution_service:8030/health) → [Errno -2] Name or service not known
2025-10-17 23:47:34 | ERROR | monitoring_service | ❌ risk_service unreachable (http://risk_service:8040/health) → 
2025-10-17 23:47:34 | INFO | monitoring_service | ✅ auth_service is UP (http://auth_service:8018/health) [0.002s]
2025-10-17 23:48:08 | INFO | monitoring_service | ✅ data_service is UP (http://data_service:8080/health) [0.002s]
2025-10-17 23:48:08 | INFO | monitoring_service | ✅ strategy_service is UP (http://strategy_service:8020/health) [0.002s]
2025-10-17 23:48:10 | ERROR | monitoring_service | ❌ execution_service unreachable (http://execution_service:8030/health) → [Errno -2] Name or service not known
2025-10-17 23:48:13 | ERROR | monitoring_service | ❌ risk_service unreachable (http://risk_service:8040/health) → 
2025-10-17 23:48:13 | INFO | monitoring_service | ✅ auth_service is UP (http://auth_service:8018/health) [0.003s]
2025-10-17 23:48:46 | INFO | monitoring_service | ✅ data_service is UP (http://data_service:8080/health) [0.002s]
2025-10-17 23:48:46 | INFO | monitoring_service | ✅ strategy_service is UP (http://strategy_service:8020/health) [0.002s]
2025-10-17 23:48:49 | ERROR | monitoring_service | ❌ execution_service unreachable (http://execution_service:8030/health) → [Errno -2] Name or service not known
2025-10-17 23:48:52 | ERROR | monitoring_service | ❌ risk_service unreachable (http://risk_service:8040/health) → 
2025-10-17 23:48:52 | INFO | monitoring_service | ✅ auth_service is UP (http://auth_service:8018/health) [0.002s]
2025-10-17 23:49:25 | INFO | monitoring_service | ✅ data_service is UP (http://data_service:8080/health) [0.002s]
2025-10-17 23:49:25 | INFO | monitoring_service | ✅ strategy_service is UP (http://strategy_service:8020/health) [0.002s]
2025-10-17 23:49:27 | ERROR | monitoring_service | ❌ execution_service unreachable (http://execution_service:8030/health) → [Errno -2] Name or service not known
2025-10-17 23:49:34 | ERROR | monitoring_service | ❌ risk_service unreachable (http://risk_service:8040/health) → 
2025-10-17 23:49:34 | INFO | monitoring_service | ✅ auth_service is UP (http://auth_service:8018/health) [0.002s]
2025-10-17 23:50:07 | INFO | monitoring_service | ✅ data_service is UP (http://data_service:8080/health) [0.002s]
2025-10-17 23:50:07 | INFO | monitoring_service | ✅ strategy_service is UP (http://strategy_service:8020/health) [0.002s]
2025-10-17 23:50:09 | ERROR | monitoring_service | ❌ execution_service unreachable (http://execution_service:8030/health) → [Errno -2] Name or service not known
2025-10-17 23:50:12 | ERROR | monitoring_service | ❌ risk_service unreachable (http://risk_service:8040/health) → 
2025-10-17 23:50:12 | INFO | monitoring_service | ✅ auth_service is UP (http://auth_service:8018/health) [0.004s]
2025-10-17 23:50:46 | INFO | monitoring_service | ✅ data_service is UP (http://data_service:8080/health) [0.002s]
2025-10-17 23:50:46 | INFO | monitoring_service | ✅ strategy_service is UP (http://strategy_service:8020/health) [0.002s]
2025-10-17 23:50:48 | ERROR | monitoring_service | ❌ execution_service unreachable (http://execution_service:8030/health) → [Errno -2] Name or service not known
2025-10-17 23:50:51 | ERROR | monitoring_service | ❌ risk_service unreachable (http://risk_service:8040/health) → 
2025-10-17 23:50:51 | INFO | monitoring_service | ✅ auth_service is UP (http://auth_service:8018/health) [0.003s]
2025-10-17 23:51:24 | INFO | monitoring_service | ✅ data_service is UP (http://data_service:8080/health) [0.002s]
2025-10-17 23:51:24 | INFO | monitoring_service | ✅ strategy_service is UP (http://strategy_service:8020/health) [0.002s]
2025-10-17 23:51:27 | ERROR | monitoring_service | ❌ execution_service unreachable (http://execution_service:8030/health) → [Errno -2] Name or service not known
2025-10-17 23:51:30 | ERROR | monitoring_service | ❌ risk_service unreachable (http://risk_service:8040/health) → 
2025-10-17 23:51:30 | INFO | monitoring_service | ✅ auth_service is UP (http://auth_service:8018/health) [0.002s]
2025-10-17 23:52:03 | INFO | monitoring_service | ✅ data_service is UP (http://data_service:8080/health) [0.002s]
2025-10-17 23:52:03 | INFO | monitoring_service | ✅ strategy_service is UP (http://strategy_service:8020/health) [0.002s]
2025-10-17 23:52:05 | ERROR | monitoring_service | ❌ execution_service unreachable (http://execution_service:8030/health) → [Errno -2] Name or service not known
2025-10-17 23:52:08 | ERROR | monitoring_service | ❌ risk_service unreachable (http://risk_service:8040/health) → 
2025-10-17 23:52:08 | INFO | monitoring_service | ✅ auth_service is UP (http://auth_service:8018/health) [0.004s]
2025-10-17 23:52:42 | INFO | monitoring_service | ✅ data_service is UP (http://data_service:8080/health) [0.003s]
2025-10-17 23:52:42 | INFO | monitoring_service | ✅ strategy_service is UP (http://strategy_service:8020/health) [0.005s]
2025-10-17 23:52:44 | ERROR | monitoring_service | ❌ execution_service unreachable (http://execution_service:8030/health) → [Errno -2] Name or service not known
2025-10-17 23:52:47 | ERROR | monitoring_service | ❌ risk_service unreachable (http://risk_service:8040/health) → 
2025-10-17 23:52:47 | INFO | monitoring_service | ✅ auth_service is UP (http://auth_service:8018/health) [0.003s]
2025-10-17 23:53:20 | INFO | monitoring_service | ✅ data_service is UP (http://data_service:8080/health) [0.003s]
2025-10-17 23:53:20 | INFO | monitoring_service | ✅ strategy_service is UP (http://strategy_service:8020/health) [0.003s]
2025-10-17 23:53:27 | ERROR | monitoring_service | ❌ execution_service unreachable (http://execution_service:8030/health) → 
2025-10-17 23:53:30 | ERROR | monitoring_service | ❌ risk_service unreachable (http://risk_service:8040/health) → 
2025-10-17 23:53:30 | INFO | monitoring_service | ✅ auth_service is UP (http://auth_service:8018/health) [0.004s]
2025-10-17 23:54:03 | INFO | monitoring_service | ✅ data_service is UP (http://data_service:8080/health) [0.002s]
2025-10-17 23:54:03 | INFO | monitoring_service | ✅ strategy_service is UP (http://strategy_service:8020/health) [0.002s]
2025-10-17 23:54:05 | ERROR | monitoring_service | ❌ execution_service unreachable (http://execution_service:8030/health) → [Errno -2] Name or service not known
2025-10-17 23:54:08 | ERROR | monitoring_service | ❌ risk_service unreachable (http://risk_service:8040/health) → 
2025-10-17 23:54:08 | INFO | monitoring_service | ✅ auth_service is UP (http://auth_service:8018/health) [0.002s]
2025-10-17 23:54:42 | INFO | monitoring_service | ✅ data_service is UP (http://data_service:8080/health) [0.002s]
2025-10-17 23:54:42 | INFO | monitoring_service | ✅ strategy_service is UP (http://strategy_service:8020/health) [0.002s]
2025-10-17 23:54:44 | ERROR | monitoring_service | ❌ execution_service unreachable (http://execution_service:8030/health) → [Errno -2] Name or service not known
2025-10-17 23:54:47 | ERROR | monitoring_service | ❌ risk_service unreachable (http://risk_service:8040/health) → 
2025-10-17 23:54:47 | INFO | monitoring_service | ✅ auth_service is UP (http://auth_service:8018/health) [0.002s]
2025-10-17 23:55:20 | INFO | monitoring_service | ✅ data_service is UP (http://data_service:8080/health) [0.002s]
2025-10-17 23:55:20 | INFO | monitoring_service | ✅ strategy_service is UP (http://strategy_service:8020/health) [0.002s]
2025-10-17 23:55:23 | ERROR | monitoring_service | ❌ execution_service unreachable (http://execution_service:8030/health) → [Errno -2] Name or service not known
2025-10-17 23:55:26 | ERROR | monitoring_service | ❌ risk_service unreachable (http://risk_service:8040/health) → 
2025-10-17 23:55:26 | INFO | monitoring_service | ✅ auth_service is UP (http://auth_service:8018/health) [0.002s]
2025-10-17 23:55:59 | INFO | monitoring_service | ✅ data_service is UP (http://data_service:8080/health) [0.002s]
2025-10-17 23:55:59 | INFO | monitoring_service | ✅ strategy_service is UP (http://strategy_service:8020/health) [0.002s]
2025-10-17 23:56:01 | ERROR | monitoring_service | ❌ execution_service unreachable (http://execution_service:8030/health) → [Errno -2] Name or service not known
2025-10-17 23:56:04 | ERROR | monitoring_service | ❌ risk_service unreachable (http://risk_service:8040/health) → 
2025-10-17 23:56:04 | INFO | monitoring_service | ✅ auth_service is UP (http://auth_service:8018/health) [0.002s]
2025-10-17 23:56:38 | INFO | monitoring_service | ✅ data_service is UP (http://data_service:8080/health) [0.002s]
2025-10-17 23:56:38 | INFO | monitoring_service | ✅ strategy_service is UP (http://strategy_service:8020/health) [0.002s]
2025-10-17 23:56:40 | ERROR | monitoring_service | ❌ execution_service unreachable (http://execution_service:8030/health) → [Errno -2] Name or service not known
2025-10-17 23:56:46 | ERROR | monitoring_service | ❌ risk_service unreachable (http://risk_service:8040/health) → 
2025-10-17 23:56:46 | INFO | monitoring_service | ✅ auth_service is UP (http://auth_service:8018/health) [0.003s]
2025-10-17 23:57:20 | INFO | monitoring_service | ✅ data_service is UP (http://data_service:8080/health) [0.002s]
2025-10-17 23:57:20 | INFO | monitoring_service | ✅ strategy_service is UP (http://strategy_service:8020/health) [0.002s]
2025-10-17 23:57:22 | ERROR | monitoring_service | ❌ execution_service unreachable (http://execution_service:8030/health) → [Errno -2] Name or service not known
2025-10-17 23:57:25 | ERROR | monitoring_service | ❌ risk_service unreachable (http://risk_service:8040/health) → 
2025-10-17 23:57:25 | INFO | monitoring_service | ✅ auth_service is UP (http://auth_service:8018/health) [0.002s]
2025-10-17 23:57:58 | INFO | monitoring_service | ✅ data_service is UP (http://data_service:8080/health) [0.002s]
2025-10-17 23:57:58 | INFO | monitoring_service | ✅ strategy_service is UP (http://strategy_service:8020/health) [0.002s]
2025-10-17 23:58:01 | ERROR | monitoring_service | ❌ execution_service unreachable (http://execution_service:8030/health) → [Errno -2] Name or service not known
2025-10-17 23:58:04 | ERROR | monitoring_service | ❌ risk_service unreachable (http://risk_service:8040/health) → 
2025-10-17 23:58:04 | INFO | monitoring_service | ✅ auth_service is UP (http://auth_service:8018/health) [0.002s]
2025-10-17 23:58:37 | INFO | monitoring_service | ✅ data_service is UP (http://data_service:8080/health) [0.002s]
2025-10-17 23:58:37 | INFO | monitoring_service | ✅ strategy_service is UP (http://strategy_service:8020/health) [0.002s]
2025-10-17 23:58:39 | ERROR | monitoring_service | ❌ execution_service unreachable (http://execution_service:8030/health) → [Errno -2] Name or service not known
2025-10-17 23:58:42 | ERROR | monitoring_service | ❌ risk_service unreachable (http://risk_service:8040/health) → 
2025-10-17 23:58:42 | INFO | monitoring_service | ✅ auth_service is UP (http://auth_service:8018/health) [0.002s]
2025-10-17 23:59:16 | INFO | monitoring_service | ✅ data_service is UP (http://data_service:8080/health) [0.002s]
2025-10-17 23:59:16 | INFO | monitoring_service | ✅ strategy_service is UP (http://strategy_service:8020/health) [0.002s]
2025-10-17 23:59:18 | ERROR | monitoring_service | ❌ execution_service unreachable (http://execution_service:8030/health) → [Errno -2] Name or service not known
2025-10-17 23:59:21 | ERROR | monitoring_service | ❌ risk_service unreachable (http://risk_service:8040/health) → 
2025-10-17 23:59:21 | INFO | monitoring_service | ✅ auth_service is UP (http://auth_service:8018/health) [0.003s]
2025-10-17 23:59:54 | INFO | monitoring_service | ✅ data_service is UP (http://data_service:8080/health) [0.002s]
2025-10-17 23:59:54 | INFO | monitoring_service | ✅ strategy_service is UP (http://strategy_service:8020/health) [0.002s]
2025-10-17 23:59:57 | ERROR | monitoring_service | ❌ execution_service unreachable (http://execution_service:8030/health) → [Errno -2] Name or service not known
2025-10-18 00:00:00 | ERROR | monitoring_service | ❌ risk_service unreachable (http://risk_service:8040/health) → 
2025-10-18 00:00:00 | INFO | monitoring_service | ✅ auth_service is UP (http://auth_service:8018/health) [0.006s]
2025-10-18 00:00:33 | INFO | monitoring_service | ✅ data_service is UP (http://data_service:8080/health) [0.002s]
2025-10-18 00:00:33 | INFO | monitoring_service | ✅ strategy_service is UP (http://strategy_service:8020/health) [0.002s]
2025-10-18 00:00:35 | ERROR | monitoring_service | ❌ execution_service unreachable (http://execution_service:8030/health) → [Errno -2] Name or service not known
2025-10-18 00:00:42 | ERROR | monitoring_service | ❌ risk_service unreachable (http://risk_service:8040/health) → 
2025-10-18 00:00:42 | INFO | monitoring_service | ✅ auth_service is UP (http://auth_service:8018/health) [0.002s]
2025-10-18 00:01:15 | INFO | monitoring_service | ✅ data_service is UP (http://data_service:8080/health) [0.002s]
2025-10-18 00:01:15 | INFO | monitoring_service | ✅ strategy_service is UP (http://strategy_service:8020/health) [0.002s]
2025-10-18 00:01:17 | ERROR | monitoring_service | ❌ execution_service unreachable (http://execution_service:8030/health) → [Errno -2] Name or service not known
2025-10-18 00:01:20 | ERROR | monitoring_service | ❌ risk_service unreachable (http://risk_service:8040/health) → 
2025-10-18 00:01:20 | INFO | monitoring_service | ✅ auth_service is UP (http://auth_service:8018/health) [0.003s]
2025-10-18 00:01:54 | INFO | monitoring_service | ✅ data_service is UP (http://data_service:8080/health) [0.002s]
2025-10-18 00:01:54 | INFO | monitoring_service | ✅ strategy_service is UP (http://strategy_service:8020/health) [0.002s]
2025-10-18 00:01:56 | ERROR | monitoring_service | ❌ execution_service unreachable (http://execution_service:8030/health) → [Errno -2] Name or service not known
2025-10-18 00:01:59 | ERROR | monitoring_service | ❌ risk_service unreachable (http://risk_service:8040/health) → 
2025-10-18 00:01:59 | INFO | monitoring_service | ✅ auth_service is UP (http://auth_service:8018/health) [0.003s]
2025-10-18 00:02:32 | INFO | monitoring_service | ✅ data_service is UP (http://data_service:8080/health) [0.002s]
2025-10-18 00:02:32 | INFO | monitoring_service | ✅ strategy_service is UP (http://strategy_service:8020/health) [0.002s]
2025-10-18 00:02:34 | ERROR | monitoring_service | ❌ execution_service unreachable (http://execution_service:8030/health) → [Errno -2] Name or service not known
2025-10-18 00:02:37 | ERROR | monitoring_service | ❌ risk_service unreachable (http://risk_service:8040/health) → 
2025-10-18 00:02:37 | INFO | monitoring_service | ✅ auth_service is UP (http://auth_service:8018/health) [0.004s]
2025-10-18 00:03:11 | INFO | monitoring_service | ✅ data_service is UP (http://data_service:8080/health) [0.002s]
2025-10-18 00:03:11 | INFO | monitoring_service | ✅ strategy_service is UP (http://strategy_service:8020/health) [0.002s]
2025-10-18 00:03:13 | ERROR | monitoring_service | ❌ execution_service unreachable (http://execution_service:8030/health) → [Errno -2] Name or service not known
2025-10-18 00:03:16 | ERROR | monitoring_service | ❌ risk_service unreachable (http://risk_service:8040/health) → 
2025-10-18 00:03:16 | INFO | monitoring_service | ✅ auth_service is UP (http://auth_service:8018/health) [0.002s]
2025-10-18 00:03:49 | INFO | monitoring_service | ✅ data_service is UP (http://data_service:8080/health) [0.002s]
2025-10-18 00:03:49 | INFO | monitoring_service | ✅ strategy_service is UP (http://strategy_service:8020/health) [0.002s]
2025-10-18 00:03:52 | ERROR | monitoring_service | ❌ execution_service unreachable (http://execution_service:8030/health) → [Errno -2] Name or service not known
2025-10-18 00:03:55 | ERROR | monitoring_service | ❌ risk_service unreachable (http://risk_service:8040/health) → 
2025-10-18 00:03:55 | INFO | monitoring_service | ✅ auth_service is UP (http://auth_service:8018/health) [0.003s]
2025-10-18 00:04:28 | INFO | monitoring_service | ✅ data_service is UP (http://data_service:8080/health) [0.002s]
2025-10-18 00:04:28 | INFO | monitoring_service | ✅ strategy_service is UP (http://strategy_service:8020/health) [0.002s]
2025-10-18 00:04:34 | ERROR | monitoring_service | ❌ execution_service unreachable (http://execution_service:8030/health) → 
2025-10-18 00:04:37 | ERROR | monitoring_service | ❌ risk_service unreachable (http://risk_service:8040/health) → 
2025-10-18 00:04:37 | INFO | monitoring_service | ✅ auth_service is UP (http://auth_service:8018/health) [0.003s]
2025-10-18 00:05:11 | INFO | monitoring_service | ✅ data_service is UP (http://data_service:8080/health) [0.002s]
2025-10-18 00:05:11 | INFO | monitoring_service | ✅ strategy_service is UP (http://strategy_service:8020/health) [0.002s]
2025-10-18 00:05:13 | ERROR | monitoring_service | ❌ execution_service unreachable (http://execution_service:8030/health) → [Errno -2] Name or service not known
2025-10-18 00:05:16 | ERROR | monitoring_service | ❌ risk_service unreachable (http://risk_service:8040/health) → 
2025-10-18 00:05:16 | INFO | monitoring_service | ✅ auth_service is UP (http://auth_service:8018/health) [0.002s]
2025-10-18 00:05:49 | INFO | monitoring_service | ✅ data_service is UP (http://data_service:8080/health) [0.002s]
2025-10-18 00:05:49 | INFO | monitoring_service | ✅ strategy_service is UP (http://strategy_service:8020/health) [0.002s]
2025-10-18 00:05:52 | ERROR | monitoring_service | ❌ execution_service unreachable (http://execution_service:8030/health) → [Errno -2] Name or service not known
2025-10-18 00:05:55 | ERROR | monitoring_service | ❌ risk_service unreachable (http://risk_service:8040/health) → 
2025-10-18 00:05:55 | INFO | monitoring_service | ✅ auth_service is UP (http://auth_service:8018/health) [0.002s]
2025-10-18 00:06:28 | INFO | monitoring_service | ✅ data_service is UP (http://data_service:8080/health) [0.002s]
2025-10-18 00:06:28 | INFO | monitoring_service | ✅ strategy_service is UP (http://strategy_service:8020/health) [0.002s]
2025-10-18 00:06:30 | ERROR | monitoring_service | ❌ execution_service unreachable (http://execution_service:8030/health) → [Errno -2] Name or service not known
2025-10-18 00:06:33 | ERROR | monitoring_service | ❌ risk_service unreachable (http://risk_service:8040/health) → 
2025-10-18 00:06:33 | INFO | monitoring_service | ✅ auth_service is UP (http://auth_service:8018/health) [0.002s]
2025-10-18 00:07:07 | INFO | monitoring_service | ✅ data_service is UP (http://data_service:8080/health) [0.002s]
2025-10-18 00:07:07 | INFO | monitoring_service | ✅ strategy_service is UP (http://strategy_service:8020/health) [0.002s]
2025-10-18 00:07:09 | ERROR | monitoring_service | ❌ execution_service unreachable (http://execution_service:8030/health) → [Errno -2] Name or service not known
2025-10-18 00:07:12 | ERROR | monitoring_service | ❌ risk_service unreachable (http://risk_service:8040/health) → 
2025-10-18 00:07:12 | INFO | monitoring_service | ✅ auth_service is UP (http://auth_service:8018/health) [0.002s]
2025-10-18 00:07:45 | INFO | monitoring_service | ✅ data_service is UP (http://data_service:8080/health) [0.002s]
2025-10-18 00:07:45 | INFO | monitoring_service | ✅ strategy_service is UP (http://strategy_service:8020/health) [0.002s]
2025-10-18 00:07:48 | ERROR | monitoring_service | ❌ execution_service unreachable (http://execution_service:8030/health) → [Errno -2] Name or service not known
2025-10-18 00:07:54 | ERROR | monitoring_service | ❌ risk_service unreachable (http://risk_service:8040/health) → 
2025-10-18 00:07:54 | INFO | monitoring_service | ✅ auth_service is UP (http://auth_service:8018/health) [0.002s]
2025-10-18 00:08:27 | INFO | monitoring_service | ✅ data_service is UP (http://data_service:8080/health) [0.002s]
2025-10-18 00:08:27 | INFO | monitoring_service | ✅ strategy_service is UP (http://strategy_service:8020/health) [0.002s]
2025-10-18 00:08:30 | ERROR | monitoring_service | ❌ execution_service unreachable (http://execution_service:8030/health) → [Errno -2] Name or service not known
2025-10-18 00:08:33 | ERROR | monitoring_service | ❌ risk_service unreachable (http://risk_service:8040/health) → 
2025-10-18 00:08:33 | INFO | monitoring_service | ✅ auth_service is UP (http://auth_service:8018/health) [0.002s]
2025-10-18 00:09:06 | INFO | monitoring_service | ✅ data_service is UP (http://data_service:8080/health) [0.002s]
2025-10-18 00:09:06 | INFO | monitoring_service | ✅ strategy_service is UP (http://strategy_service:8020/health) [0.002s]
2025-10-18 00:09:08 | ERROR | monitoring_service | ❌ execution_service unreachable (http://execution_service:8030/health) → [Errno -2] Name or service not known
2025-10-18 00:09:11 | ERROR | monitoring_service | ❌ risk_service unreachable (http://risk_service:8040/health) → 
2025-10-18 00:09:11 | INFO | monitoring_service | ✅ auth_service is UP (http://auth_service:8018/health) [0.002s]
2025-10-18 00:09:45 | INFO | monitoring_service | ✅ data_service is UP (http://data_service:8080/health) [0.002s]
2025-10-18 00:09:45 | INFO | monitoring_service | ✅ strategy_service is UP (http://strategy_service:8020/health) [0.002s]
2025-10-18 00:09:47 | ERROR | monitoring_service | ❌ execution_service unreachable (http://execution_service:8030/health) → [Errno -2] Name or service not known
2025-10-18 00:09:50 | ERROR | monitoring_service | ❌ risk_service unreachable (http://risk_service:8040/health) → 
2025-10-18 00:09:50 | INFO | monitoring_service | ✅ auth_service is UP (http://auth_service:8018/health) [0.002s]
2025-10-18 00:10:23 | INFO | monitoring_service | ✅ data_service is UP (http://data_service:8080/health) [0.002s]
2025-10-18 00:10:23 | INFO | monitoring_service | ✅ strategy_service is UP (http://strategy_service:8020/health) [0.002s]
2025-10-18 00:10:26 | ERROR | monitoring_service | ❌ execution_service unreachable (http://execution_service:8030/health) → [Errno -2] Name or service not known
2025-10-18 00:10:29 | ERROR | monitoring_service | ❌ risk_service unreachable (http://risk_service:8040/health) → 
2025-10-18 00:10:29 | INFO | monitoring_service | ✅ auth_service is UP (http://auth_service:8018/health) [0.003s]
2025-10-18 00:11:02 | INFO | monitoring_service | ✅ data_service is UP (http://data_service:8080/health) [0.002s]
2025-10-18 00:11:02 | INFO | monitoring_service | ✅ strategy_service is UP (http://strategy_service:8020/health) [0.002s]
2025-10-18 00:11:04 | ERROR | monitoring_service | ❌ execution_service unreachable (http://execution_service:8030/health) → [Errno -2] Name or service not known
2025-10-18 00:11:07 | ERROR | monitoring_service | ❌ risk_service unreachable (http://risk_service:8040/health) → 
2025-10-18 00:11:07 | INFO | monitoring_service | ✅ auth_service is UP (http://auth_service:8018/health) [0.002s]
2025-10-18 00:11:41 | INFO | monitoring_service | ✅ data_service is UP (http://data_service:8080/health) [0.002s]
2025-10-18 00:11:41 | INFO | monitoring_service | ✅ strategy_service is UP (http://strategy_service:8020/health) [0.002s]
2025-10-18 00:11:47 | ERROR | monitoring_service | ❌ execution_service unreachable (http://execution_service:8030/health) → 
2025-10-18 00:11:50 | ERROR | monitoring_service | ❌ risk_service unreachable (http://risk_service:8040/health) → 
2025-10-18 00:11:50 | INFO | monitoring_service | ✅ auth_service is UP (http://auth_service:8018/health) [0.002s]
2025-10-18 00:12:23 | INFO | monitoring_service | ✅ data_service is UP (http://data_service:8080/health) [0.002s]
2025-10-18 00:12:23 | INFO | monitoring_service | ✅ strategy_service is UP (http://strategy_service:8020/health) [0.002s]
2025-10-18 00:12:26 | ERROR | monitoring_service | ❌ execution_service unreachable (http://execution_service:8030/health) → [Errno -2] Name or service not known
2025-10-18 00:12:29 | ERROR | monitoring_service | ❌ risk_service unreachable (http://risk_service:8040/health) → 
2025-10-18 00:12:29 | INFO | monitoring_service | ✅ auth_service is UP (http://auth_service:8018/health) [0.002s]
2025-10-18 00:13:02 | INFO | monitoring_service | ✅ data_service is UP (http://data_service:8080/health) [0.002s]
2025-10-18 00:13:02 | INFO | monitoring_service | ✅ strategy_service is UP (http://strategy_service:8020/health) [0.002s]
2025-10-18 00:13:04 | ERROR | monitoring_service | ❌ execution_service unreachable (http://execution_service:8030/health) → [Errno -2] Name or service not known
2025-10-18 00:13:07 | ERROR | monitoring_service | ❌ risk_service unreachable (http://risk_service:8040/health) → 
2025-10-18 00:13:07 | INFO | monitoring_service | ✅ auth_service is UP (http://auth_service:8018/health) [0.003s]
2025-10-18 00:13:41 | INFO | monitoring_service | ✅ data_service is UP (http://data_service:8080/health) [0.002s]
2025-10-18 00:13:41 | INFO | monitoring_service | ✅ strategy_service is UP (http://strategy_service:8020/health) [0.002s]
2025-10-18 00:13:43 | ERROR | monitoring_service | ❌ execution_service unreachable (http://execution_service:8030/health) → [Errno -2] Name or service not known
2025-10-18 00:13:46 | ERROR | monitoring_service | ❌ risk_service unreachable (http://risk_service:8040/health) → 
2025-10-18 00:13:46 | INFO | monitoring_service | ✅ auth_service is UP (http://auth_service:8018/health) [0.004s]
2025-10-18 00:14:19 | INFO | monitoring_service | ✅ data_service is UP (http://data_service:8080/health) [0.002s]
2025-10-18 00:14:19 | INFO | monitoring_service | ✅ strategy_service is UP (http://strategy_service:8020/health) [0.002s]
2025-10-18 00:14:22 | ERROR | monitoring_service | ❌ execution_service unreachable (http://execution_service:8030/health) → [Errno -2] Name or service not known
2025-10-18 00:14:25 | ERROR | monitoring_service | ❌ risk_service unreachable (http://risk_service:8040/health) → 
2025-10-18 00:14:25 | INFO | monitoring_service | ✅ auth_service is UP (http://auth_service:8018/health) [0.004s]
2025-10-18 00:14:58 | INFO | monitoring_service | ✅ data_service is UP (http://data_service:8080/health) [0.002s]
2025-10-18 00:14:58 | INFO | monitoring_service | ✅ strategy_service is UP (http://strategy_service:8020/health) [0.002s]
2025-10-18 00:15:00 | ERROR | monitoring_service | ❌ execution_service unreachable (http://execution_service:8030/health) → [Errno -2] Name or service not known
2025-10-18 00:15:07 | ERROR | monitoring_service | ❌ risk_service unreachable (http://risk_service:8040/health) → 
2025-10-18 00:15:07 | INFO | monitoring_service | ✅ auth_service is UP (http://auth_service:8018/health) [0.002s]
2025-10-18 00:15:40 | INFO | monitoring_service | ✅ data_service is UP (http://data_service:8080/health) [0.002s]
2025-10-18 00:15:40 | INFO | monitoring_service | ✅ strategy_service is UP (http://strategy_service:8020/health) [0.002s]
2025-10-18 00:15:42 | ERROR | monitoring_service | ❌ execution_service unreachable (http://execution_service:8030/health) → [Errno -2] Name or service not known
2025-10-18 00:15:45 | ERROR | monitoring_service | ❌ risk_service unreachable (http://risk_service:8040/health) → 
2025-10-18 00:15:45 | INFO | monitoring_service | ✅ auth_service is UP (http://auth_service:8018/health) [0.003s]
2025-10-18 00:16:19 | INFO | monitoring_service | ✅ data_service is UP (http://data_service:8080/health) [0.002s]
2025-10-18 00:16:19 | INFO | monitoring_service | ✅ strategy_service is UP (http://strategy_service:8020/health) [0.002s]
2025-10-18 00:16:21 | ERROR | monitoring_service | ❌ execution_service unreachable (http://execution_service:8030/health) → [Errno -2] Name or service not known
2025-10-18 00:16:24 | ERROR | monitoring_service | ❌ risk_service unreachable (http://risk_service:8040/health) → 
2025-10-18 00:16:24 | INFO | monitoring_service | ✅ auth_service is UP (http://auth_service:8018/health) [0.002s]
2025-10-18 00:16:57 | INFO | monitoring_service | ✅ data_service is UP (http://data_service:8080/health) [0.002s]
2025-10-18 00:16:57 | INFO | monitoring_service | ✅ strategy_service is UP (http://strategy_service:8020/health) [0.002s]
2025-10-18 00:16:59 | ERROR | monitoring_service | ❌ execution_service unreachable (http://execution_service:8030/health) → [Errno -2] Name or service not known
2025-10-18 00:17:02 | ERROR | monitoring_service | ❌ risk_service unreachable (http://risk_service:8040/health) → 
2025-10-18 00:17:02 | INFO | monitoring_service | ✅ auth_service is UP (http://auth_service:8018/health) [0.002s]
2025-10-18 00:17:36 | INFO | monitoring_service | ✅ data_service is UP (http://data_service:8080/health) [0.002s]
2025-10-18 00:17:36 | INFO | monitoring_service | ✅ strategy_service is UP (http://strategy_service:8020/health) [0.002s]
2025-10-18 00:17:38 | ERROR | monitoring_service | ❌ execution_service unreachable (http://execution_service:8030/health) → [Errno -2] Name or service not known
2025-10-18 00:17:41 | ERROR | monitoring_service | ❌ risk_service unreachable (http://risk_service:8040/health) → 
2025-10-18 00:17:41 | INFO | monitoring_service | ✅ auth_service is UP (http://auth_service:8018/health) [0.003s]
2025-10-18 00:18:15 | INFO | monitoring_service | ✅ data_service is UP (http://data_service:8080/health) [0.002s]
2025-10-18 00:18:15 | INFO | monitoring_service | ✅ strategy_service is UP (http://strategy_service:8020/health) [0.002s]
2025-10-18 00:18:17 | ERROR | monitoring_service | ❌ execution_service unreachable (http://execution_service:8030/health) → [Errno -2] Name or service not known
2025-10-18 00:18:20 | ERROR | monitoring_service | ❌ risk_service unreachable (http://risk_service:8040/health) → 
2025-10-18 00:18:20 | INFO | monitoring_service | ✅ auth_service is UP (http://auth_service:8018/health) [0.002s]
2025-10-18 00:18:53 | INFO | monitoring_service | ✅ data_service is UP (http://data_service:8080/health) [0.002s]
2025-10-18 00:18:53 | INFO | monitoring_service | ✅ strategy_service is UP (http://strategy_service:8020/health) [0.002s]
2025-10-18 00:18:55 | ERROR | monitoring_service | ❌ execution_service unreachable (http://execution_service:8030/health) → [Errno -2] Name or service not known
2025-10-18 00:19:02 | ERROR | monitoring_service | ❌ risk_service unreachable (http://risk_service:8040/health) → 
2025-10-18 00:19:02 | INFO | monitoring_service | ✅ auth_service is UP (http://auth_service:8018/health) [0.003s]
2025-10-18 00:19:35 | INFO | monitoring_service | ✅ data_service is UP (http://data_service:8080/health) [0.002s]
2025-10-18 00:19:35 | INFO | monitoring_service | ✅ strategy_service is UP (http://strategy_service:8020/health) [0.002s]
2025-10-18 00:19:37 | ERROR | monitoring_service | ❌ execution_service unreachable (http://execution_service:8030/health) → [Errno -2] Name or service not known
2025-10-18 00:19:40 | ERROR | monitoring_service | ❌ risk_service unreachable (http://risk_service:8040/health) → 
2025-10-18 00:19:40 | INFO | monitoring_service | ✅ auth_service is UP (http://auth_service:8018/health) [0.003s]
2025-10-18 00:20:14 | INFO | monitoring_service | ✅ data_service is UP (http://data_service:8080/health) [0.002s]
2025-10-18 00:20:14 | INFO | monitoring_service | ✅ strategy_service is UP (http://strategy_service:8020/health) [0.002s]
2025-10-18 00:20:16 | ERROR | monitoring_service | ❌ execution_service unreachable (http://execution_service:8030/health) → [Errno -2] Name or service not known
2025-10-18 00:20:19 | ERROR | monitoring_service | ❌ risk_service unreachable (http://risk_service:8040/health) → 
2025-10-18 00:20:19 | INFO | monitoring_service | ✅ auth_service is UP (http://auth_service:8018/health) [0.003s]
2025-10-18 00:20:52 | INFO | monitoring_service | ✅ data_service is UP (http://data_service:8080/health) [0.002s]
2025-10-18 00:20:52 | INFO | monitoring_service | ✅ strategy_service is UP (http://strategy_service:8020/health) [0.002s]
2025-10-18 00:20:55 | ERROR | monitoring_service | ❌ execution_service unreachable (http://execution_service:8030/health) → [Errno -2] Name or service not known
2025-10-18 00:20:58 | ERROR | monitoring_service | ❌ risk_service unreachable (http://risk_service:8040/health) → 
2025-10-18 00:20:58 | INFO | monitoring_service | ✅ auth_service is UP (http://auth_service:8018/health) [0.002s]
2025-10-18 00:21:31 | INFO | monitoring_service | ✅ data_service is UP (http://data_service:8080/health) [0.002s]
2025-10-18 00:21:31 | INFO | monitoring_service | ✅ strategy_service is UP (http://strategy_service:8020/health) [0.002s]
2025-10-18 00:21:33 | ERROR | monitoring_service | ❌ execution_service unreachable (http://execution_service:8030/health) → [Errno -2] Name or service not known
2025-10-18 00:21:36 | ERROR | monitoring_service | ❌ risk_service unreachable (http://risk_service:8040/health) → 
2025-10-18 00:21:36 | INFO | monitoring_service | ✅ auth_service is UP (http://auth_service:8018/health) [0.002s]
2025-10-18 00:22:10 | INFO | monitoring_service | ✅ data_service is UP (http://data_service:8080/health) [0.002s]
2025-10-18 00:22:10 | INFO | monitoring_service | ✅ strategy_service is UP (http://strategy_service:8020/health) [0.002s]
2025-10-18 00:22:12 | ERROR | monitoring_service | ❌ execution_service unreachable (http://execution_service:8030/health) → [Errno -2] Name or service not known
2025-10-18 00:22:15 | ERROR | monitoring_service | ❌ risk_service unreachable (http://risk_service:8040/health) → 
2025-10-18 00:22:15 | INFO | monitoring_service | ✅ auth_service is UP (http://auth_service:8018/health) [0.002s]
2025-10-18 00:22:48 | INFO | monitoring_service | ✅ data_service is UP (http://data_service:8080/health) [0.002s]
2025-10-18 00:22:48 | INFO | monitoring_service | ✅ strategy_service is UP (http://strategy_service:8020/health) [0.002s]
2025-10-18 00:22:55 | ERROR | monitoring_service | ❌ execution_service unreachable (http://execution_service:8030/health) → 
2025-10-18 00:22:58 | ERROR | monitoring_service | ❌ risk_service unreachable (http://risk_service:8040/health) → 
2025-10-18 00:22:58 | INFO | monitoring_service | ✅ auth_service is UP (http://auth_service:8018/health) [0.003s]
2025-10-18 00:23:31 | INFO | monitoring_service | ✅ data_service is UP (http://data_service:8080/health) [0.002s]
2025-10-18 00:23:31 | INFO | monitoring_service | ✅ strategy_service is UP (http://strategy_service:8020/health) [0.002s]
2025-10-18 00:23:33 | ERROR | monitoring_service | ❌ execution_service unreachable (http://execution_service:8030/health) → [Errno -2] Name or service not known
2025-10-18 00:23:36 | ERROR | monitoring_service | ❌ risk_service unreachable (http://risk_service:8040/health) → 
2025-10-18 00:23:36 | INFO | monitoring_service | ✅ auth_service is UP (http://auth_service:8018/health) [0.002s]
2025-10-18 00:24:10 | INFO | monitoring_service | ✅ data_service is UP (http://data_service:8080/health) [0.002s]
2025-10-18 00:24:10 | INFO | monitoring_service | ✅ strategy_service is UP (http://strategy_service:8020/health) [0.002s]
2025-10-18 00:24:12 | ERROR | monitoring_service | ❌ execution_service unreachable (http://execution_service:8030/health) → [Errno -2] Name or service not known
2025-10-18 00:24:15 | ERROR | monitoring_service | ❌ risk_service unreachable (http://risk_service:8040/health) → 
2025-10-18 00:24:15 | INFO | monitoring_service | ✅ auth_service is UP (http://auth_service:8018/health) [0.002s]
2025-10-18 00:24:48 | INFO | monitoring_service | ✅ data_service is UP (http://data_service:8080/health) [0.002s]
2025-10-18 00:24:48 | INFO | monitoring_service | ✅ strategy_service is UP (http://strategy_service:8020/health) [0.002s]
2025-10-18 00:24:51 | ERROR | monitoring_service | ❌ execution_service unreachable (http://execution_service:8030/health) → [Errno -2] Name or service not known
2025-10-18 00:24:54 | ERROR | monitoring_service | ❌ risk_service unreachable (http://risk_service:8040/health) → 
2025-10-18 00:24:54 | INFO | monitoring_service | ✅ auth_service is UP (http://auth_service:8018/health) [0.005s]
2025-10-18 00:25:27 | INFO | monitoring_service | ✅ data_service is UP (http://data_service:8080/health) [0.002s]
2025-10-18 00:25:27 | INFO | monitoring_service | ✅ strategy_service is UP (http://strategy_service:8020/health) [0.002s]
2025-10-18 00:25:29 | ERROR | monitoring_service | ❌ execution_service unreachable (http://execution_service:8030/health) → [Errno -2] Name or service not known
2025-10-18 00:25:32 | ERROR | monitoring_service | ❌ risk_service unreachable (http://risk_service:8040/health) → 
2025-10-18 00:25:32 | INFO | monitoring_service | ✅ auth_service is UP (http://auth_service:8018/health) [0.002s]
2025-10-18 00:26:06 | INFO | monitoring_service | ✅ data_service is UP (http://data_service:8080/health) [0.002s]
2025-10-18 00:26:06 | INFO | monitoring_service | ✅ strategy_service is UP (http://strategy_service:8020/health) [0.002s]
2025-10-18 00:26:08 | ERROR | monitoring_service | ❌ execution_service unreachable (http://execution_service:8030/health) → [Errno -2] Name or service not known
2025-10-18 00:26:14 | ERROR | monitoring_service | ❌ risk_service unreachable (http://risk_service:8040/health) → 
2025-10-18 00:26:14 | INFO | monitoring_service | ✅ auth_service is UP (http://auth_service:8018/health) [0.002s]
2025-10-18 00:26:48 | INFO | monitoring_service | ✅ data_service is UP (http://data_service:8080/health) [0.002s]
2025-10-18 00:26:48 | INFO | monitoring_service | ✅ strategy_service is UP (http://strategy_service:8020/health) [0.002s]
2025-10-18 00:26:50 | ERROR | monitoring_service | ❌ execution_service unreachable (http://execution_service:8030/health) → [Errno -2] Name or service not known
2025-10-18 00:26:53 | ERROR | monitoring_service | ❌ risk_service unreachable (http://risk_service:8040/health) → 
2025-10-18 00:26:53 | INFO | monitoring_service | ✅ auth_service is UP (http://auth_service:8018/health) [0.003s]
2025-10-18 00:27:26 | INFO | monitoring_service | ✅ data_service is UP (http://data_service:8080/health) [0.002s]
2025-10-18 00:27:26 | INFO | monitoring_service | ✅ strategy_service is UP (http://strategy_service:8020/health) [0.002s]
2025-10-18 00:27:28 | ERROR | monitoring_service | ❌ execution_service unreachable (http://execution_service:8030/health) → [Errno -2] Name or service not known
2025-10-18 00:27:31 | ERROR | monitoring_service | ❌ risk_service unreachable (http://risk_service:8040/health) → 
2025-10-18 00:27:31 | INFO | monitoring_service | ✅ auth_service is UP (http://auth_service:8018/health) [0.002s]
2025-10-18 00:28:05 | INFO | monitoring_service | ✅ data_service is UP (http://data_service:8080/health) [0.002s]
2025-10-18 00:28:05 | INFO | monitoring_service | ✅ strategy_service is UP (http://strategy_service:8020/health) [0.002s]
2025-10-18 00:28:07 | ERROR | monitoring_service | ❌ execution_service unreachable (http://execution_service:8030/health) → [Errno -2] Name or service not known
2025-10-18 00:28:10 | ERROR | monitoring_service | ❌ risk_service unreachable (http://risk_service:8040/health) → 
2025-10-18 00:28:10 | INFO | monitoring_service | ✅ auth_service is UP (http://auth_service:8018/health) [0.003s]
2025-10-18 00:28:43 | INFO | monitoring_service | ✅ data_service is UP (http://data_service:8080/health) [0.002s]
2025-10-18 00:28:43 | INFO | monitoring_service | ✅ strategy_service is UP (http://strategy_service:8020/health) [0.002s]
2025-10-18 00:28:46 | ERROR | monitoring_service | ❌ execution_service unreachable (http://execution_service:8030/health) → [Errno -2] Name or service not known
2025-10-18 00:28:49 | ERROR | monitoring_service | ❌ risk_service unreachable (http://risk_service:8040/health) → 
2025-10-18 00:28:49 | INFO | monitoring_service | ✅ auth_service is UP (http://auth_service:8018/health) [0.002s]
2025-10-18 00:29:22 | INFO | monitoring_service | ✅ data_service is UP (http://data_service:8080/health) [0.002s]
2025-10-18 00:29:22 | INFO | monitoring_service | ✅ strategy_service is UP (http://strategy_service:8020/health) [0.002s]
2025-10-18 00:29:24 | ERROR | monitoring_service | ❌ execution_service unreachable (http://execution_service:8030/health) → [Errno -2] Name or service not known
2025-10-18 00:29:27 | ERROR | monitoring_service | ❌ risk_service unreachable (http://risk_service:8040/health) → 
2025-10-18 00:29:27 | INFO | monitoring_service | ✅ auth_service is UP (http://auth_service:8018/health) [0.002s]
2025-10-18 00:30:01 | INFO | monitoring_service | ✅ data_service is UP (http://data_service:8080/health) [0.002s]
2025-10-18 00:30:01 | INFO | monitoring_service | ✅ strategy_service is UP (http://strategy_service:8020/health) [0.002s]
2025-10-18 00:30:07 | ERROR | monitoring_service | ❌ execution_service unreachable (http://execution_service:8030/health) → 
2025-10-18 00:30:10 | ERROR | monitoring_service | ❌ risk_service unreachable (http://risk_service:8040/health) → 
2025-10-18 00:30:10 | INFO | monitoring_service | ✅ auth_service is UP (http://auth_service:8018/health) [0.003s]
2025-10-18 00:30:43 | INFO | monitoring_service | ✅ data_service is UP (http://data_service:8080/health) [0.002s]
2025-10-18 00:30:43 | INFO | monitoring_service | ✅ strategy_service is UP (http://strategy_service:8020/health) [0.002s]
2025-10-18 00:30:46 | ERROR | monitoring_service | ❌ execution_service unreachable (http://execution_service:8030/health) → [Errno -2] Name or service not known
2025-10-18 00:30:49 | ERROR | monitoring_service | ❌ risk_service unreachable (http://risk_service:8040/health) → 
2025-10-18 00:30:49 | INFO | monitoring_service | ✅ auth_service is UP (http://auth_service:8018/health) [0.003s]
2025-10-18 00:31:22 | INFO | monitoring_service | ✅ data_service is UP (http://data_service:8080/health) [0.002s]
2025-10-18 00:31:22 | INFO | monitoring_service | ✅ strategy_service is UP (http://strategy_service:8020/health) [0.002s]
2025-10-18 00:31:24 | ERROR | monitoring_service | ❌ execution_service unreachable (http://execution_service:8030/health) → [Errno -2] Name or service not known
2025-10-18 00:31:27 | ERROR | monitoring_service | ❌ risk_service unreachable (http://risk_service:8040/health) → 
2025-10-18 00:31:27 | INFO | monitoring_service | ✅ auth_service is UP (http://auth_service:8018/health) [0.003s]
2025-10-18 00:32:01 | INFO | monitoring_service | ✅ data_service is UP (http://data_service:8080/health) [0.002s]
2025-10-18 00:32:01 | INFO | monitoring_service | ✅ strategy_service is UP (http://strategy_service:8020/health) [0.002s]
2025-10-18 00:32:03 | ERROR | monitoring_service | ❌ execution_service unreachable (http://execution_service:8030/health) → [Errno -2] Name or service not known
2025-10-18 00:32:06 | ERROR | monitoring_service | ❌ risk_service unreachable (http://risk_service:8040/health) → 
2025-10-18 00:32:06 | INFO | monitoring_service | ✅ auth_service is UP (http://auth_service:8018/health) [0.003s]
2025-10-18 00:32:41 | INFO | monitoring_service | ✅ data_service is UP (http://data_service:8080/health) [0.002s]
2025-10-18 00:32:41 | INFO | monitoring_service | ✅ strategy_service is UP (http://strategy_service:8020/health) [0.002s]
2025-10-18 00:32:43 | ERROR | monitoring_service | ❌ execution_service unreachable (http://execution_service:8030/health) → [Errno -2] Name or service not known
2025-10-18 00:32:46 | ERROR | monitoring_service | ❌ risk_service unreachable (http://risk_service:8040/health) → 
2025-10-18 00:32:46 | INFO | monitoring_service | ✅ auth_service is UP (http://auth_service:8018/health) [0.003s]
2025-10-18 00:33:18 | INFO | monitoring_service | ✅ data_service is UP (http://data_service:8080/health) [0.002s]
2025-10-18 00:33:18 | INFO | monitoring_service | ✅ strategy_service is UP (http://strategy_service:8020/health) [0.002s]
2025-10-18 00:33:20 | ERROR | monitoring_service | ❌ execution_service unreachable (http://execution_service:8030/health) → [Errno -2] Name or service not known
2025-10-18 00:33:27 | ERROR | monitoring_service | ❌ risk_service unreachable (http://risk_service:8040/health) → 
2025-10-18 00:33:27 | INFO | monitoring_service | ✅ auth_service is UP (http://auth_service:8018/health) [0.004s]
2025-10-18 00:34:00 | INFO | monitoring_service | ✅ data_service is UP (http://data_service:8080/health) [0.002s]
2025-10-18 00:34:00 | INFO | monitoring_service | ✅ strategy_service is UP (http://strategy_service:8020/health) [0.002s]
2025-10-18 00:34:02 | ERROR | monitoring_service | ❌ execution_service unreachable (http://execution_service:8030/health) → [Errno -2] Name or service not known
2025-10-18 00:34:05 | ERROR | monitoring_service | ❌ risk_service unreachable (http://risk_service:8040/health) → 
2025-10-18 00:34:05 | INFO | monitoring_service | ✅ auth_service is UP (http://auth_service:8018/health) [0.002s]
2025-10-18 00:34:39 | INFO | monitoring_service | ✅ data_service is UP (http://data_service:8080/health) [0.002s]
2025-10-18 00:34:39 | INFO | monitoring_service | ✅ strategy_service is UP (http://strategy_service:8020/health) [0.002s]
2025-10-18 00:34:41 | ERROR | monitoring_service | ❌ execution_service unreachable (http://execution_service:8030/health) → [Errno -2] Name or service not known
2025-10-18 00:34:44 | ERROR | monitoring_service | ❌ risk_service unreachable (http://risk_service:8040/health) → 
2025-10-18 00:34:44 | INFO | monitoring_service | ✅ auth_service is UP (http://auth_service:8018/health) [0.003s]
2025-10-18 00:35:17 | INFO | monitoring_service | ✅ data_service is UP (http://data_service:8080/health) [0.002s]
2025-10-18 00:35:17 | INFO | monitoring_service | ✅ strategy_service is UP (http://strategy_service:8020/health) [0.002s]
2025-10-18 00:35:20 | ERROR | monitoring_service | ❌ execution_service unreachable (http://execution_service:8030/health) → [Errno -2] Name or service not known
2025-10-18 00:35:23 | ERROR | monitoring_service | ❌ risk_service unreachable (http://risk_service:8040/health) → 
2025-10-18 00:35:23 | INFO | monitoring_service | ✅ auth_service is UP (http://auth_service:8018/health) [0.003s]
2025-10-18 00:35:56 | INFO | monitoring_service | ✅ data_service is UP (http://data_service:8080/health) [0.002s]
2025-10-18 00:35:56 | INFO | monitoring_service | ✅ strategy_service is UP (http://strategy_service:8020/health) [0.002s]
2025-10-18 00:35:58 | ERROR | monitoring_service | ❌ execution_service unreachable (http://execution_service:8030/health) → [Errno -2] Name or service not known
2025-10-18 00:36:01 | ERROR | monitoring_service | ❌ risk_service unreachable (http://risk_service:8040/health) → 
2025-10-18 00:36:01 | INFO | monitoring_service | ✅ auth_service is UP (http://auth_service:8018/health) [0.002s]
2025-10-18 00:36:35 | INFO | monitoring_service | ✅ data_service is UP (http://data_service:8080/health) [0.002s]
2025-10-18 00:36:35 | INFO | monitoring_service | ✅ strategy_service is UP (http://strategy_service:8020/health) [0.002s]
2025-10-18 00:36:37 | ERROR | monitoring_service | ❌ execution_service unreachable (http://execution_service:8030/health) → [Errno -2] Name or service not known
2025-10-18 00:36:40 | ERROR | monitoring_service | ❌ risk_service unreachable (http://risk_service:8040/health) → 
2025-10-18 00:36:40 | INFO | monitoring_service | ✅ auth_service is UP (http://auth_service:8018/health) [0.002s]
2025-10-18 00:37:13 | INFO | monitoring_service | ✅ data_service is UP (http://data_service:8080/health) [0.002s]
2025-10-18 00:37:13 | INFO | monitoring_service | ✅ strategy_service is UP (http://strategy_service:8020/health) [0.002s]
2025-10-18 00:37:16 | ERROR | monitoring_service | ❌ execution_service unreachable (http://execution_service:8030/health) → [Errno -2] Name or service not known
2025-10-18 00:37:22 | ERROR | monitoring_service | ❌ risk_service unreachable (http://risk_service:8040/health) → 
2025-10-18 00:37:22 | INFO | monitoring_service | ✅ auth_service is UP (http://auth_service:8018/health) [0.003s]
2025-10-18 00:37:55 | INFO | monitoring_service | ✅ data_service is UP (http://data_service:8080/health) [0.004s]
2025-10-18 00:37:55 | INFO | monitoring_service | ✅ strategy_service is UP (http://strategy_service:8020/health) [0.002s]
2025-10-18 00:37:58 | ERROR | monitoring_service | ❌ execution_service unreachable (http://execution_service:8030/health) → [Errno -2] Name or service not known
2025-10-18 00:38:01 | ERROR | monitoring_service | ❌ risk_service unreachable (http://risk_service:8040/health) → 
2025-10-18 00:38:01 | INFO | monitoring_service | ✅ auth_service is UP (http://auth_service:8018/health) [0.002s]
2025-10-18 00:38:34 | INFO | monitoring_service | ✅ data_service is UP (http://data_service:8080/health) [0.002s]
2025-10-18 00:38:34 | INFO | monitoring_service | ✅ strategy_service is UP (http://strategy_service:8020/health) [0.002s]
2025-10-18 00:38:36 | ERROR | monitoring_service | ❌ execution_service unreachable (http://execution_service:8030/health) → [Errno -2] Name or service not known
2025-10-18 00:38:39 | ERROR | monitoring_service | ❌ risk_service unreachable (http://risk_service:8040/health) → 
2025-10-18 00:38:39 | INFO | monitoring_service | ✅ auth_service is UP (http://auth_service:8018/health) [0.009s]
2025-10-18 00:39:13 | INFO | monitoring_service | ✅ data_service is UP (http://data_service:8080/health) [0.002s]
2025-10-18 00:39:13 | INFO | monitoring_service | ✅ strategy_service is UP (http://strategy_service:8020/health) [0.002s]
2025-10-18 00:39:15 | ERROR | monitoring_service | ❌ execution_service unreachable (http://execution_service:8030/health) → [Errno -2] Name or service not known
2025-10-18 00:39:18 | ERROR | monitoring_service | ❌ risk_service unreachable (http://risk_service:8040/health) → 
2025-10-18 00:39:18 | INFO | monitoring_service | ✅ auth_service is UP (http://auth_service:8018/health) [0.002s]
2025-10-18 00:39:51 | INFO | monitoring_service | ✅ data_service is UP (http://data_service:8080/health) [0.002s]
2025-10-18 00:39:51 | INFO | monitoring_service | ✅ strategy_service is UP (http://strategy_service:8020/health) [0.003s]
2025-10-18 00:39:53 | ERROR | monitoring_service | ❌ execution_service unreachable (http://execution_service:8030/health) → [Errno -2] Name or service not known
2025-10-18 00:39:56 | ERROR | monitoring_service | ❌ risk_service unreachable (http://risk_service:8040/health) → 
2025-10-18 00:39:56 | INFO | monitoring_service | ✅ auth_service is UP (http://auth_service:8018/health) [0.002s]
2025-10-18 00:40:30 | INFO | monitoring_service | ✅ data_service is UP (http://data_service:8080/health) [0.002s]
2025-10-18 00:40:30 | INFO | monitoring_service | ✅ strategy_service is UP (http://strategy_service:8020/health) [0.002s]
2025-10-18 00:40:32 | ERROR | monitoring_service | ❌ execution_service unreachable (http://execution_service:8030/health) → [Errno -2] Name or service not known
2025-10-18 00:40:35 | ERROR | monitoring_service | ❌ risk_service unreachable (http://risk_service:8040/health) → 
2025-10-18 00:40:35 | INFO | monitoring_service | ✅ auth_service is UP (http://auth_service:8018/health) [0.003s]
2025-10-18 00:41:08 | INFO | monitoring_service | ✅ data_service is UP (http://data_service:8080/health) [0.002s]
2025-10-18 00:41:08 | INFO | monitoring_service | ✅ strategy_service is UP (http://strategy_service:8020/health) [0.002s]
2025-10-18 00:41:15 | ERROR | monitoring_service | ❌ execution_service unreachable (http://execution_service:8030/health) → 
2025-10-18 00:41:18 | ERROR | monitoring_service | ❌ risk_service unreachable (http://risk_service:8040/health) → 
2025-10-18 00:41:18 | INFO | monitoring_service | ✅ auth_service is UP (http://auth_service:8018/health) [0.002s]
2025-10-18 00:41:51 | INFO | monitoring_service | ✅ data_service is UP (http://data_service:8080/health) [0.002s]
2025-10-18 00:41:51 | INFO | monitoring_service | ✅ strategy_service is UP (http://strategy_service:8020/health) [0.002s]
2025-10-18 00:41:53 | ERROR | monitoring_service | ❌ execution_service unreachable (http://execution_service:8030/health) → [Errno -2] Name or service not known
2025-10-18 00:41:56 | ERROR | monitoring_service | ❌ risk_service unreachable (http://risk_service:8040/health) → 
2025-10-18 00:41:56 | INFO | monitoring_service | ✅ auth_service is UP (http://auth_service:8018/health) [0.002s]
2025-10-18 00:42:30 | INFO | monitoring_service | ✅ data_service is UP (http://data_service:8080/health) [0.002s]
2025-10-18 00:42:30 | INFO | monitoring_service | ✅ strategy_service is UP (http://strategy_service:8020/health) [0.002s]
2025-10-18 00:42:32 | ERROR | monitoring_service | ❌ execution_service unreachable (http://execution_service:8030/health) → [Errno -2] Name or service not known
2025-10-18 00:42:35 | ERROR | monitoring_service | ❌ risk_service unreachable (http://risk_service:8040/health) → 
2025-10-18 00:42:35 | INFO | monitoring_service | ✅ auth_service is UP (http://auth_service:8018/health) [0.002s]
2025-10-18 00:43:08 | INFO | monitoring_service | ✅ data_service is UP (http://data_service:8080/health) [0.002s]
2025-10-18 00:43:08 | INFO | monitoring_service | ✅ strategy_service is UP (http://strategy_service:8020/health) [0.002s]
2025-10-18 00:43:11 | ERROR | monitoring_service | ❌ execution_service unreachable (http://execution_service:8030/health) → [Errno -2] Name or service not known
2025-10-18 00:43:14 | ERROR | monitoring_service | ❌ risk_service unreachable (http://risk_service:8040/health) → 
2025-10-18 00:43:14 | INFO | monitoring_service | ✅ auth_service is UP (http://auth_service:8018/health) [0.002s]
2025-10-18 00:43:47 | INFO | monitoring_service | ✅ data_service is UP (http://data_service:8080/health) [0.002s]
2025-10-18 00:43:47 | INFO | monitoring_service | ✅ strategy_service is UP (http://strategy_service:8020/health) [0.002s]
2025-10-18 00:43:49 | ERROR | monitoring_service | ❌ execution_service unreachable (http://execution_service:8030/health) → [Errno -2] Name or service not known
2025-10-18 00:43:52 | ERROR | monitoring_service | ❌ risk_service unreachable (http://risk_service:8040/health) → 
2025-10-18 00:43:52 | INFO | monitoring_service | ✅ auth_service is UP (http://auth_service:8018/health) [0.003s]
2025-10-18 00:44:26 | INFO | monitoring_service | ✅ data_service is UP (http://data_service:8080/health) [0.002s]
2025-10-18 00:44:26 | INFO | monitoring_service | ✅ strategy_service is UP (http://strategy_service:8020/health) [0.002s]
2025-10-18 00:44:28 | ERROR | monitoring_service | ❌ execution_service unreachable (http://execution_service:8030/health) → [Errno -2] Name or service not known
2025-10-18 00:44:34 | ERROR | monitoring_service | ❌ risk_service unreachable (http://risk_service:8040/health) → 
2025-10-18 00:44:34 | INFO | monitoring_service | ✅ auth_service is UP (http://auth_service:8018/health) [0.002s]
2025-10-18 00:45:08 | INFO | monitoring_service | ✅ data_service is UP (http://data_service:8080/health) [0.002s]
2025-10-18 00:45:08 | INFO | monitoring_service | ✅ strategy_service is UP (http://strategy_service:8020/health) [0.002s]
2025-10-18 00:45:10 | ERROR | monitoring_service | ❌ execution_service unreachable (http://execution_service:8030/health) → [Errno -2] Name or service not known
2025-10-18 00:45:13 | ERROR | monitoring_service | ❌ risk_service unreachable (http://risk_service:8040/health) → 
2025-10-18 00:45:13 | INFO | monitoring_service | ✅ auth_service is UP (http://auth_service:8018/health) [0.002s]
2025-10-18 00:45:46 | INFO | monitoring_service | ✅ data_service is UP (http://data_service:8080/health) [0.002s]
2025-10-18 00:45:46 | INFO | monitoring_service | ✅ strategy_service is UP (http://strategy_service:8020/health) [0.002s]
2025-10-18 00:45:49 | ERROR | monitoring_service | ❌ execution_service unreachable (http://execution_service:8030/health) → [Errno -2] Name or service not known
2025-10-18 00:45:52 | ERROR | monitoring_service | ❌ risk_service unreachable (http://risk_service:8040/health) → 
2025-10-18 00:45:52 | INFO | monitoring_service | ✅ auth_service is UP (http://auth_service:8018/health) [0.002s]
2025-10-18 00:46:25 | INFO | monitoring_service | ✅ data_service is UP (http://data_service:8080/health) [0.002s]
2025-10-18 00:46:25 | INFO | monitoring_service | ✅ strategy_service is UP (http://strategy_service:8020/health) [0.002s]
2025-10-18 00:46:25 | ERROR | monitoring_service | ❌ execution_service unreachable (http://execution_service:8030/health) → All connection attempts failed
2025-10-18 00:46:28 | ERROR | monitoring_service | ❌ risk_service unreachable (http://risk_service:8040/health) → 
2025-10-18 00:46:28 | INFO | monitoring_service | ✅ auth_service is UP (http://auth_service:8018/health) [0.002s]
2025-10-18 00:47:01 | INFO | monitoring_service | ✅ data_service is UP (http://data_service:8080/health) [0.002s]
2025-10-18 00:47:01 | INFO | monitoring_service | ✅ strategy_service is UP (http://strategy_service:8020/health) [0.002s]
2025-10-18 00:47:04 | ERROR | monitoring_service | ❌ execution_service unreachable (http://execution_service:8030/health) → [Errno -2] Name or service not known
2025-10-18 00:47:07 | ERROR | monitoring_service | ❌ risk_service unreachable (http://risk_service:8040/health) → 
2025-10-18 00:47:07 | INFO | monitoring_service | ✅ auth_service is UP (http://auth_service:8018/health) [0.003s]
2025-10-18 00:47:40 | INFO | monitoring_service | ✅ data_service is UP (http://data_service:8080/health) [0.002s]
2025-10-18 00:47:40 | INFO | monitoring_service | ✅ strategy_service is UP (http://strategy_service:8020/health) [0.002s]
2025-10-18 00:47:42 | ERROR | monitoring_service | ❌ execution_service unreachable (http://execution_service:8030/health) → [Errno -2] Name or service not known
2025-10-18 00:47:45 | ERROR | monitoring_service | ❌ risk_service unreachable (http://risk_service:8040/health) → 
2025-10-18 00:47:45 | INFO | monitoring_service | ✅ auth_service is UP (http://auth_service:8018/health) [0.002s]
2025-10-18 00:48:19 | INFO | monitoring_service | ✅ data_service is UP (http://data_service:8080/health) [0.002s]
2025-10-18 00:48:19 | INFO | monitoring_service | ✅ strategy_service is UP (http://strategy_service:8020/health) [0.002s]
2025-10-18 00:48:21 | ERROR | monitoring_service | ❌ execution_service unreachable (http://execution_service:8030/health) → [Errno -2] Name or service not known
2025-10-18 00:48:27 | ERROR | monitoring_service | ❌ risk_service unreachable (http://risk_service:8040/health) → 
2025-10-18 00:48:27 | INFO | monitoring_service | ✅ auth_service is UP (http://auth_service:8018/health) [0.002s]
2025-10-18 00:49:01 | INFO | monitoring_service | ✅ data_service is UP (http://data_service:8080/health) [0.002s]
2025-10-18 00:49:01 | INFO | monitoring_service | ✅ strategy_service is UP (http://strategy_service:8020/health) [0.002s]
2025-10-18 00:49:03 | ERROR | monitoring_service | ❌ execution_service unreachable (http://execution_service:8030/health) → [Errno -2] Name or service not known
2025-10-18 00:49:06 | ERROR | monitoring_service | ❌ risk_service unreachable (http://risk_service:8040/health) → 
2025-10-18 00:49:06 | INFO | monitoring_service | ✅ auth_service is UP (http://auth_service:8018/health) [0.002s]
2025-10-18 00:49:39 | INFO | monitoring_service | ✅ data_service is UP (http://data_service:8080/health) [0.002s]
2025-10-18 00:49:39 | INFO | monitoring_service | ✅ strategy_service is UP (http://strategy_service:8020/health) [0.002s]
2025-10-18 00:49:42 | ERROR | monitoring_service | ❌ execution_service unreachable (http://execution_service:8030/health) → [Errno -2] Name or service not known
2025-10-18 00:49:45 | ERROR | monitoring_service | ❌ risk_service unreachable (http://risk_service:8040/health) → 
2025-10-18 00:49:45 | INFO | monitoring_service | ✅ auth_service is UP (http://auth_service:8018/health) [0.002s]
2025-10-18 00:50:18 | INFO | monitoring_service | ✅ data_service is UP (http://data_service:8080/health) [0.002s]
2025-10-18 00:50:18 | INFO | monitoring_service | ✅ strategy_service is UP (http://strategy_service:8020/health) [0.002s]
2025-10-18 00:50:20 | ERROR | monitoring_service | ❌ execution_service unreachable (http://execution_service:8030/health) → [Errno -2] Name or service not known
2025-10-18 00:50:23 | ERROR | monitoring_service | ❌ risk_service unreachable (http://risk_service:8040/health) → 
2025-10-18 00:50:23 | INFO | monitoring_service | ✅ auth_service is UP (http://auth_service:8018/health) [0.003s]
2025-10-18 00:50:57 | INFO | monitoring_service | ✅ data_service is UP (http://data_service:8080/health) [0.002s]
2025-10-18 00:50:57 | INFO | monitoring_service | ✅ strategy_service is UP (http://strategy_service:8020/health) [0.002s]
2025-10-18 00:50:59 | ERROR | monitoring_service | ❌ execution_service unreachable (http://execution_service:8030/health) → [Errno -2] Name or service not known
2025-10-18 00:51:02 | ERROR | monitoring_service | ❌ risk_service unreachable (http://risk_service:8040/health) → 
2025-10-18 00:51:02 | INFO | monitoring_service | ✅ auth_service is UP (http://auth_service:8018/health) [0.002s]
2025-10-18 00:51:35 | INFO | monitoring_service | ✅ data_service is UP (http://data_service:8080/health) [0.002s]
2025-10-18 00:51:35 | INFO | monitoring_service | ✅ strategy_service is UP (http://strategy_service:8020/health) [0.002s]
2025-10-18 00:51:38 | ERROR | monitoring_service | ❌ execution_service unreachable (http://execution_service:8030/health) → [Errno -2] Name or service not known
2025-10-18 00:51:41 | ERROR | monitoring_service | ❌ risk_service unreachable (http://risk_service:8040/health) → 
2025-10-18 00:51:41 | INFO | monitoring_service | ✅ auth_service is UP (http://auth_service:8018/health) [0.002s]
2025-10-18 00:52:14 | INFO | monitoring_service | ✅ data_service is UP (http://data_service:8080/health) [0.002s]
2025-10-18 00:52:14 | INFO | monitoring_service | ✅ strategy_service is UP (http://strategy_service:8020/health) [0.002s]
2025-10-18 00:52:20 | ERROR | monitoring_service | ❌ execution_service unreachable (http://execution_service:8030/health) → 
2025-10-18 00:52:23 | ERROR | monitoring_service | ❌ risk_service unreachable (http://risk_service:8040/health) → 
2025-10-18 00:52:23 | INFO | monitoring_service | ✅ auth_service is UP (http://auth_service:8018/health) [0.002s]
2025-10-18 00:52:57 | INFO | monitoring_service | ✅ data_service is UP (http://data_service:8080/health) [0.002s]
2025-10-18 00:52:57 | INFO | monitoring_service | ✅ strategy_service is UP (http://strategy_service:8020/health) [0.002s]
2025-10-18 00:52:59 | ERROR | monitoring_service | ❌ execution_service unreachable (http://execution_service:8030/health) → [Errno -2] Name or service not known
2025-10-18 00:53:02 | ERROR | monitoring_service | ❌ risk_service unreachable (http://risk_service:8040/health) → 
2025-10-18 00:53:02 | INFO | monitoring_service | ✅ auth_service is UP (http://auth_service:8018/health) [0.004s]
2025-10-18 00:53:35 | INFO | monitoring_service | ✅ data_service is UP (http://data_service:8080/health) [0.002s]
2025-10-18 00:53:35 | INFO | monitoring_service | ✅ strategy_service is UP (http://strategy_service:8020/health) [0.002s]
2025-10-18 00:53:38 | ERROR | monitoring_service | ❌ execution_service unreachable (http://execution_service:8030/health) → [Errno -2] Name or service not known
2025-10-18 00:53:41 | ERROR | monitoring_service | ❌ risk_service unreachable (http://risk_service:8040/health) → 
2025-10-18 00:53:41 | INFO | monitoring_service | ✅ auth_service is UP (http://auth_service:8018/health) [0.002s]
2025-10-18 00:54:14 | INFO | monitoring_service | ✅ data_service is UP (http://data_service:8080/health) [0.002s]
2025-10-18 00:54:14 | INFO | monitoring_service | ✅ strategy_service is UP (http://strategy_service:8020/health) [0.002s]
2025-10-18 00:54:16 | ERROR | monitoring_service | ❌ execution_service unreachable (http://execution_service:8030/health) → [Errno -2] Name or service not known
2025-10-18 00:54:19 | ERROR | monitoring_service | ❌ risk_service unreachable (http://risk_service:8040/health) → 
2025-10-18 00:54:19 | INFO | monitoring_service | ✅ auth_service is UP (http://auth_service:8018/health) [0.002s]
2025-10-18 00:54:53 | INFO | monitoring_service | ✅ data_service is UP (http://data_service:8080/health) [0.002s]
2025-10-18 00:54:53 | INFO | monitoring_service | ✅ strategy_service is UP (http://strategy_service:8020/health) [0.002s]
2025-10-18 00:54:55 | ERROR | monitoring_service | ❌ execution_service unreachable (http://execution_service:8030/health) → [Errno -2] Name or service not known
2025-10-18 00:54:58 | ERROR | monitoring_service | ❌ risk_service unreachable (http://risk_service:8040/health) → 
2025-10-18 00:54:58 | INFO | monitoring_service | ✅ auth_service is UP (http://auth_service:8018/health) [0.003s]
2025-10-18 00:55:31 | INFO | monitoring_service | ✅ data_service is UP (http://data_service:8080/health) [0.002s]
2025-10-18 00:55:31 | INFO | monitoring_service | ✅ strategy_service is UP (http://strategy_service:8020/health) [0.002s]
2025-10-18 00:55:34 | ERROR | monitoring_service | ❌ execution_service unreachable (http://execution_service:8030/health) → [Errno -2] Name or service not known
2025-10-18 00:55:40 | ERROR | monitoring_service | ❌ risk_service unreachable (http://risk_service:8040/health) → 
2025-10-18 00:55:40 | INFO | monitoring_service | ✅ auth_service is UP (http://auth_service:8018/health) [0.003s]
2025-10-18 00:56:13 | INFO | monitoring_service | ✅ data_service is UP (http://data_service:8080/health) [0.002s]
2025-10-18 00:56:13 | INFO | monitoring_service | ✅ strategy_service is UP (http://strategy_service:8020/health) [0.002s]
2025-10-18 00:56:16 | ERROR | monitoring_service | ❌ execution_service unreachable (http://execution_service:8030/health) → [Errno -2] Name or service not known
2025-10-18 00:56:19 | ERROR | monitoring_service | ❌ risk_service unreachable (http://risk_service:8040/health) → 
2025-10-18 00:56:19 | INFO | monitoring_service | ✅ auth_service is UP (http://auth_service:8018/health) [0.002s]
2025-10-18 00:56:52 | INFO | monitoring_service | ✅ data_service is UP (http://data_service:8080/health) [0.002s]
2025-10-18 00:56:52 | INFO | monitoring_service | ✅ strategy_service is UP (http://strategy_service:8020/health) [0.002s]
2025-10-18 00:56:54 | ERROR | monitoring_service | ❌ execution_service unreachable (http://execution_service:8030/health) → [Errno -2] Name or service not known
2025-10-18 00:56:57 | ERROR | monitoring_service | ❌ risk_service unreachable (http://risk_service:8040/health) → 
2025-10-18 00:56:57 | INFO | monitoring_service | ✅ auth_service is UP (http://auth_service:8018/health) [0.002s]
2025-10-18 00:57:30 | INFO | monitoring_service | ✅ data_service is UP (http://data_service:8080/health) [0.002s]
2025-10-18 00:57:30 | INFO | monitoring_service | ✅ strategy_service is UP (http://strategy_service:8020/health) [0.002s]
2025-10-18 00:57:33 | ERROR | monitoring_service | ❌ execution_service unreachable (http://execution_service:8030/health) → [Errno -2] Name or service not known
2025-10-18 00:57:36 | ERROR | monitoring_service | ❌ risk_service unreachable (http://risk_service:8040/health) → 
2025-10-18 00:57:36 | INFO | monitoring_service | ✅ auth_service is UP (http://auth_service:8018/health) [0.004s]
2025-10-18 00:58:09 | INFO | monitoring_service | ✅ data_service is UP (http://data_service:8080/health) [0.002s]
2025-10-18 00:58:09 | INFO | monitoring_service | ✅ strategy_service is UP (http://strategy_service:8020/health) [0.002s]
2025-10-18 00:58:11 | ERROR | monitoring_service | ❌ execution_service unreachable (http://execution_service:8030/health) → [Errno -2] Name or service not known
2025-10-18 00:58:14 | ERROR | monitoring_service | ❌ risk_service unreachable (http://risk_service:8040/health) → 
2025-10-18 00:58:14 | INFO | monitoring_service | ✅ auth_service is UP (http://auth_service:8018/health) [0.002s]
2025-10-18 00:58:48 | INFO | monitoring_service | ✅ data_service is UP (http://data_service:8080/health) [0.002s]
2025-10-18 00:58:48 | INFO | monitoring_service | ✅ strategy_service is UP (http://strategy_service:8020/health) [0.002s]
2025-10-18 00:58:50 | ERROR | monitoring_service | ❌ execution_service unreachable (http://execution_service:8030/health) → [Errno -2] Name or service not known
2025-10-18 00:58:53 | ERROR | monitoring_service | ❌ risk_service unreachable (http://risk_service:8040/health) → 
2025-10-18 00:58:53 | INFO | monitoring_service | ✅ auth_service is UP (http://auth_service:8018/health) [0.002s]
2025-10-18 00:59:26 | INFO | monitoring_service | ✅ data_service is UP (http://data_service:8080/health) [0.002s]
2025-10-18 00:59:26 | INFO | monitoring_service | ✅ strategy_service is UP (http://strategy_service:8020/health) [0.002s]
2025-10-18 00:59:29 | ERROR | monitoring_service | ❌ execution_service unreachable (http://execution_service:8030/health) → [Errno -2] Name or service not known
2025-10-18 00:59:35 | ERROR | monitoring_service | ❌ risk_service unreachable (http://risk_service:8040/health) → 
2025-10-18 00:59:35 | INFO | monitoring_service | ✅ auth_service is UP (http://auth_service:8018/health) [0.003s]
2025-10-18 01:00:08 | INFO | monitoring_service | ✅ data_service is UP (http://data_service:8080/health) [0.002s]
2025-10-18 01:00:08 | INFO | monitoring_service | ✅ strategy_service is UP (http://strategy_service:8020/health) [0.002s]
2025-10-18 01:00:11 | ERROR | monitoring_service | ❌ execution_service unreachable (http://execution_service:8030/health) → [Errno -2] Name or service not known
2025-10-18 01:00:14 | ERROR | monitoring_service | ❌ risk_service unreachable (http://risk_service:8040/health) → 
2025-10-18 01:00:14 | INFO | monitoring_service | ✅ auth_service is UP (http://auth_service:8018/health) [0.002s]
2025-10-18 01:00:47 | INFO | monitoring_service | ✅ data_service is UP (http://data_service:8080/health) [0.002s]
2025-10-18 01:00:47 | INFO | monitoring_service | ✅ strategy_service is UP (http://strategy_service:8020/health) [0.002s]
2025-10-18 01:00:49 | ERROR | monitoring_service | ❌ execution_service unreachable (http://execution_service:8030/health) → [Errno -2] Name or service not known
2025-10-18 01:00:52 | ERROR | monitoring_service | ❌ risk_service unreachable (http://risk_service:8040/health) → 
2025-10-18 01:00:52 | INFO | monitoring_service | ✅ auth_service is UP (http://auth_service:8018/health) [0.003s]
2025-10-18 01:01:26 | INFO | monitoring_service | ✅ data_service is UP (http://data_service:8080/health) [0.002s]
2025-10-18 01:01:26 | INFO | monitoring_service | ✅ strategy_service is UP (http://strategy_service:8020/health) [0.002s]
2025-10-18 01:01:28 | ERROR | monitoring_service | ❌ execution_service unreachable (http://execution_service:8030/health) → [Errno -2] Name or service not known
2025-10-18 01:01:31 | ERROR | monitoring_service | ❌ risk_service unreachable (http://risk_service:8040/health) → 
2025-10-18 01:01:31 | INFO | monitoring_service | ✅ auth_service is UP (http://auth_service:8018/health) [0.003s]
2025-10-18 01:02:04 | INFO | monitoring_service | ✅ data_service is UP (http://data_service:8080/health) [0.002s]
2025-10-18 01:02:04 | INFO | monitoring_service | ✅ strategy_service is UP (http://strategy_service:8020/health) [0.002s]
2025-10-18 01:02:07 | ERROR | monitoring_service | ❌ execution_service unreachable (http://execution_service:8030/health) → [Errno -2] Name or service not known
2025-10-18 01:02:10 | ERROR | monitoring_service | ❌ risk_service unreachable (http://risk_service:8040/health) → 
2025-10-18 01:02:10 | INFO | monitoring_service | ✅ auth_service is UP (http://auth_service:8018/health) [0.003s]
2025-10-18 01:02:43 | INFO | monitoring_service | ✅ data_service is UP (http://data_service:8080/health) [0.002s]
2025-10-18 01:02:43 | INFO | monitoring_service | ✅ strategy_service is UP (http://strategy_service:8020/health) [0.002s]
2025-10-18 01:02:45 | ERROR | monitoring_service | ❌ execution_service unreachable (http://execution_service:8030/health) → [Errno -2] Name or service not known
2025-10-18 01:02:48 | ERROR | monitoring_service | ❌ risk_service unreachable (http://risk_service:8040/health) → 
2025-10-18 01:02:48 | INFO | monitoring_service | ✅ auth_service is UP (http://auth_service:8018/health) [0.003s]
2025-10-18 01:03:22 | INFO | monitoring_service | ✅ data_service is UP (http://data_service:8080/health) [0.002s]
2025-10-18 01:03:22 | INFO | monitoring_service | ✅ strategy_service is UP (http://strategy_service:8020/health) [0.002s]
2025-10-18 01:03:28 | ERROR | monitoring_service | ❌ execution_service unreachable (http://execution_service:8030/health) → 
2025-10-18 01:03:31 | ERROR | monitoring_service | ❌ risk_service unreachable (http://risk_service:8040/health) → 
2025-10-18 01:03:31 | INFO | monitoring_service | ✅ auth_service is UP (http://auth_service:8018/health) [0.002s]
2025-10-18 01:04:04 | INFO | monitoring_service | ✅ data_service is UP (http://data_service:8080/health) [0.002s]
2025-10-18 01:04:04 | INFO | monitoring_service | ✅ strategy_service is UP (http://strategy_service:8020/health) [0.002s]
2025-10-18 01:04:07 | ERROR | monitoring_service | ❌ execution_service unreachable (http://execution_service:8030/health) → [Errno -2] Name or service not known
2025-10-18 01:04:10 | ERROR | monitoring_service | ❌ risk_service unreachable (http://risk_service:8040/health) → 
2025-10-18 01:04:10 | INFO | monitoring_service | ✅ auth_service is UP (http://auth_service:8018/health) [0.002s]
2025-10-18 01:04:43 | INFO | monitoring_service | ✅ data_service is UP (http://data_service:8080/health) [0.002s]
2025-10-18 01:04:43 | INFO | monitoring_service | ✅ strategy_service is UP (http://strategy_service:8020/health) [0.002s]
2025-10-18 01:04:45 | ERROR | monitoring_service | ❌ execution_service unreachable (http://execution_service:8030/health) → [Errno -2] Name or service not known
2025-10-18 01:04:48 | ERROR | monitoring_service | ❌ risk_service unreachable (http://risk_service:8040/health) → 
2025-10-18 01:04:48 | INFO | monitoring_service | ✅ auth_service is UP (http://auth_service:8018/health) [0.002s]
2025-10-18 01:05:22 | INFO | monitoring_service | ✅ data_service is UP (http://data_service:8080/health) [0.002s]
2025-10-18 01:05:22 | INFO | monitoring_service | ✅ strategy_service is UP (http://strategy_service:8020/health) [0.002s]
2025-10-18 01:05:24 | ERROR | monitoring_service | ❌ execution_service unreachable (http://execution_service:8030/health) → [Errno -2] Name or service not known
2025-10-18 01:05:27 | ERROR | monitoring_service | ❌ risk_service unreachable (http://risk_service:8040/health) → 
2025-10-18 01:05:27 | INFO | monitoring_service | ✅ auth_service is UP (http://auth_service:8018/health) [0.002s]
2025-10-18 01:06:00 | INFO | monitoring_service | ✅ data_service is UP (http://data_service:8080/health) [0.002s]
2025-10-18 01:06:00 | INFO | monitoring_service | ✅ strategy_service is UP (http://strategy_service:8020/health) [0.002s]
2025-10-18 01:06:03 | ERROR | monitoring_service | ❌ execution_service unreachable (http://execution_service:8030/health) → [Errno -2] Name or service not known
2025-10-18 01:06:06 | ERROR | monitoring_service | ❌ risk_service unreachable (http://risk_service:8040/health) → 
2025-10-18 01:06:06 | INFO | monitoring_service | ✅ auth_service is UP (http://auth_service:8018/health) [0.002s]
2025-10-18 01:06:39 | INFO | monitoring_service | ✅ data_service is UP (http://data_service:8080/health) [0.002s]
2025-10-18 01:06:39 | INFO | monitoring_service | ✅ strategy_service is UP (http://strategy_service:8020/health) [0.002s]
2025-10-18 01:06:41 | ERROR | monitoring_service | ❌ execution_service unreachable (http://execution_service:8030/health) → [Errno -2] Name or service not known
2025-10-18 01:06:48 | ERROR | monitoring_service | ❌ risk_service unreachable (http://risk_service:8040/health) → 
2025-10-18 01:06:48 | INFO | monitoring_service | ✅ auth_service is UP (http://auth_service:8018/health) [0.003s]
2025-10-18 01:07:21 | INFO | monitoring_service | ✅ data_service is UP (http://data_service:8080/health) [0.002s]
2025-10-18 01:07:21 | INFO | monitoring_service | ✅ strategy_service is UP (http://strategy_service:8020/health) [0.002s]
2025-10-18 01:07:23 | ERROR | monitoring_service | ❌ execution_service unreachable (http://execution_service:8030/health) → [Errno -2] Name or service not known
2025-10-18 01:07:26 | ERROR | monitoring_service | ❌ risk_service unreachable (http://risk_service:8040/health) → 
2025-10-18 01:07:26 | INFO | monitoring_service | ✅ auth_service is UP (http://auth_service:8018/health) [0.003s]
2025-10-18 01:08:00 | INFO | monitoring_service | ✅ data_service is UP (http://data_service:8080/health) [0.002s]
2025-10-18 01:08:00 | INFO | monitoring_service | ✅ strategy_service is UP (http://strategy_service:8020/health) [0.003s]
2025-10-18 01:08:02 | ERROR | monitoring_service | ❌ execution_service unreachable (http://execution_service:8030/health) → [Errno -2] Name or service not known
2025-10-18 01:08:05 | ERROR | monitoring_service | ❌ risk_service unreachable (http://risk_service:8040/health) → 
2025-10-18 01:08:05 | INFO | monitoring_service | ✅ auth_service is UP (http://auth_service:8018/health) [0.002s]
2025-10-18 01:08:38 | INFO | monitoring_service | ✅ data_service is UP (http://data_service:8080/health) [0.002s]
2025-10-18 01:08:38 | INFO | monitoring_service | ✅ strategy_service is UP (http://strategy_service:8020/health) [0.002s]
2025-10-18 01:08:41 | ERROR | monitoring_service | ❌ execution_service unreachable (http://execution_service:8030/health) → [Errno -2] Name or service not known
2025-10-18 01:08:44 | ERROR | monitoring_service | ❌ risk_service unreachable (http://risk_service:8040/health) → 
2025-10-18 01:08:44 | INFO | monitoring_service | ✅ auth_service is UP (http://auth_service:8018/health) [0.002s]
2025-10-18 01:09:17 | INFO | monitoring_service | ✅ data_service is UP (http://data_service:8080/health) [0.002s]
2025-10-18 01:09:17 | INFO | monitoring_service | ✅ strategy_service is UP (http://strategy_service:8020/health) [0.002s]
2025-10-18 01:09:19 | ERROR | monitoring_service | ❌ execution_service unreachable (http://execution_service:8030/health) → [Errno -2] Name or service not known
2025-10-18 01:09:22 | ERROR | monitoring_service | ❌ risk_service unreachable (http://risk_service:8040/health) → 
2025-10-18 01:09:22 | INFO | monitoring_service | ✅ auth_service is UP (http://auth_service:8018/health) [0.002s]
2025-10-18 01:09:56 | INFO | monitoring_service | ✅ data_service is UP (http://data_service:8080/health) [0.002s]
2025-10-18 01:09:56 | INFO | monitoring_service | ✅ strategy_service is UP (http://strategy_service:8020/health) [0.002s]
2025-10-18 01:09:58 | ERROR | monitoring_service | ❌ execution_service unreachable (http://execution_service:8030/health) → [Errno -2] Name or service not known
2025-10-18 01:10:01 | ERROR | monitoring_service | ❌ risk_service unreachable (http://risk_service:8040/health) → 
2025-10-18 01:10:01 | INFO | monitoring_service | ✅ auth_service is UP (http://auth_service:8018/health) [0.002s]
2025-10-18 01:10:34 | INFO | monitoring_service | ✅ data_service is UP (http://data_service:8080/health) [0.002s]
2025-10-18 01:10:34 | INFO | monitoring_service | ✅ strategy_service is UP (http://strategy_service:8020/health) [0.002s]
2025-10-18 01:10:41 | ERROR | monitoring_service | ❌ execution_service unreachable (http://execution_service:8030/health) → 
2025-10-18 01:10:44 | ERROR | monitoring_service | ❌ risk_service unreachable (http://risk_service:8040/health) → 
2025-10-18 01:10:44 | INFO | monitoring_service | ✅ auth_service is UP (http://auth_service:8018/health) [0.003s]
2025-10-18 01:11:17 | INFO | monitoring_service | ✅ data_service is UP (http://data_service:8080/health) [0.002s]
2025-10-18 01:11:17 | INFO | monitoring_service | ✅ strategy_service is UP (http://strategy_service:8020/health) [0.002s]
2025-10-18 01:11:19 | ERROR | monitoring_service | ❌ execution_service unreachable (http://execution_service:8030/health) → [Errno -2] Name or service not known
2025-10-18 01:11:22 | ERROR | monitoring_service | ❌ risk_service unreachable (http://risk_service:8040/health) → 
2025-10-18 01:11:22 | INFO | monitoring_service | ✅ auth_service is UP (http://auth_service:8018/health) [0.002s]
2025-10-18 01:11:56 | INFO | monitoring_service | ✅ data_service is UP (http://data_service:8080/health) [0.002s]
2025-10-18 01:11:56 | INFO | monitoring_service | ✅ strategy_service is UP (http://strategy_service:8020/health) [0.002s]
2025-10-18 01:11:58 | ERROR | monitoring_service | ❌ execution_service unreachable (http://execution_service:8030/health) → [Errno -2] Name or service not known
2025-10-18 01:12:01 | ERROR | monitoring_service | ❌ risk_service unreachable (http://risk_service:8040/health) → 
2025-10-18 01:12:01 | INFO | monitoring_service | ✅ auth_service is UP (http://auth_service:8018/health) [0.002s]
2025-10-18 01:12:34 | INFO | monitoring_service | ✅ data_service is UP (http://data_service:8080/health) [0.002s]
2025-10-18 01:12:34 | INFO | monitoring_service | ✅ strategy_service is UP (http://strategy_service:8020/health) [0.002s]
2025-10-18 01:12:36 | ERROR | monitoring_service | ❌ execution_service unreachable (http://execution_service:8030/health) → [Errno -2] Name or service not known
2025-10-18 01:12:39 | ERROR | monitoring_service | ❌ risk_service unreachable (http://risk_service:8040/health) → 
2025-10-18 01:12:39 | INFO | monitoring_service | ✅ auth_service is UP (http://auth_service:8018/health) [0.002s]
2025-10-18 01:13:13 | INFO | monitoring_service | ✅ data_service is UP (http://data_service:8080/health) [0.002s]
2025-10-18 01:13:13 | INFO | monitoring_service | ✅ strategy_service is UP (http://strategy_service:8020/health) [0.002s]
2025-10-18 01:13:15 | ERROR | monitoring_service | ❌ execution_service unreachable (http://execution_service:8030/health) → [Errno -2] Name or service not known
2025-10-18 01:13:18 | ERROR | monitoring_service | ❌ risk_service unreachable (http://risk_service:8040/health) → 
2025-10-18 01:13:18 | INFO | monitoring_service | ✅ auth_service is UP (http://auth_service:8018/health) [0.003s]
2025-10-18 01:13:51 | INFO | monitoring_service | ✅ data_service is UP (http://data_service:8080/health) [0.002s]
2025-10-18 01:13:51 | INFO | monitoring_service | ✅ strategy_service is UP (http://strategy_service:8020/health) [0.002s]
2025-10-18 01:13:54 | ERROR | monitoring_service | ❌ execution_service unreachable (http://execution_service:8030/health) → [Errno -2] Name or service not known
2025-10-18 01:14:00 | ERROR | monitoring_service | ❌ risk_service unreachable (http://risk_service:8040/health) → 
2025-10-18 01:14:00 | INFO | monitoring_service | ✅ auth_service is UP (http://auth_service:8018/health) [0.002s]
2025-10-18 01:14:33 | INFO | monitoring_service | ✅ data_service is UP (http://data_service:8080/health) [0.002s]
2025-10-18 01:14:33 | INFO | monitoring_service | ✅ strategy_service is UP (http://strategy_service:8020/health) [0.002s]
2025-10-18 01:14:36 | ERROR | monitoring_service | ❌ execution_service unreachable (http://execution_service:8030/health) → [Errno -2] Name or service not known
2025-10-18 01:14:39 | ERROR | monitoring_service | ❌ risk_service unreachable (http://risk_service:8040/health) → 
2025-10-18 01:14:39 | INFO | monitoring_service | ✅ auth_service is UP (http://auth_service:8018/health) [0.002s]
2025-10-18 01:15:12 | INFO | monitoring_service | ✅ data_service is UP (http://data_service:8080/health) [0.002s]
2025-10-18 01:15:12 | INFO | monitoring_service | ✅ strategy_service is UP (http://strategy_service:8020/health) [0.002s]
2025-10-18 01:15:14 | ERROR | monitoring_service | ❌ execution_service unreachable (http://execution_service:8030/health) → [Errno -2] Name or service not known
2025-10-18 01:15:17 | ERROR | monitoring_service | ❌ risk_service unreachable (http://risk_service:8040/health) → 
2025-10-18 01:15:17 | INFO | monitoring_service | ✅ auth_service is UP (http://auth_service:8018/health) [0.003s]
2025-10-18 01:15:51 | INFO | monitoring_service | ✅ data_service is UP (http://data_service:8080/health) [0.002s]
2025-10-18 01:15:51 | INFO | monitoring_service | ✅ strategy_service is UP (http://strategy_service:8020/health) [0.002s]
2025-10-18 01:15:53 | ERROR | monitoring_service | ❌ execution_service unreachable (http://execution_service:8030/health) → [Errno -2] Name or service not known
2025-10-18 01:15:56 | ERROR | monitoring_service | ❌ risk_service unreachable (http://risk_service:8040/health) → 
2025-10-18 01:15:56 | INFO | monitoring_service | ✅ auth_service is UP (http://auth_service:8018/health) [0.002s]
2025-10-18 01:16:29 | INFO | monitoring_service | ✅ data_service is UP (http://data_service:8080/health) [0.002s]
2025-10-18 01:16:29 | INFO | monitoring_service | ✅ strategy_service is UP (http://strategy_service:8020/health) [0.002s]
2025-10-18 01:16:32 | ERROR | monitoring_service | ❌ execution_service unreachable (http://execution_service:8030/health) → [Errno -2] Name or service not known
2025-10-18 01:16:35 | ERROR | monitoring_service | ❌ risk_service unreachable (http://risk_service:8040/health) → 
2025-10-18 01:16:35 | INFO | monitoring_service | ✅ auth_service is UP (http://auth_service:8018/health) [0.003s]
2025-10-18 01:17:08 | INFO | monitoring_service | ✅ data_service is UP (http://data_service:8080/health) [0.004s]
2025-10-18 01:17:08 | INFO | monitoring_service | ✅ strategy_service is UP (http://strategy_service:8020/health) [0.002s]
2025-10-18 01:17:10 | ERROR | monitoring_service | ❌ execution_service unreachable (http://execution_service:8030/health) → [Errno -2] Name or service not known
2025-10-18 01:17:13 | ERROR | monitoring_service | ❌ risk_service unreachable (http://risk_service:8040/health) → 
2025-10-18 01:17:13 | INFO | monitoring_service | ✅ auth_service is UP (http://auth_service:8018/health) [0.002s]
2025-10-18 01:17:47 | INFO | monitoring_service | ✅ data_service is UP (http://data_service:8080/health) [0.002s]
2025-10-18 01:17:47 | INFO | monitoring_service | ✅ strategy_service is UP (http://strategy_service:8020/health) [0.002s]
2025-10-18 01:17:49 | ERROR | monitoring_service | ❌ execution_service unreachable (http://execution_service:8030/health) → [Errno -2] Name or service not known
2025-10-18 01:17:55 | ERROR | monitoring_service | ❌ risk_service unreachable (http://risk_service:8040/health) → 
2025-10-18 01:17:55 | INFO | monitoring_service | ✅ auth_service is UP (http://auth_service:8018/health) [0.002s]
2025-10-18 01:18:29 | INFO | monitoring_service | ✅ data_service is UP (http://data_service:8080/health) [0.002s]
2025-10-18 01:18:29 | INFO | monitoring_service | ✅ strategy_service is UP (http://strategy_service:8020/health) [0.002s]
2025-10-18 01:18:31 | ERROR | monitoring_service | ❌ execution_service unreachable (http://execution_service:8030/health) → [Errno -2] Name or service not known
2025-10-18 01:18:34 | ERROR | monitoring_service | ❌ risk_service unreachable (http://risk_service:8040/health) → 
2025-10-18 01:18:34 | INFO | monitoring_service | ✅ auth_service is UP (http://auth_service:8018/health) [0.002s]
2025-10-18 01:19:07 | INFO | monitoring_service | ✅ data_service is UP (http://data_service:8080/health) [0.002s]
2025-10-18 01:19:07 | INFO | monitoring_service | ✅ strategy_service is UP (http://strategy_service:8020/health) [0.002s]
2025-10-18 01:19:10 | ERROR | monitoring_service | ❌ execution_service unreachable (http://execution_service:8030/health) → [Errno -2] Name or service not known
2025-10-18 01:19:13 | ERROR | monitoring_service | ❌ risk_service unreachable (http://risk_service:8040/health) → 
2025-10-18 01:19:13 | INFO | monitoring_service | ✅ auth_service is UP (http://auth_service:8018/health) [0.003s]
2025-10-18 01:19:46 | INFO | monitoring_service | ✅ data_service is UP (http://data_service:8080/health) [0.002s]
2025-10-18 01:19:46 | INFO | monitoring_service | ✅ strategy_service is UP (http://strategy_service:8020/health) [0.002s]
2025-10-18 01:19:48 | ERROR | monitoring_service | ❌ execution_service unreachable (http://execution_service:8030/health) → [Errno -2] Name or service not known
2025-10-18 01:19:51 | ERROR | monitoring_service | ❌ risk_service unreachable (http://risk_service:8040/health) → 
2025-10-18 01:19:51 | INFO | monitoring_service | ✅ auth_service is UP (http://auth_service:8018/health) [0.002s]
2025-10-18 01:20:25 | INFO | monitoring_service | ✅ data_service is UP (http://data_service:8080/health) [0.002s]
2025-10-18 01:20:25 | INFO | monitoring_service | ✅ strategy_service is UP (http://strategy_service:8020/health) [0.002s]
2025-10-18 01:20:27 | ERROR | monitoring_service | ❌ execution_service unreachable (http://execution_service:8030/health) → [Errno -2] Name or service not known
2025-10-18 01:20:30 | ERROR | monitoring_service | ❌ risk_service unreachable (http://risk_service:8040/health) → 
2025-10-18 01:20:30 | INFO | monitoring_service | ✅ auth_service is UP (http://auth_service:8018/health) [0.003s]
2025-10-18 01:21:03 | INFO | monitoring_service | ✅ data_service is UP (http://data_service:8080/health) [0.002s]
2025-10-18 01:21:03 | INFO | monitoring_service | ✅ strategy_service is UP (http://strategy_service:8020/health) [0.002s]
2025-10-18 01:21:06 | ERROR | monitoring_service | ❌ execution_service unreachable (http://execution_service:8030/health) → [Errno -2] Name or service not known
2025-10-18 01:21:09 | ERROR | monitoring_service | ❌ risk_service unreachable (http://risk_service:8040/health) → 
2025-10-18 01:21:09 | INFO | monitoring_service | ✅ auth_service is UP (http://auth_service:8018/health) [0.003s]
2025-10-18 01:21:42 | INFO | monitoring_service | ✅ data_service is UP (http://data_service:8080/health) [0.002s]
2025-10-18 01:21:42 | INFO | monitoring_service | ✅ strategy_service is UP (http://strategy_service:8020/health) [0.002s]
2025-10-18 01:21:48 | ERROR | monitoring_service | ❌ execution_service unreachable (http://execution_service:8030/health) → 
2025-10-18 01:21:51 | ERROR | monitoring_service | ❌ risk_service unreachable (http://risk_service:8040/health) → 
2025-10-18 01:21:51 | INFO | monitoring_service | ✅ auth_service is UP (http://auth_service:8018/health) [0.002s]
2025-10-18 01:22:25 | INFO | monitoring_service | ✅ data_service is UP (http://data_service:8080/health) [0.002s]
2025-10-18 01:22:25 | INFO | monitoring_service | ✅ strategy_service is UP (http://strategy_service:8020/health) [0.002s]
2025-10-18 01:22:27 | ERROR | monitoring_service | ❌ execution_service unreachable (http://execution_service:8030/health) → [Errno -2] Name or service not known
2025-10-18 01:22:30 | ERROR | monitoring_service | ❌ risk_service unreachable (http://risk_service:8040/health) → 
2025-10-18 01:22:30 | INFO | monitoring_service | ✅ auth_service is UP (http://auth_service:8018/health) [0.002s]
2025-10-18 01:23:03 | INFO | monitoring_service | ✅ data_service is UP (http://data_service:8080/health) [0.002s]
2025-10-18 01:23:03 | INFO | monitoring_service | ✅ strategy_service is UP (http://strategy_service:8020/health) [0.002s]
2025-10-18 01:23:06 | ERROR | monitoring_service | ❌ execution_service unreachable (http://execution_service:8030/health) → [Errno -2] Name or service not known
2025-10-18 01:23:09 | ERROR | monitoring_service | ❌ risk_service unreachable (http://risk_service:8040/health) → 
2025-10-18 01:23:09 | INFO | monitoring_service | ✅ auth_service is UP (http://auth_service:8018/health) [0.002s]
2025-10-18 01:23:42 | INFO | monitoring_service | ✅ data_service is UP (http://data_service:8080/health) [0.002s]
2025-10-18 01:23:42 | INFO | monitoring_service | ✅ strategy_service is UP (http://strategy_service:8020/health) [0.002s]
2025-10-18 01:23:44 | ERROR | monitoring_service | ❌ execution_service unreachable (http://execution_service:8030/health) → [Errno -2] Name or service not known
2025-10-18 01:23:47 | ERROR | monitoring_service | ❌ risk_service unreachable (http://risk_service:8040/health) → 
2025-10-18 01:23:47 | INFO | monitoring_service | ✅ auth_service is UP (http://auth_service:8018/health) [0.002s]
2025-10-18 01:24:21 | INFO | monitoring_service | ✅ data_service is UP (http://data_service:8080/health) [0.002s]
2025-10-18 01:24:21 | INFO | monitoring_service | ✅ strategy_service is UP (http://strategy_service:8020/health) [0.002s]
2025-10-18 01:24:23 | ERROR | monitoring_service | ❌ execution_service unreachable (http://execution_service:8030/health) → [Errno -2] Name or service not known
2025-10-18 01:24:26 | ERROR | monitoring_service | ❌ risk_service unreachable (http://risk_service:8040/health) → 
2025-10-18 01:24:26 | INFO | monitoring_service | ✅ auth_service is UP (http://auth_service:8018/health) [0.002s]
2025-10-18 01:24:59 | INFO | monitoring_service | ✅ data_service is UP (http://data_service:8080/health) [0.002s]
2025-10-18 01:24:59 | INFO | monitoring_service | ✅ strategy_service is UP (http://strategy_service:8020/health) [0.003s]
2025-10-18 01:25:01 | ERROR | monitoring_service | ❌ execution_service unreachable (http://execution_service:8030/health) → [Errno -2] Name or service not known
2025-10-18 01:25:08 | ERROR | monitoring_service | ❌ risk_service unreachable (http://risk_service:8040/health) → 
2025-10-18 01:25:08 | INFO | monitoring_service | ✅ auth_service is UP (http://auth_service:8018/health) [0.003s]
2025-10-18 01:25:41 | INFO | monitoring_service | ✅ data_service is UP (http://data_service:8080/health) [0.002s]
2025-10-18 01:25:41 | INFO | monitoring_service | ✅ strategy_service is UP (http://strategy_service:8020/health) [0.002s]
2025-10-18 01:25:43 | ERROR | monitoring_service | ❌ execution_service unreachable (http://execution_service:8030/health) → [Errno -2] Name or service not known
2025-10-18 01:25:46 | ERROR | monitoring_service | ❌ risk_service unreachable (http://risk_service:8040/health) → 
2025-10-18 01:25:46 | INFO | monitoring_service | ✅ auth_service is UP (http://auth_service:8018/health) [0.003s]
2025-10-18 01:26:20 | INFO | monitoring_service | ✅ data_service is UP (http://data_service:8080/health) [0.002s]
2025-10-18 01:26:20 | INFO | monitoring_service | ✅ strategy_service is UP (http://strategy_service:8020/health) [0.002s]
2025-10-18 01:26:22 | ERROR | monitoring_service | ❌ execution_service unreachable (http://execution_service:8030/health) → [Errno -2] Name or service not known
2025-10-18 01:26:25 | ERROR | monitoring_service | ❌ risk_service unreachable (http://risk_service:8040/health) → 
2025-10-18 01:26:25 | INFO | monitoring_service | ✅ auth_service is UP (http://auth_service:8018/health) [0.003s]
2025-10-18 01:26:58 | INFO | monitoring_service | ✅ data_service is UP (http://data_service:8080/health) [0.002s]
2025-10-18 01:26:58 | INFO | monitoring_service | ✅ strategy_service is UP (http://strategy_service:8020/health) [0.002s]
2025-10-18 01:27:01 | ERROR | monitoring_service | ❌ execution_service unreachable (http://execution_service:8030/health) → [Errno -2] Name or service not known
2025-10-18 01:27:04 | ERROR | monitoring_service | ❌ risk_service unreachable (http://risk_service:8040/health) → 
2025-10-18 01:27:04 | INFO | monitoring_service | ✅ auth_service is UP (http://auth_service:8018/health) [0.002s]
2025-10-18 01:27:37 | INFO | monitoring_service | ✅ data_service is UP (http://data_service:8080/health) [0.002s]
2025-10-18 01:27:37 | INFO | monitoring_service | ✅ strategy_service is UP (http://strategy_service:8020/health) [0.002s]
2025-10-18 01:27:39 | ERROR | monitoring_service | ❌ execution_service unreachable (http://execution_service:8030/health) → [Errno -2] Name or service not known
2025-10-18 01:27:42 | ERROR | monitoring_service | ❌ risk_service unreachable (http://risk_service:8040/health) → 
2025-10-18 01:27:42 | INFO | monitoring_service | ✅ auth_service is UP (http://auth_service:8018/health) [0.002s]
2025-10-18 01:28:16 | INFO | monitoring_service | ✅ data_service is UP (http://data_service:8080/health) [0.002s]
2025-10-18 01:28:16 | INFO | monitoring_service | ✅ strategy_service is UP (http://strategy_service:8020/health) [0.002s]
2025-10-18 01:28:18 | ERROR | monitoring_service | ❌ execution_service unreachable (http://execution_service:8030/health) → [Errno -2] Name or service not known
2025-10-18 01:28:21 | ERROR | monitoring_service | ❌ risk_service unreachable (http://risk_service:8040/health) → 
2025-10-18 01:28:21 | INFO | monitoring_service | ✅ auth_service is UP (http://auth_service:8018/health) [0.002s]
2025-10-18 01:28:54 | INFO | monitoring_service | ✅ data_service is UP (http://data_service:8080/health) [0.002s]
2025-10-18 01:28:54 | INFO | monitoring_service | ✅ strategy_service is UP (http://strategy_service:8020/health) [0.002s]
2025-10-18 01:29:01 | ERROR | monitoring_service | ❌ execution_service unreachable (http://execution_service:8030/health) → 
2025-10-18 01:29:04 | ERROR | monitoring_service | ❌ risk_service unreachable (http://risk_service:8040/health) → 
2025-10-18 01:29:04 | INFO | monitoring_service | ✅ auth_service is UP (http://auth_service:8018/health) [0.002s]
2025-10-18 01:29:37 | INFO | monitoring_service | ✅ data_service is UP (http://data_service:8080/health) [0.002s]
2025-10-18 01:29:37 | INFO | monitoring_service | ✅ strategy_service is UP (http://strategy_service:8020/health) [0.002s]
2025-10-18 01:29:39 | ERROR | monitoring_service | ❌ execution_service unreachable (http://execution_service:8030/health) → [Errno -2] Name or service not known
2025-10-18 01:29:42 | ERROR | monitoring_service | ❌ risk_service unreachable (http://risk_service:8040/health) → 
2025-10-18 01:29:42 | INFO | monitoring_service | ✅ auth_service is UP (http://auth_service:8018/health) [0.003s]
2025-10-18 01:30:16 | INFO | monitoring_service | ✅ data_service is UP (http://data_service:8080/health) [0.002s]
2025-10-18 01:30:16 | INFO | monitoring_service | ✅ strategy_service is UP (http://strategy_service:8020/health) [0.002s]
2025-10-18 01:30:18 | ERROR | monitoring_service | ❌ execution_service unreachable (http://execution_service:8030/health) → [Errno -2] Name or service not known
2025-10-18 01:30:21 | ERROR | monitoring_service | ❌ risk_service unreachable (http://risk_service:8040/health) → 
2025-10-18 01:30:21 | INFO | monitoring_service | ✅ auth_service is UP (http://auth_service:8018/health) [0.003s]
2025-10-18 01:30:54 | INFO | monitoring_service | ✅ data_service is UP (http://data_service:8080/health) [0.002s]
2025-10-18 01:30:54 | INFO | monitoring_service | ✅ strategy_service is UP (http://strategy_service:8020/health) [0.002s]
2025-10-18 01:30:57 | ERROR | monitoring_service | ❌ execution_service unreachable (http://execution_service:8030/health) → [Errno -2] Name or service not known
2025-10-18 01:31:00 | ERROR | monitoring_service | ❌ risk_service unreachable (http://risk_service:8040/health) → 
2025-10-18 01:31:00 | INFO | monitoring_service | ✅ auth_service is UP (http://auth_service:8018/health) [0.002s]
2025-10-18 01:31:33 | INFO | monitoring_service | ✅ data_service is UP (http://data_service:8080/health) [0.002s]
2025-10-18 01:31:33 | INFO | monitoring_service | ✅ strategy_service is UP (http://strategy_service:8020/health) [0.002s]
2025-10-18 01:31:35 | ERROR | monitoring_service | ❌ execution_service unreachable (http://execution_service:8030/health) → [Errno -2] Name or service not known
2025-10-18 01:31:38 | ERROR | monitoring_service | ❌ risk_service unreachable (http://risk_service:8040/health) → 
2025-10-18 01:31:38 | INFO | monitoring_service | ✅ auth_service is UP (http://auth_service:8018/health) [0.002s]
2025-10-18 01:32:12 | INFO | monitoring_service | ✅ data_service is UP (http://data_service:8080/health) [0.002s]
2025-10-18 01:32:12 | INFO | monitoring_service | ✅ strategy_service is UP (http://strategy_service:8020/health) [0.002s]
2025-10-18 01:32:14 | ERROR | monitoring_service | ❌ execution_service unreachable (http://execution_service:8030/health) → [Errno -2] Name or service not known
2025-10-18 01:32:20 | ERROR | monitoring_service | ❌ risk_service unreachable (http://risk_service:8040/health) → 
2025-10-18 01:32:20 | INFO | monitoring_service | ✅ auth_service is UP (http://auth_service:8018/health) [0.002s]
2025-10-18 01:32:54 | INFO | monitoring_service | ✅ data_service is UP (http://data_service:8080/health) [0.002s]
2025-10-18 01:32:54 | INFO | monitoring_service | ✅ strategy_service is UP (http://strategy_service:8020/health) [0.002s]
2025-10-18 01:32:56 | ERROR | monitoring_service | ❌ execution_service unreachable (http://execution_service:8030/health) → [Errno -2] Name or service not known
2025-10-18 01:32:59 | ERROR | monitoring_service | ❌ risk_service unreachable (http://risk_service:8040/health) → 
2025-10-18 01:32:59 | INFO | monitoring_service | ✅ auth_service is UP (http://auth_service:8018/health) [0.003s]
2025-10-18 01:33:32 | INFO | monitoring_service | ✅ data_service is UP (http://data_service:8080/health) [0.003s]
2025-10-18 01:33:32 | INFO | monitoring_service | ✅ strategy_service is UP (http://strategy_service:8020/health) [0.002s]
2025-10-18 01:33:35 | ERROR | monitoring_service | ❌ execution_service unreachable (http://execution_service:8030/health) → [Errno -2] Name or service not known
2025-10-18 01:33:38 | ERROR | monitoring_service | ❌ risk_service unreachable (http://risk_service:8040/health) → 
2025-10-18 01:33:38 | INFO | monitoring_service | ✅ auth_service is UP (http://auth_service:8018/health) [0.002s]
2025-10-18 01:33:43 | INFO | monitoring_service | 🧹 Health monitor task cancelled during shutdown
2025-10-18 01:33:43 | INFO | monitoring_service | 🧩 Monitoring service shutdown complete
2025-10-18 01:33:43 | INFO | monitoring_service | 🩺 Monitoring targets: ['data_service', 'strategy_service', 'execution_service', 'risk_service', 'auth_service']
2025-10-18 01:33:46 | INFO | monitoring_service | 📂 File logging enabled: /logs/monitoring_service.log
2025-10-18 01:33:46 | INFO | monitoring_service | 📂 Logging initialized (stdout + optional file)
2025-10-18 01:33:46 | INFO | monitoring_service | ✅ Loaded config from: /app/config/config.yaml
2025-10-18 01:33:46 | INFO | monitoring_service | 🩺 Monitoring targets: ['data_service', 'strategy_service', 'execution_service', 'risk_service', 'auth_service']
2025-10-18 01:33:46 | INFO | monitoring_service | 🚀 Starting Monitoring Service...
2025-10-18 01:33:46 | INFO | monitoring_service | 🕒 Background health monitor started (interval=30s)
2025-10-18 01:33:46 | ERROR | monitoring_service | ❌ data_service unreachable (http://data_service:8080/health) → All connection attempts failed
2025-10-18 01:33:46 | INFO | monitoring_service | ✅ strategy_service is UP (http://strategy_service:8020/health) [0.010s]
2025-10-18 01:33:46 | ERROR | monitoring_service | ❌ execution_service unreachable (http://execution_service:8030/health) → All connection attempts failed
2025-10-18 01:33:49 | ERROR | monitoring_service | ❌ risk_service unreachable (http://risk_service:8040/health) → 
2025-10-18 01:33:49 | INFO | monitoring_service | ✅ auth_service is UP (http://auth_service:8018/health) [0.003s]
2025-10-18 01:34:23 | INFO | monitoring_service | ✅ data_service is UP (http://data_service:8080/health) [0.002s]
2025-10-18 01:34:23 | INFO | monitoring_service | ✅ strategy_service is UP (http://strategy_service:8020/health) [0.002s]
2025-10-18 01:34:25 | ERROR | monitoring_service | ❌ execution_service unreachable (http://execution_service:8030/health) → [Errno -2] Name or service not known
2025-10-18 01:34:28 | ERROR | monitoring_service | ❌ risk_service unreachable (http://risk_service:8040/health) → 
2025-10-18 01:34:28 | INFO | monitoring_service | ✅ auth_service is UP (http://auth_service:8018/health) [0.003s]
2025-10-18 01:35:01 | INFO | monitoring_service | ✅ data_service is UP (http://data_service:8080/health) [0.003s]
2025-10-18 01:35:01 | INFO | monitoring_service | ✅ strategy_service is UP (http://strategy_service:8020/health) [0.002s]
2025-10-18 01:35:07 | ERROR | monitoring_service | ❌ execution_service unreachable (http://execution_service:8030/health) → 
2025-10-18 01:35:10 | ERROR | monitoring_service | ❌ risk_service unreachable (http://risk_service:8040/health) → 
2025-10-18 01:35:10 | INFO | monitoring_service | ✅ auth_service is UP (http://auth_service:8018/health) [0.002s]
2025-10-18 01:35:44 | INFO | monitoring_service | ✅ data_service is UP (http://data_service:8080/health) [0.002s]
2025-10-18 01:35:44 | INFO | monitoring_service | ✅ strategy_service is UP (http://strategy_service:8020/health) [0.002s]
2025-10-18 01:35:46 | ERROR | monitoring_service | ❌ execution_service unreachable (http://execution_service:8030/health) → [Errno -2] Name or service not known
2025-10-18 01:35:49 | ERROR | monitoring_service | ❌ risk_service unreachable (http://risk_service:8040/health) → 
2025-10-18 01:35:49 | INFO | monitoring_service | ✅ auth_service is UP (http://auth_service:8018/health) [0.002s]
2025-10-18 01:36:22 | INFO | monitoring_service | ✅ data_service is UP (http://data_service:8080/health) [0.003s]
2025-10-18 01:36:22 | INFO | monitoring_service | ✅ strategy_service is UP (http://strategy_service:8020/health) [0.003s]
2025-10-18 01:36:25 | ERROR | monitoring_service | ❌ execution_service unreachable (http://execution_service:8030/health) → [Errno -2] Name or service not known
2025-10-18 01:36:28 | ERROR | monitoring_service | ❌ risk_service unreachable (http://risk_service:8040/health) → 
2025-10-18 01:36:28 | INFO | monitoring_service | ✅ auth_service is UP (http://auth_service:8018/health) [0.002s]
2025-10-18 01:37:01 | INFO | monitoring_service | ✅ data_service is UP (http://data_service:8080/health) [0.002s]
2025-10-18 01:37:01 | INFO | monitoring_service | ✅ strategy_service is UP (http://strategy_service:8020/health) [0.002s]
2025-10-18 01:37:03 | ERROR | monitoring_service | ❌ execution_service unreachable (http://execution_service:8030/health) → [Errno -2] Name or service not known
2025-10-18 01:37:06 | ERROR | monitoring_service | ❌ risk_service unreachable (http://risk_service:8040/health) → 
2025-10-18 01:37:06 | INFO | monitoring_service | ✅ auth_service is UP (http://auth_service:8018/health) [0.003s]
2025-10-18 01:37:40 | INFO | monitoring_service | ✅ data_service is UP (http://data_service:8080/health) [0.002s]
2025-10-18 01:37:40 | INFO | monitoring_service | ✅ strategy_service is UP (http://strategy_service:8020/health) [0.002s]
2025-10-18 01:37:42 | ERROR | monitoring_service | ❌ execution_service unreachable (http://execution_service:8030/health) → [Errno -2] Name or service not known
2025-10-18 01:37:45 | ERROR | monitoring_service | ❌ risk_service unreachable (http://risk_service:8040/health) → 
2025-10-18 01:37:45 | INFO | monitoring_service | ✅ auth_service is UP (http://auth_service:8018/health) [0.002s]
2025-10-18 01:38:18 | INFO | monitoring_service | ✅ data_service is UP (http://data_service:8080/health) [0.002s]
2025-10-18 01:38:18 | INFO | monitoring_service | ✅ strategy_service is UP (http://strategy_service:8020/health) [0.002s]
2025-10-18 01:38:21 | ERROR | monitoring_service | ❌ execution_service unreachable (http://execution_service:8030/health) → [Errno -2] Name or service not known
2025-10-18 01:38:27 | ERROR | monitoring_service | ❌ risk_service unreachable (http://risk_service:8040/health) → 
2025-10-18 01:38:27 | INFO | monitoring_service | ✅ auth_service is UP (http://auth_service:8018/health) [0.002s]
2025-10-18 01:38:32 | INFO | monitoring_service | 🧹 Health monitor task cancelled during shutdown
2025-10-18 01:38:32 | INFO | monitoring_service | 🧩 Monitoring service shutdown complete
2025-10-18 01:38:32 | INFO | monitoring_service | 🩺 Monitoring targets: ['data_service', 'strategy_service', 'execution_service', 'risk_service', 'auth_service']
2025-10-18 01:38:36 | INFO | monitoring_service | 📂 File logging enabled: /logs/monitoring_service.log
2025-10-18 01:38:36 | INFO | monitoring_service | 📂 Logging initialized (stdout + optional file)
2025-10-18 01:38:36 | INFO | monitoring_service | ✅ Loaded config from: /app/config/config.yaml
2025-10-18 01:38:36 | INFO | monitoring_service | 🩺 Monitoring targets: ['data_service', 'strategy_service', 'execution_service', 'risk_service', 'auth_service']
2025-10-18 01:38:36 | INFO | monitoring_service | 🚀 Starting Monitoring Service...
2025-10-18 01:38:36 | INFO | monitoring_service | 🕒 Background health monitor started (interval=30s)
2025-10-18 01:38:36 | ERROR | monitoring_service | ❌ data_service unreachable (http://data_service:8080/health) → All connection attempts failed
2025-10-18 01:38:36 | INFO | monitoring_service | ✅ strategy_service is UP (http://strategy_service:8020/health) [0.006s]
2025-10-18 01:38:36 | ERROR | monitoring_service | ❌ execution_service unreachable (http://execution_service:8030/health) → All connection attempts failed
2025-10-18 01:38:39 | ERROR | monitoring_service | ❌ risk_service unreachable (http://risk_service:8040/health) → 
2025-10-18 01:38:39 | INFO | monitoring_service | ✅ auth_service is UP (http://auth_service:8018/health) [0.002s]
2025-10-18 01:39:13 | INFO | monitoring_service | ✅ data_service is UP (http://data_service:8080/health) [0.002s]
2025-10-18 01:39:13 | INFO | monitoring_service | ✅ strategy_service is UP (http://strategy_service:8020/health) [0.002s]
2025-10-18 01:39:13 | ERROR | monitoring_service | ❌ execution_service unreachable (http://execution_service:8030/health) → All connection attempts failed
2025-10-18 01:39:16 | ERROR | monitoring_service | ❌ risk_service unreachable (http://risk_service:8040/health) → 
2025-10-18 01:39:16 | INFO | monitoring_service | ✅ auth_service is UP (http://auth_service:8018/health) [0.004s]
2025-10-18 01:39:49 | INFO | monitoring_service | ✅ data_service is UP (http://data_service:8080/health) [0.003s]
2025-10-18 01:39:49 | INFO | monitoring_service | ✅ strategy_service is UP (http://strategy_service:8020/health) [0.004s]
2025-10-18 01:39:49 | ERROR | monitoring_service | ❌ execution_service unreachable (http://execution_service:8030/health) → All connection attempts failed
2025-10-18 01:39:52 | ERROR | monitoring_service | ❌ risk_service unreachable (http://risk_service:8040/health) → 
2025-10-18 01:39:52 | INFO | monitoring_service | ✅ auth_service is UP (http://auth_service:8018/health) [0.007s]
2025-10-18 01:40:25 | INFO | monitoring_service | ✅ data_service is UP (http://data_service:8080/health) [0.002s]
2025-10-18 01:40:25 | INFO | monitoring_service | ✅ strategy_service is UP (http://strategy_service:8020/health) [0.002s]
2025-10-18 01:40:25 | ERROR | monitoring_service | ❌ execution_service unreachable (http://execution_service:8030/health) → All connection attempts failed
2025-10-18 01:40:28 | ERROR | monitoring_service | ❌ risk_service unreachable (http://risk_service:8040/health) → 
2025-10-18 01:40:28 | INFO | monitoring_service | ✅ auth_service is UP (http://auth_service:8018/health) [0.004s]
2025-10-18 01:41:02 | INFO | monitoring_service | ✅ data_service is UP (http://data_service:8080/health) [0.003s]
2025-10-18 01:41:02 | INFO | monitoring_service | ✅ strategy_service is UP (http://strategy_service:8020/health) [0.003s]
2025-10-18 01:41:02 | ERROR | monitoring_service | ❌ execution_service unreachable (http://execution_service:8030/health) → All connection attempts failed
2025-10-18 01:41:05 | ERROR | monitoring_service | ❌ risk_service unreachable (http://risk_service:8040/health) → 
2025-10-18 01:41:05 | INFO | monitoring_service | ✅ auth_service is UP (http://auth_service:8018/health) [0.003s]
2025-10-18 01:41:38 | INFO | monitoring_service | ✅ data_service is UP (http://data_service:8080/health) [0.002s]
2025-10-18 01:41:38 | INFO | monitoring_service | ✅ strategy_service is UP (http://strategy_service:8020/health) [0.002s]
2025-10-18 01:41:38 | ERROR | monitoring_service | ❌ execution_service unreachable (http://execution_service:8030/health) → All connection attempts failed
2025-10-18 01:41:41 | ERROR | monitoring_service | ❌ risk_service unreachable (http://risk_service:8040/health) → 
2025-10-18 01:41:41 | INFO | monitoring_service | ✅ auth_service is UP (http://auth_service:8018/health) [0.004s]
2025-10-18 01:42:14 | INFO | monitoring_service | ✅ data_service is UP (http://data_service:8080/health) [0.002s]
2025-10-18 01:42:14 | INFO | monitoring_service | ✅ strategy_service is UP (http://strategy_service:8020/health) [0.002s]
2025-10-18 01:42:14 | ERROR | monitoring_service | ❌ execution_service unreachable (http://execution_service:8030/health) → All connection attempts failed
2025-10-18 01:42:21 | ERROR | monitoring_service | ❌ risk_service unreachable (http://risk_service:8040/health) → 
2025-10-18 01:42:21 | INFO | monitoring_service | ✅ auth_service is UP (http://auth_service:8018/health) [0.002s]
2025-10-18 01:42:54 | INFO | monitoring_service | ✅ data_service is UP (http://data_service:8080/health) [0.002s]
2025-10-18 01:42:54 | INFO | monitoring_service | ✅ strategy_service is UP (http://strategy_service:8020/health) [0.002s]
2025-10-18 01:42:54 | ERROR | monitoring_service | ❌ execution_service unreachable (http://execution_service:8030/health) → All connection attempts failed
2025-10-18 01:42:57 | ERROR | monitoring_service | ❌ risk_service unreachable (http://risk_service:8040/health) → 
2025-10-18 01:42:57 | INFO | monitoring_service | ✅ auth_service is UP (http://auth_service:8018/health) [0.003s]
2025-10-18 01:43:30 | INFO | monitoring_service | ✅ data_service is UP (http://data_service:8080/health) [0.002s]
2025-10-18 01:43:30 | INFO | monitoring_service | ✅ strategy_service is UP (http://strategy_service:8020/health) [0.003s]
2025-10-18 01:43:30 | ERROR | monitoring_service | ❌ execution_service unreachable (http://execution_service:8030/health) → All connection attempts failed
2025-10-18 01:43:33 | ERROR | monitoring_service | ❌ risk_service unreachable (http://risk_service:8040/health) → 
2025-10-18 01:43:33 | INFO | monitoring_service | ✅ auth_service is UP (http://auth_service:8018/health) [0.002s]
2025-10-18 01:44:07 | INFO | monitoring_service | ✅ data_service is UP (http://data_service:8080/health) [0.002s]
2025-10-18 01:44:07 | INFO | monitoring_service | ✅ strategy_service is UP (http://strategy_service:8020/health) [0.002s]
2025-10-18 01:44:07 | ERROR | monitoring_service | ❌ execution_service unreachable (http://execution_service:8030/health) → All connection attempts failed
2025-10-18 01:44:10 | ERROR | monitoring_service | ❌ risk_service unreachable (http://risk_service:8040/health) → 
2025-10-18 01:44:10 | INFO | monitoring_service | ✅ auth_service is UP (http://auth_service:8018/health) [0.002s]
2025-10-18 01:44:43 | INFO | monitoring_service | ✅ data_service is UP (http://data_service:8080/health) [0.002s]
2025-10-18 01:44:43 | INFO | monitoring_service | ✅ strategy_service is UP (http://strategy_service:8020/health) [0.002s]
2025-10-18 01:44:43 | ERROR | monitoring_service | ❌ execution_service unreachable (http://execution_service:8030/health) → All connection attempts failed
2025-10-18 01:44:46 | ERROR | monitoring_service | ❌ risk_service unreachable (http://risk_service:8040/health) → 
2025-10-18 01:44:46 | INFO | monitoring_service | ✅ auth_service is UP (http://auth_service:8018/health) [0.003s]
2025-10-18 01:45:19 | INFO | monitoring_service | ✅ data_service is UP (http://data_service:8080/health) [0.002s]
2025-10-18 01:45:19 | INFO | monitoring_service | ✅ strategy_service is UP (http://strategy_service:8020/health) [0.002s]
2025-10-18 01:45:19 | ERROR | monitoring_service | ❌ execution_service unreachable (http://execution_service:8030/health) → All connection attempts failed
2025-10-18 01:45:23 | ERROR | monitoring_service | ❌ risk_service unreachable (http://risk_service:8040/health) → 
2025-10-18 01:45:23 | INFO | monitoring_service | ✅ auth_service is UP (http://auth_service:8018/health) [0.003s]
2025-10-18 01:45:56 | INFO | monitoring_service | ✅ data_service is UP (http://data_service:8080/health) [0.003s]
2025-10-18 01:45:56 | INFO | monitoring_service | ✅ strategy_service is UP (http://strategy_service:8020/health) [0.002s]
2025-10-18 01:45:56 | ERROR | monitoring_service | ❌ execution_service unreachable (http://execution_service:8030/health) → All connection attempts failed
2025-10-18 01:45:59 | ERROR | monitoring_service | ❌ risk_service unreachable (http://risk_service:8040/health) → 
2025-10-18 01:45:59 | INFO | monitoring_service | ✅ auth_service is UP (http://auth_service:8018/health) [0.002s]
2025-10-18 01:46:32 | INFO | monitoring_service | ✅ data_service is UP (http://data_service:8080/health) [0.003s]
2025-10-18 01:46:32 | INFO | monitoring_service | ✅ strategy_service is UP (http://strategy_service:8020/health) [0.002s]
2025-10-18 01:46:32 | ERROR | monitoring_service | ❌ execution_service unreachable (http://execution_service:8030/health) → All connection attempts failed
2025-10-18 01:46:35 | ERROR | monitoring_service | ❌ risk_service unreachable (http://risk_service:8040/health) → 
2025-10-18 01:46:35 | INFO | monitoring_service | ✅ auth_service is UP (http://auth_service:8018/health) [0.004s]
2025-10-18 01:46:42 | INFO | monitoring_service | 🧹 Health monitor task cancelled during shutdown
2025-10-18 01:46:42 | INFO | monitoring_service | 🧩 Monitoring service shutdown complete
2025-10-18 01:46:42 | INFO | monitoring_service | 🩺 Monitoring targets: ['data_service', 'strategy_service', 'execution_service', 'risk_service', 'auth_service']
2025-10-18 01:46:49 | INFO | monitoring_service | 📂 File logging enabled: /logs/monitoring_service.log
2025-10-18 01:46:49 | INFO | monitoring_service | 📂 Logging initialized (stdout + optional file)
2025-10-18 01:46:49 | INFO | monitoring_service | ✅ Loaded config from: /app/config/config.yaml
2025-10-18 01:46:49 | INFO | monitoring_service | 🩺 Monitoring targets: ['data_service', 'strategy_service', 'execution_service', 'risk_service', 'auth_service']
2025-10-18 01:46:49 | INFO | monitoring_service | 🚀 Starting Monitoring Service...
2025-10-18 01:46:49 | INFO | monitoring_service | 🕒 Background health monitor started (interval=30s)
2025-10-18 01:46:49 | ERROR | monitoring_service | ❌ data_service unreachable (http://data_service:8080/health) → All connection attempts failed
2025-10-18 01:46:49 | INFO | monitoring_service | ✅ strategy_service is UP (http://strategy_service:8020/health) [0.006s]
2025-10-18 01:46:49 | ERROR | monitoring_service | ❌ execution_service unreachable (http://execution_service:8030/health) → All connection attempts failed
2025-10-18 01:46:52 | ERROR | monitoring_service | ❌ risk_service unreachable (http://risk_service:8040/health) → 
2025-10-18 01:46:52 | INFO | monitoring_service | ✅ auth_service is UP (http://auth_service:8018/health) [0.004s]
2025-10-18 01:47:26 | INFO | monitoring_service | ✅ data_service is UP (http://data_service:8080/health) [0.004s]
2025-10-18 01:47:26 | INFO | monitoring_service | ✅ strategy_service is UP (http://strategy_service:8020/health) [0.002s]
2025-10-18 01:47:26 | ERROR | monitoring_service | ❌ execution_service unreachable (http://execution_service:8030/health) → All connection attempts failed
2025-10-18 01:47:29 | ERROR | monitoring_service | ❌ risk_service unreachable (http://risk_service:8040/health) → 
2025-10-18 01:47:29 | INFO | monitoring_service | ✅ auth_service is UP (http://auth_service:8018/health) [0.002s]
2025-10-18 01:48:02 | INFO | monitoring_service | ✅ data_service is UP (http://data_service:8080/health) [0.002s]
2025-10-18 01:48:02 | INFO | monitoring_service | ✅ strategy_service is UP (http://strategy_service:8020/health) [0.002s]
2025-10-18 01:48:02 | ERROR | monitoring_service | ❌ execution_service unreachable (http://execution_service:8030/health) → All connection attempts failed
2025-10-18 01:48:05 | ERROR | monitoring_service | ❌ risk_service unreachable (http://risk_service:8040/health) → 
2025-10-18 01:48:05 | INFO | monitoring_service | ✅ auth_service is UP (http://auth_service:8018/health) [0.003s]
2025-10-18 01:48:38 | INFO | monitoring_service | ✅ data_service is UP (http://data_service:8080/health) [0.002s]
2025-10-18 01:48:38 | INFO | monitoring_service | ✅ strategy_service is UP (http://strategy_service:8020/health) [0.002s]
2025-10-18 01:48:39 | ERROR | monitoring_service | ❌ execution_service unreachable (http://execution_service:8030/health) → All connection attempts failed
2025-10-18 01:48:42 | ERROR | monitoring_service | ❌ risk_service unreachable (http://risk_service:8040/health) → 
2025-10-18 01:48:42 | INFO | monitoring_service | ✅ auth_service is UP (http://auth_service:8018/health) [0.002s]
2025-10-18 01:49:15 | INFO | monitoring_service | ✅ data_service is UP (http://data_service:8080/health) [0.003s]
2025-10-18 01:49:15 | INFO | monitoring_service | ✅ strategy_service is UP (http://strategy_service:8020/health) [0.003s]
2025-10-18 01:49:15 | ERROR | monitoring_service | ❌ execution_service unreachable (http://execution_service:8030/health) → All connection attempts failed
2025-10-18 01:49:18 | ERROR | monitoring_service | ❌ risk_service unreachable (http://risk_service:8040/health) → 
2025-10-18 01:49:18 | INFO | monitoring_service | ✅ auth_service is UP (http://auth_service:8018/health) [0.003s]
2025-10-18 01:49:51 | INFO | monitoring_service | ✅ data_service is UP (http://data_service:8080/health) [0.002s]
2025-10-18 01:49:51 | INFO | monitoring_service | ✅ strategy_service is UP (http://strategy_service:8020/health) [0.002s]
2025-10-18 01:49:51 | ERROR | monitoring_service | ❌ execution_service unreachable (http://execution_service:8030/health) → All connection attempts failed
2025-10-18 01:49:54 | ERROR | monitoring_service | ❌ risk_service unreachable (http://risk_service:8040/health) → 
2025-10-18 01:49:54 | INFO | monitoring_service | ✅ auth_service is UP (http://auth_service:8018/health) [0.003s]
2025-10-18 01:50:28 | INFO | monitoring_service | ✅ data_service is UP (http://data_service:8080/health) [0.002s]
2025-10-18 01:50:28 | INFO | monitoring_service | ✅ strategy_service is UP (http://strategy_service:8020/health) [0.002s]
2025-10-18 01:50:28 | ERROR | monitoring_service | ❌ execution_service unreachable (http://execution_service:8030/health) → All connection attempts failed
2025-10-18 01:50:31 | ERROR | monitoring_service | ❌ risk_service unreachable (http://risk_service:8040/health) → 
2025-10-18 01:50:31 | INFO | monitoring_service | ✅ auth_service is UP (http://auth_service:8018/health) [0.002s]
2025-10-18 01:51:04 | INFO | monitoring_service | ✅ data_service is UP (http://data_service:8080/health) [0.002s]
2025-10-18 01:51:04 | INFO | monitoring_service | ✅ strategy_service is UP (http://strategy_service:8020/health) [0.002s]
2025-10-18 01:51:04 | ERROR | monitoring_service | ❌ execution_service unreachable (http://execution_service:8030/health) → All connection attempts failed
2025-10-18 01:51:07 | ERROR | monitoring_service | ❌ risk_service unreachable (http://risk_service:8040/health) → 
2025-10-18 01:51:07 | INFO | monitoring_service | ✅ auth_service is UP (http://auth_service:8018/health) [0.002s]
2025-10-18 01:51:40 | INFO | monitoring_service | ✅ data_service is UP (http://data_service:8080/health) [0.002s]
2025-10-18 01:51:40 | INFO | monitoring_service | ✅ strategy_service is UP (http://strategy_service:8020/health) [0.002s]
2025-10-18 01:51:40 | ERROR | monitoring_service | ❌ execution_service unreachable (http://execution_service:8030/health) → All connection attempts failed
2025-10-18 01:51:47 | ERROR | monitoring_service | ❌ risk_service unreachable (http://risk_service:8040/health) → 
2025-10-18 01:51:47 | INFO | monitoring_service | ✅ auth_service is UP (http://auth_service:8018/health) [0.002s]
2025-10-18 01:52:20 | INFO | monitoring_service | ✅ data_service is UP (http://data_service:8080/health) [0.002s]
2025-10-18 01:52:20 | INFO | monitoring_service | ✅ strategy_service is UP (http://strategy_service:8020/health) [0.002s]
2025-10-18 01:52:20 | ERROR | monitoring_service | ❌ execution_service unreachable (http://execution_service:8030/health) → All connection attempts failed
2025-10-18 01:52:23 | ERROR | monitoring_service | ❌ risk_service unreachable (http://risk_service:8040/health) → 
2025-10-18 01:52:23 | INFO | monitoring_service | ✅ auth_service is UP (http://auth_service:8018/health) [0.004s]
2025-10-18 01:52:56 | INFO | monitoring_service | ✅ data_service is UP (http://data_service:8080/health) [0.002s]
2025-10-18 01:52:56 | INFO | monitoring_service | ✅ strategy_service is UP (http://strategy_service:8020/health) [0.002s]
2025-10-18 01:52:56 | ERROR | monitoring_service | ❌ execution_service unreachable (http://execution_service:8030/health) → All connection attempts failed
2025-10-18 01:52:56 | ERROR | monitoring_service | ❌ risk_service unreachable (http://risk_service:8040/health) → All connection attempts failed
2025-10-18 01:52:56 | INFO | monitoring_service | ✅ auth_service is UP (http://auth_service:8018/health) [0.002s]
2025-10-18 01:53:30 | INFO | monitoring_service | ✅ data_service is UP (http://data_service:8080/health) [0.002s]
2025-10-18 01:53:30 | INFO | monitoring_service | ✅ strategy_service is UP (http://strategy_service:8020/health) [0.002s]
2025-10-18 01:53:30 | ERROR | monitoring_service | ❌ execution_service unreachable (http://execution_service:8030/health) → All connection attempts failed
2025-10-18 01:53:30 | ERROR | monitoring_service | ❌ risk_service unreachable (http://risk_service:8040/health) → All connection attempts failed
2025-10-18 01:53:30 | INFO | monitoring_service | ✅ auth_service is UP (http://auth_service:8018/health) [0.002s]
2025-10-18 01:54:03 | INFO | monitoring_service | ✅ data_service is UP (http://data_service:8080/health) [0.002s]
2025-10-18 01:54:03 | INFO | monitoring_service | ✅ strategy_service is UP (http://strategy_service:8020/health) [0.002s]
2025-10-18 01:54:03 | ERROR | monitoring_service | ❌ execution_service unreachable (http://execution_service:8030/health) → All connection attempts failed
2025-10-18 01:54:03 | ERROR | monitoring_service | ❌ risk_service unreachable (http://risk_service:8040/health) → All connection attempts failed
2025-10-18 01:54:03 | INFO | monitoring_service | ✅ auth_service is UP (http://auth_service:8018/health) [0.002s]
2025-10-18 01:54:36 | INFO | monitoring_service | ✅ data_service is UP (http://data_service:8080/health) [0.002s]
2025-10-18 01:54:36 | INFO | monitoring_service | ✅ strategy_service is UP (http://strategy_service:8020/health) [0.002s]
2025-10-18 01:54:36 | ERROR | monitoring_service | ❌ execution_service unreachable (http://execution_service:8030/health) → All connection attempts failed
2025-10-18 01:54:36 | ERROR | monitoring_service | ❌ risk_service unreachable (http://risk_service:8040/health) → All connection attempts failed
2025-10-18 01:54:36 | INFO | monitoring_service | ✅ auth_service is UP (http://auth_service:8018/health) [0.002s]
2025-10-18 01:55:10 | INFO | monitoring_service | ✅ data_service is UP (http://data_service:8080/health) [0.002s]
2025-10-18 01:55:10 | INFO | monitoring_service | ✅ strategy_service is UP (http://strategy_service:8020/health) [0.002s]
2025-10-18 01:55:10 | ERROR | monitoring_service | ❌ execution_service unreachable (http://execution_service:8030/health) → All connection attempts failed
2025-10-18 01:55:10 | ERROR | monitoring_service | ❌ risk_service unreachable (http://risk_service:8040/health) → All connection attempts failed
2025-10-18 01:55:10 | INFO | monitoring_service | ✅ auth_service is UP (http://auth_service:8018/health) [0.001s]
2025-10-18 01:55:43 | INFO | monitoring_service | ✅ data_service is UP (http://data_service:8080/health) [0.002s]
2025-10-18 01:55:43 | INFO | monitoring_service | ✅ strategy_service is UP (http://strategy_service:8020/health) [0.002s]
2025-10-18 01:55:43 | ERROR | monitoring_service | ❌ execution_service unreachable (http://execution_service:8030/health) → All connection attempts failed
2025-10-18 01:55:43 | ERROR | monitoring_service | ❌ risk_service unreachable (http://risk_service:8040/health) → All connection attempts failed
2025-10-18 01:55:43 | INFO | monitoring_service | ✅ auth_service is UP (http://auth_service:8018/health) [0.002s]
2025-10-18 01:56:16 | INFO | monitoring_service | ✅ data_service is UP (http://data_service:8080/health) [0.002s]
2025-10-18 01:56:16 | INFO | monitoring_service | ✅ strategy_service is UP (http://strategy_service:8020/health) [0.002s]
2025-10-18 01:56:16 | ERROR | monitoring_service | ❌ execution_service unreachable (http://execution_service:8030/health) → All connection attempts failed
2025-10-18 01:56:16 | ERROR | monitoring_service | ❌ risk_service unreachable (http://risk_service:8040/health) → All connection attempts failed
2025-10-18 01:56:16 | INFO | monitoring_service | ✅ auth_service is UP (http://auth_service:8018/health) [0.003s]
2025-10-18 01:56:50 | INFO | monitoring_service | ✅ data_service is UP (http://data_service:8080/health) [0.003s]
2025-10-18 01:56:50 | INFO | monitoring_service | ✅ strategy_service is UP (http://strategy_service:8020/health) [0.002s]
2025-10-18 01:56:50 | ERROR | monitoring_service | ❌ execution_service unreachable (http://execution_service:8030/health) → All connection attempts failed
2025-10-18 01:56:50 | ERROR | monitoring_service | ❌ risk_service unreachable (http://risk_service:8040/health) → All connection attempts failed
2025-10-18 01:56:50 | INFO | monitoring_service | ✅ auth_service is UP (http://auth_service:8018/health) [0.001s]
2025-10-18 01:57:23 | INFO | monitoring_service | ✅ data_service is UP (http://data_service:8080/health) [0.002s]
2025-10-18 01:57:23 | INFO | monitoring_service | ✅ strategy_service is UP (http://strategy_service:8020/health) [0.002s]
2025-10-18 01:57:23 | ERROR | monitoring_service | ❌ execution_service unreachable (http://execution_service:8030/health) → All connection attempts failed
2025-10-18 01:57:23 | ERROR | monitoring_service | ❌ risk_service unreachable (http://risk_service:8040/health) → All connection attempts failed
2025-10-18 01:57:23 | INFO | monitoring_service | ✅ auth_service is UP (http://auth_service:8018/health) [0.001s]
2025-10-18 01:57:56 | INFO | monitoring_service | ✅ data_service is UP (http://data_service:8080/health) [0.002s]
2025-10-18 01:57:56 | INFO | monitoring_service | ✅ strategy_service is UP (http://strategy_service:8020/health) [0.002s]
2025-10-18 01:57:56 | ERROR | monitoring_service | ❌ execution_service unreachable (http://execution_service:8030/health) → All connection attempts failed
2025-10-18 01:57:56 | ERROR | monitoring_service | ❌ risk_service unreachable (http://risk_service:8040/health) → All connection attempts failed
2025-10-18 01:57:56 | INFO | monitoring_service | ✅ auth_service is UP (http://auth_service:8018/health) [0.001s]
2025-10-18 01:58:30 | INFO | monitoring_service | ✅ data_service is UP (http://data_service:8080/health) [0.002s]
2025-10-18 01:58:30 | INFO | monitoring_service | ✅ strategy_service is UP (http://strategy_service:8020/health) [0.002s]
2025-10-18 01:58:30 | ERROR | monitoring_service | ❌ execution_service unreachable (http://execution_service:8030/health) → All connection attempts failed
2025-10-18 01:58:30 | ERROR | monitoring_service | ❌ risk_service unreachable (http://risk_service:8040/health) → All connection attempts failed
2025-10-18 01:58:30 | INFO | monitoring_service | ✅ auth_service is UP (http://auth_service:8018/health) [0.002s]
2025-10-18 01:59:03 | INFO | monitoring_service | ✅ data_service is UP (http://data_service:8080/health) [0.003s]
2025-10-18 01:59:03 | INFO | monitoring_service | ✅ strategy_service is UP (http://strategy_service:8020/health) [0.002s]
2025-10-18 01:59:03 | ERROR | monitoring_service | ❌ execution_service unreachable (http://execution_service:8030/health) → All connection attempts failed
2025-10-18 01:59:03 | ERROR | monitoring_service | ❌ risk_service unreachable (http://risk_service:8040/health) → All connection attempts failed
2025-10-18 01:59:03 | INFO | monitoring_service | ✅ auth_service is UP (http://auth_service:8018/health) [0.003s]
2025-10-18 01:59:37 | INFO | monitoring_service | ✅ data_service is UP (http://data_service:8080/health) [0.002s]
2025-10-18 01:59:37 | INFO | monitoring_service | ✅ strategy_service is UP (http://strategy_service:8020/health) [0.002s]
2025-10-18 01:59:37 | ERROR | monitoring_service | ❌ execution_service unreachable (http://execution_service:8030/health) → All connection attempts failed
2025-10-18 01:59:37 | ERROR | monitoring_service | ❌ risk_service unreachable (http://risk_service:8040/health) → All connection attempts failed
2025-10-18 01:59:37 | INFO | monitoring_service | ✅ auth_service is UP (http://auth_service:8018/health) [0.002s]
2025-10-18 02:00:10 | INFO | monitoring_service | ✅ data_service is UP (http://data_service:8080/health) [0.003s]
2025-10-18 02:00:10 | INFO | monitoring_service | ✅ strategy_service is UP (http://strategy_service:8020/health) [0.004s]
2025-10-18 02:00:10 | ERROR | monitoring_service | ❌ execution_service unreachable (http://execution_service:8030/health) → All connection attempts failed
2025-10-18 02:00:10 | ERROR | monitoring_service | ❌ risk_service unreachable (http://risk_service:8040/health) → All connection attempts failed
2025-10-18 02:00:10 | INFO | monitoring_service | ✅ auth_service is UP (http://auth_service:8018/health) [0.002s]
2025-10-18 02:00:43 | INFO | monitoring_service | ✅ data_service is UP (http://data_service:8080/health) [0.002s]
2025-10-18 02:00:43 | INFO | monitoring_service | ✅ strategy_service is UP (http://strategy_service:8020/health) [0.002s]
2025-10-18 02:00:43 | ERROR | monitoring_service | ❌ execution_service unreachable (http://execution_service:8030/health) → All connection attempts failed
2025-10-18 02:00:43 | ERROR | monitoring_service | ❌ risk_service unreachable (http://risk_service:8040/health) → All connection attempts failed
2025-10-18 02:00:43 | INFO | monitoring_service | ✅ auth_service is UP (http://auth_service:8018/health) [0.002s]
2025-10-18 02:01:17 | INFO | monitoring_service | ✅ data_service is UP (http://data_service:8080/health) [0.002s]
2025-10-18 02:01:17 | INFO | monitoring_service | ✅ strategy_service is UP (http://strategy_service:8020/health) [0.002s]
2025-10-18 02:01:17 | ERROR | monitoring_service | ❌ execution_service unreachable (http://execution_service:8030/health) → All connection attempts failed
2025-10-18 02:01:17 | ERROR | monitoring_service | ❌ risk_service unreachable (http://risk_service:8040/health) → All connection attempts failed
2025-10-18 02:01:17 | INFO | monitoring_service | ✅ auth_service is UP (http://auth_service:8018/health) [0.002s]
2025-10-18 02:01:50 | INFO | monitoring_service | ✅ data_service is UP (http://data_service:8080/health) [0.003s]
2025-10-18 02:01:50 | INFO | monitoring_service | ✅ strategy_service is UP (http://strategy_service:8020/health) [0.002s]
2025-10-18 02:01:50 | ERROR | monitoring_service | ❌ execution_service unreachable (http://execution_service:8030/health) → All connection attempts failed
2025-10-18 02:01:50 | ERROR | monitoring_service | ❌ risk_service unreachable (http://risk_service:8040/health) → All connection attempts failed
2025-10-18 02:01:50 | INFO | monitoring_service | ✅ auth_service is UP (http://auth_service:8018/health) [0.002s]
2025-10-18 02:02:23 | INFO | monitoring_service | ✅ data_service is UP (http://data_service:8080/health) [0.002s]
2025-10-18 02:02:23 | INFO | monitoring_service | ✅ strategy_service is UP (http://strategy_service:8020/health) [0.002s]
2025-10-18 02:02:23 | ERROR | monitoring_service | ❌ execution_service unreachable (http://execution_service:8030/health) → All connection attempts failed
2025-10-18 02:02:23 | ERROR | monitoring_service | ❌ risk_service unreachable (http://risk_service:8040/health) → All connection attempts failed
2025-10-18 02:02:23 | INFO | monitoring_service | ✅ auth_service is UP (http://auth_service:8018/health) [0.002s]
2025-10-18 02:02:57 | INFO | monitoring_service | ✅ data_service is UP (http://data_service:8080/health) [0.002s]
2025-10-18 02:02:57 | INFO | monitoring_service | ✅ strategy_service is UP (http://strategy_service:8020/health) [0.002s]
2025-10-18 02:02:57 | ERROR | monitoring_service | ❌ execution_service unreachable (http://execution_service:8030/health) → All connection attempts failed
2025-10-18 02:02:57 | ERROR | monitoring_service | ❌ risk_service unreachable (http://risk_service:8040/health) → All connection attempts failed
2025-10-18 02:02:57 | INFO | monitoring_service | ✅ auth_service is UP (http://auth_service:8018/health) [0.002s]
2025-10-18 02:03:30 | INFO | monitoring_service | ✅ data_service is UP (http://data_service:8080/health) [0.002s]
2025-10-18 02:03:30 | INFO | monitoring_service | ✅ strategy_service is UP (http://strategy_service:8020/health) [0.002s]
2025-10-18 02:03:30 | ERROR | monitoring_service | ❌ execution_service unreachable (http://execution_service:8030/health) → All connection attempts failed
2025-10-18 02:03:30 | ERROR | monitoring_service | ❌ risk_service unreachable (http://risk_service:8040/health) → All connection attempts failed
2025-10-18 02:03:30 | INFO | monitoring_service | ✅ auth_service is UP (http://auth_service:8018/health) [0.002s]
2025-10-18 02:04:03 | INFO | monitoring_service | ✅ data_service is UP (http://data_service:8080/health) [0.002s]
2025-10-18 02:04:03 | INFO | monitoring_service | ✅ strategy_service is UP (http://strategy_service:8020/health) [0.002s]
2025-10-18 02:04:03 | ERROR | monitoring_service | ❌ execution_service unreachable (http://execution_service:8030/health) → All connection attempts failed
2025-10-18 02:04:03 | ERROR | monitoring_service | ❌ risk_service unreachable (http://risk_service:8040/health) → All connection attempts failed
2025-10-18 02:04:03 | INFO | monitoring_service | ✅ auth_service is UP (http://auth_service:8018/health) [0.002s]
2025-10-18 02:04:37 | INFO | monitoring_service | ✅ data_service is UP (http://data_service:8080/health) [0.002s]
2025-10-18 02:04:37 | INFO | monitoring_service | ✅ strategy_service is UP (http://strategy_service:8020/health) [0.003s]
2025-10-18 02:04:37 | ERROR | monitoring_service | ❌ execution_service unreachable (http://execution_service:8030/health) → All connection attempts failed
2025-10-18 02:04:37 | ERROR | monitoring_service | ❌ risk_service unreachable (http://risk_service:8040/health) → All connection attempts failed
2025-10-18 02:04:37 | INFO | monitoring_service | ✅ auth_service is UP (http://auth_service:8018/health) [0.002s]
2025-10-18 02:05:10 | INFO | monitoring_service | ✅ data_service is UP (http://data_service:8080/health) [0.003s]
2025-10-18 02:05:10 | INFO | monitoring_service | ✅ strategy_service is UP (http://strategy_service:8020/health) [0.002s]
2025-10-18 02:05:10 | ERROR | monitoring_service | ❌ execution_service unreachable (http://execution_service:8030/health) → All connection attempts failed
2025-10-18 02:05:10 | ERROR | monitoring_service | ❌ risk_service unreachable (http://risk_service:8040/health) → All connection attempts failed
2025-10-18 02:05:10 | INFO | monitoring_service | ✅ auth_service is UP (http://auth_service:8018/health) [0.002s]
2025-10-18 02:05:43 | INFO | monitoring_service | ✅ data_service is UP (http://data_service:8080/health) [0.002s]
2025-10-18 02:05:43 | INFO | monitoring_service | ✅ strategy_service is UP (http://strategy_service:8020/health) [0.002s]
2025-10-18 02:05:43 | ERROR | monitoring_service | ❌ execution_service unreachable (http://execution_service:8030/health) → All connection attempts failed
2025-10-18 02:05:43 | ERROR | monitoring_service | ❌ risk_service unreachable (http://risk_service:8040/health) → All connection attempts failed
2025-10-18 02:05:43 | INFO | monitoring_service | ✅ auth_service is UP (http://auth_service:8018/health) [0.002s]
2025-10-18 02:06:17 | INFO | monitoring_service | ✅ data_service is UP (http://data_service:8080/health) [0.003s]
2025-10-18 02:06:17 | INFO | monitoring_service | ✅ strategy_service is UP (http://strategy_service:8020/health) [0.002s]
2025-10-18 02:06:17 | ERROR | monitoring_service | ❌ execution_service unreachable (http://execution_service:8030/health) → All connection attempts failed
2025-10-18 02:06:17 | ERROR | monitoring_service | ❌ risk_service unreachable (http://risk_service:8040/health) → All connection attempts failed
2025-10-18 02:06:17 | INFO | monitoring_service | ✅ auth_service is UP (http://auth_service:8018/health) [0.002s]
2025-10-18 02:06:50 | INFO | monitoring_service | ✅ data_service is UP (http://data_service:8080/health) [0.002s]
2025-10-18 02:06:50 | INFO | monitoring_service | ✅ strategy_service is UP (http://strategy_service:8020/health) [0.002s]
2025-10-18 02:06:50 | ERROR | monitoring_service | ❌ execution_service unreachable (http://execution_service:8030/health) → All connection attempts failed
2025-10-18 02:06:50 | ERROR | monitoring_service | ❌ risk_service unreachable (http://risk_service:8040/health) → All connection attempts failed
2025-10-18 02:06:50 | INFO | monitoring_service | ✅ auth_service is UP (http://auth_service:8018/health) [0.002s]
2025-10-18 02:07:24 | INFO | monitoring_service | ✅ data_service is UP (http://data_service:8080/health) [0.002s]
2025-10-18 02:07:24 | INFO | monitoring_service | ✅ strategy_service is UP (http://strategy_service:8020/health) [0.002s]
2025-10-18 02:07:24 | ERROR | monitoring_service | ❌ execution_service unreachable (http://execution_service:8030/health) → All connection attempts failed
2025-10-18 02:07:24 | ERROR | monitoring_service | ❌ risk_service unreachable (http://risk_service:8040/health) → All connection attempts failed
2025-10-18 02:07:24 | INFO | monitoring_service | ✅ auth_service is UP (http://auth_service:8018/health) [0.002s]
2025-10-18 02:07:57 | INFO | monitoring_service | ✅ data_service is UP (http://data_service:8080/health) [0.004s]
2025-10-18 02:07:57 | INFO | monitoring_service | ✅ strategy_service is UP (http://strategy_service:8020/health) [0.002s]
2025-10-18 02:07:57 | ERROR | monitoring_service | ❌ execution_service unreachable (http://execution_service:8030/health) → All connection attempts failed
2025-10-18 02:07:57 | ERROR | monitoring_service | ❌ risk_service unreachable (http://risk_service:8040/health) → All connection attempts failed
2025-10-18 02:07:57 | INFO | monitoring_service | ✅ auth_service is UP (http://auth_service:8018/health) [0.002s]
2025-10-18 02:08:30 | INFO | monitoring_service | ✅ data_service is UP (http://data_service:8080/health) [0.004s]
2025-10-18 02:08:30 | INFO | monitoring_service | ✅ strategy_service is UP (http://strategy_service:8020/health) [0.002s]
2025-10-18 02:08:30 | ERROR | monitoring_service | ❌ execution_service unreachable (http://execution_service:8030/health) → All connection attempts failed
2025-10-18 02:08:30 | ERROR | monitoring_service | ❌ risk_service unreachable (http://risk_service:8040/health) → All connection attempts failed
2025-10-18 02:08:30 | INFO | monitoring_service | ✅ auth_service is UP (http://auth_service:8018/health) [0.002s]
2025-10-18 02:09:04 | INFO | monitoring_service | ✅ data_service is UP (http://data_service:8080/health) [0.002s]
2025-10-18 02:09:04 | INFO | monitoring_service | ✅ strategy_service is UP (http://strategy_service:8020/health) [0.002s]
2025-10-18 02:09:04 | ERROR | monitoring_service | ❌ execution_service unreachable (http://execution_service:8030/health) → All connection attempts failed
2025-10-18 02:09:04 | ERROR | monitoring_service | ❌ risk_service unreachable (http://risk_service:8040/health) → All connection attempts failed
2025-10-18 02:09:04 | INFO | monitoring_service | ✅ auth_service is UP (http://auth_service:8018/health) [0.002s]
2025-10-18 02:09:37 | INFO | monitoring_service | ✅ data_service is UP (http://data_service:8080/health) [0.002s]
2025-10-18 02:09:37 | INFO | monitoring_service | ✅ strategy_service is UP (http://strategy_service:8020/health) [0.002s]
2025-10-18 02:09:37 | ERROR | monitoring_service | ❌ execution_service unreachable (http://execution_service:8030/health) → All connection attempts failed
2025-10-18 02:09:37 | ERROR | monitoring_service | ❌ risk_service unreachable (http://risk_service:8040/health) → All connection attempts failed
2025-10-18 02:09:37 | INFO | monitoring_service | ✅ auth_service is UP (http://auth_service:8018/health) [0.002s]
2025-10-18 02:10:10 | INFO | monitoring_service | ✅ data_service is UP (http://data_service:8080/health) [0.002s]
2025-10-18 02:10:10 | INFO | monitoring_service | ✅ strategy_service is UP (http://strategy_service:8020/health) [0.002s]
2025-10-18 02:10:10 | ERROR | monitoring_service | ❌ execution_service unreachable (http://execution_service:8030/health) → All connection attempts failed
2025-10-18 02:10:10 | ERROR | monitoring_service | ❌ risk_service unreachable (http://risk_service:8040/health) → All connection attempts failed
2025-10-18 02:10:10 | INFO | monitoring_service | ✅ auth_service is UP (http://auth_service:8018/health) [0.001s]
2025-10-18 02:10:44 | INFO | monitoring_service | ✅ data_service is UP (http://data_service:8080/health) [0.003s]
2025-10-18 02:10:44 | INFO | monitoring_service | ✅ strategy_service is UP (http://strategy_service:8020/health) [0.002s]
2025-10-18 02:10:44 | ERROR | monitoring_service | ❌ execution_service unreachable (http://execution_service:8030/health) → All connection attempts failed
2025-10-18 02:10:44 | ERROR | monitoring_service | ❌ risk_service unreachable (http://risk_service:8040/health) → All connection attempts failed
2025-10-18 02:10:44 | INFO | monitoring_service | ✅ auth_service is UP (http://auth_service:8018/health) [0.002s]
2025-10-18 02:11:17 | INFO | monitoring_service | ✅ data_service is UP (http://data_service:8080/health) [0.002s]
2025-10-18 02:11:17 | INFO | monitoring_service | ✅ strategy_service is UP (http://strategy_service:8020/health) [0.002s]
2025-10-18 02:11:17 | ERROR | monitoring_service | ❌ execution_service unreachable (http://execution_service:8030/health) → All connection attempts failed
2025-10-18 02:11:17 | ERROR | monitoring_service | ❌ risk_service unreachable (http://risk_service:8040/health) → All connection attempts failed
2025-10-18 02:11:17 | INFO | monitoring_service | ✅ auth_service is UP (http://auth_service:8018/health) [0.002s]
2025-10-18 02:11:50 | INFO | monitoring_service | ✅ data_service is UP (http://data_service:8080/health) [0.002s]
2025-10-18 02:11:50 | INFO | monitoring_service | ✅ strategy_service is UP (http://strategy_service:8020/health) [0.002s]
2025-10-18 02:11:50 | ERROR | monitoring_service | ❌ execution_service unreachable (http://execution_service:8030/health) → All connection attempts failed
2025-10-18 02:11:50 | ERROR | monitoring_service | ❌ risk_service unreachable (http://risk_service:8040/health) → All connection attempts failed
2025-10-18 02:11:50 | INFO | monitoring_service | ✅ auth_service is UP (http://auth_service:8018/health) [0.002s]
2025-10-18 02:12:24 | INFO | monitoring_service | ✅ data_service is UP (http://data_service:8080/health) [0.002s]
2025-10-18 02:12:24 | INFO | monitoring_service | ✅ strategy_service is UP (http://strategy_service:8020/health) [0.002s]
2025-10-18 02:12:24 | ERROR | monitoring_service | ❌ execution_service unreachable (http://execution_service:8030/health) → All connection attempts failed
2025-10-18 02:12:24 | ERROR | monitoring_service | ❌ risk_service unreachable (http://risk_service:8040/health) → All connection attempts failed
2025-10-18 02:12:24 | INFO | monitoring_service | ✅ auth_service is UP (http://auth_service:8018/health) [0.002s]
2025-10-18 02:12:57 | INFO | monitoring_service | ✅ data_service is UP (http://data_service:8080/health) [0.002s]
2025-10-18 02:12:57 | INFO | monitoring_service | ✅ strategy_service is UP (http://strategy_service:8020/health) [0.003s]
2025-10-18 02:12:57 | ERROR | monitoring_service | ❌ execution_service unreachable (http://execution_service:8030/health) → All connection attempts failed
2025-10-18 02:12:57 | ERROR | monitoring_service | ❌ risk_service unreachable (http://risk_service:8040/health) → All connection attempts failed
2025-10-18 02:12:57 | INFO | monitoring_service | ✅ auth_service is UP (http://auth_service:8018/health) [0.003s]
2025-10-18 02:13:30 | INFO | monitoring_service | ✅ data_service is UP (http://data_service:8080/health) [0.003s]
2025-10-18 02:13:30 | INFO | monitoring_service | ✅ strategy_service is UP (http://strategy_service:8020/health) [0.002s]
2025-10-18 02:13:30 | ERROR | monitoring_service | ❌ execution_service unreachable (http://execution_service:8030/health) → All connection attempts failed
2025-10-18 02:13:30 | ERROR | monitoring_service | ❌ risk_service unreachable (http://risk_service:8040/health) → All connection attempts failed
2025-10-18 02:13:30 | INFO | monitoring_service | ✅ auth_service is UP (http://auth_service:8018/health) [0.002s]
2025-10-18 02:14:04 | INFO | monitoring_service | ✅ data_service is UP (http://data_service:8080/health) [0.002s]
2025-10-18 02:14:04 | INFO | monitoring_service | ✅ strategy_service is UP (http://strategy_service:8020/health) [0.002s]
2025-10-18 02:14:04 | ERROR | monitoring_service | ❌ execution_service unreachable (http://execution_service:8030/health) → All connection attempts failed
2025-10-18 02:14:04 | ERROR | monitoring_service | ❌ risk_service unreachable (http://risk_service:8040/health) → All connection attempts failed
2025-10-18 02:14:04 | INFO | monitoring_service | ✅ auth_service is UP (http://auth_service:8018/health) [0.001s]
2025-10-18 02:14:37 | INFO | monitoring_service | ✅ data_service is UP (http://data_service:8080/health) [0.002s]
2025-10-18 02:14:37 | INFO | monitoring_service | ✅ strategy_service is UP (http://strategy_service:8020/health) [0.002s]
2025-10-18 02:14:37 | ERROR | monitoring_service | ❌ execution_service unreachable (http://execution_service:8030/health) → All connection attempts failed
2025-10-18 02:14:37 | ERROR | monitoring_service | ❌ risk_service unreachable (http://risk_service:8040/health) → All connection attempts failed
2025-10-18 02:14:37 | INFO | monitoring_service | ✅ auth_service is UP (http://auth_service:8018/health) [0.002s]
2025-10-18 02:15:10 | INFO | monitoring_service | ✅ data_service is UP (http://data_service:8080/health) [0.002s]
2025-10-18 02:15:10 | INFO | monitoring_service | ✅ strategy_service is UP (http://strategy_service:8020/health) [0.003s]
2025-10-18 02:15:10 | ERROR | monitoring_service | ❌ execution_service unreachable (http://execution_service:8030/health) → All connection attempts failed
2025-10-18 02:15:10 | ERROR | monitoring_service | ❌ risk_service unreachable (http://risk_service:8040/health) → All connection attempts failed
2025-10-18 02:15:10 | INFO | monitoring_service | ✅ auth_service is UP (http://auth_service:8018/health) [0.001s]
2025-10-18 02:15:44 | INFO | monitoring_service | ✅ data_service is UP (http://data_service:8080/health) [0.002s]
2025-10-18 02:15:44 | INFO | monitoring_service | ✅ strategy_service is UP (http://strategy_service:8020/health) [0.002s]
2025-10-18 02:15:44 | ERROR | monitoring_service | ❌ execution_service unreachable (http://execution_service:8030/health) → All connection attempts failed
2025-10-18 02:15:44 | ERROR | monitoring_service | ❌ risk_service unreachable (http://risk_service:8040/health) → All connection attempts failed
2025-10-18 02:15:44 | INFO | monitoring_service | ✅ auth_service is UP (http://auth_service:8018/health) [0.002s]
2025-10-18 02:16:17 | INFO | monitoring_service | ✅ data_service is UP (http://data_service:8080/health) [0.002s]
2025-10-18 02:16:17 | INFO | monitoring_service | ✅ strategy_service is UP (http://strategy_service:8020/health) [0.002s]
2025-10-18 02:16:17 | ERROR | monitoring_service | ❌ execution_service unreachable (http://execution_service:8030/health) → All connection attempts failed
2025-10-18 02:16:17 | ERROR | monitoring_service | ❌ risk_service unreachable (http://risk_service:8040/health) → All connection attempts failed
2025-10-18 02:16:17 | INFO | monitoring_service | ✅ auth_service is UP (http://auth_service:8018/health) [0.003s]
2025-10-18 02:16:50 | INFO | monitoring_service | ✅ data_service is UP (http://data_service:8080/health) [0.004s]
2025-10-18 02:16:50 | INFO | monitoring_service | ✅ strategy_service is UP (http://strategy_service:8020/health) [0.003s]
2025-10-18 02:16:50 | ERROR | monitoring_service | ❌ execution_service unreachable (http://execution_service:8030/health) → All connection attempts failed
2025-10-18 02:16:50 | ERROR | monitoring_service | ❌ risk_service unreachable (http://risk_service:8040/health) → All connection attempts failed
2025-10-18 02:16:50 | INFO | monitoring_service | ✅ auth_service is UP (http://auth_service:8018/health) [0.002s]
2025-10-18 02:17:24 | INFO | monitoring_service | ✅ data_service is UP (http://data_service:8080/health) [0.002s]
2025-10-18 02:17:24 | INFO | monitoring_service | ✅ strategy_service is UP (http://strategy_service:8020/health) [0.004s]
2025-10-18 02:17:24 | ERROR | monitoring_service | ❌ execution_service unreachable (http://execution_service:8030/health) → All connection attempts failed
2025-10-18 02:17:24 | ERROR | monitoring_service | ❌ risk_service unreachable (http://risk_service:8040/health) → All connection attempts failed
2025-10-18 02:17:24 | INFO | monitoring_service | ✅ auth_service is UP (http://auth_service:8018/health) [0.001s]
2025-10-18 02:17:57 | INFO | monitoring_service | ✅ data_service is UP (http://data_service:8080/health) [0.002s]
2025-10-18 02:17:57 | INFO | monitoring_service | ✅ strategy_service is UP (http://strategy_service:8020/health) [0.002s]
2025-10-18 02:17:57 | ERROR | monitoring_service | ❌ execution_service unreachable (http://execution_service:8030/health) → All connection attempts failed
2025-10-18 02:17:57 | ERROR | monitoring_service | ❌ risk_service unreachable (http://risk_service:8040/health) → All connection attempts failed
2025-10-18 02:17:57 | INFO | monitoring_service | ✅ auth_service is UP (http://auth_service:8018/health) [0.001s]
2025-10-18 02:18:30 | INFO | monitoring_service | ✅ data_service is UP (http://data_service:8080/health) [0.002s]
2025-10-18 02:18:30 | INFO | monitoring_service | ✅ strategy_service is UP (http://strategy_service:8020/health) [0.002s]
2025-10-18 02:18:30 | ERROR | monitoring_service | ❌ execution_service unreachable (http://execution_service:8030/health) → All connection attempts failed
2025-10-18 02:18:30 | ERROR | monitoring_service | ❌ risk_service unreachable (http://risk_service:8040/health) → All connection attempts failed
2025-10-18 02:18:30 | INFO | monitoring_service | ✅ auth_service is UP (http://auth_service:8018/health) [0.001s]
2025-10-18 02:19:04 | INFO | monitoring_service | ✅ data_service is UP (http://data_service:8080/health) [0.002s]
2025-10-18 02:19:04 | INFO | monitoring_service | ✅ strategy_service is UP (http://strategy_service:8020/health) [0.002s]
2025-10-18 02:19:04 | ERROR | monitoring_service | ❌ execution_service unreachable (http://execution_service:8030/health) → All connection attempts failed
2025-10-18 02:19:04 | ERROR | monitoring_service | ❌ risk_service unreachable (http://risk_service:8040/health) → All connection attempts failed
2025-10-18 02:19:04 | INFO | monitoring_service | ✅ auth_service is UP (http://auth_service:8018/health) [0.002s]
2025-10-18 02:19:37 | INFO | monitoring_service | ✅ data_service is UP (http://data_service:8080/health) [0.002s]
2025-10-18 02:19:37 | INFO | monitoring_service | ✅ strategy_service is UP (http://strategy_service:8020/health) [0.002s]
2025-10-18 02:19:37 | ERROR | monitoring_service | ❌ execution_service unreachable (http://execution_service:8030/health) → All connection attempts failed
2025-10-18 02:19:37 | ERROR | monitoring_service | ❌ risk_service unreachable (http://risk_service:8040/health) → All connection attempts failed
2025-10-18 02:19:40 | ERROR | monitoring_service | ❌ auth_service unreachable (http://auth_service:8018/health) → 
2025-10-18 02:20:14 | INFO | monitoring_service | ✅ data_service is UP (http://data_service:8080/health) [0.003s]
2025-10-18 02:20:14 | INFO | monitoring_service | ✅ strategy_service is UP (http://strategy_service:8020/health) [0.002s]
2025-10-18 02:20:14 | ERROR | monitoring_service | ❌ execution_service unreachable (http://execution_service:8030/health) → All connection attempts failed
2025-10-18 02:20:14 | ERROR | monitoring_service | ❌ risk_service unreachable (http://risk_service:8040/health) → All connection attempts failed
2025-10-18 02:20:17 | ERROR | monitoring_service | ❌ auth_service unreachable (http://auth_service:8018/health) → 
2025-10-18 02:20:50 | INFO | monitoring_service | ✅ data_service is UP (http://data_service:8080/health) [0.002s]
2025-10-18 02:20:50 | INFO | monitoring_service | ✅ strategy_service is UP (http://strategy_service:8020/health) [0.003s]
2025-10-18 02:20:50 | ERROR | monitoring_service | ❌ execution_service unreachable (http://execution_service:8030/health) → All connection attempts failed
2025-10-18 02:20:50 | ERROR | monitoring_service | ❌ risk_service unreachable (http://risk_service:8040/health) → All connection attempts failed
2025-10-18 02:20:53 | ERROR | monitoring_service | ❌ auth_service unreachable (http://auth_service:8018/health) → 
2025-10-18 02:21:26 | INFO | monitoring_service | ✅ data_service is UP (http://data_service:8080/health) [0.003s]
2025-10-18 02:21:26 | INFO | monitoring_service | ✅ strategy_service is UP (http://strategy_service:8020/health) [0.003s]
2025-10-18 02:21:26 | ERROR | monitoring_service | ❌ execution_service unreachable (http://execution_service:8030/health) → All connection attempts failed
2025-10-18 02:21:26 | ERROR | monitoring_service | ❌ risk_service unreachable (http://risk_service:8040/health) → All connection attempts failed
2025-10-18 02:21:26 | ERROR | monitoring_service | ❌ auth_service unreachable (http://auth_service:8018/health) → All connection attempts failed
2025-10-18 02:22:00 | INFO | monitoring_service | ✅ data_service is UP (http://data_service:8080/health) [0.003s]
2025-10-18 02:22:00 | INFO | monitoring_service | ✅ strategy_service is UP (http://strategy_service:8020/health) [0.002s]
2025-10-18 02:22:00 | ERROR | monitoring_service | ❌ execution_service unreachable (http://execution_service:8030/health) → All connection attempts failed
2025-10-18 02:22:00 | ERROR | monitoring_service | ❌ risk_service unreachable (http://risk_service:8040/health) → All connection attempts failed
2025-10-18 02:22:00 | ERROR | monitoring_service | ❌ auth_service unreachable (http://auth_service:8018/health) → All connection attempts failed
2025-10-18 02:22:33 | INFO | monitoring_service | ✅ data_service is UP (http://data_service:8080/health) [0.002s]
2025-10-18 02:22:33 | INFO | monitoring_service | ✅ strategy_service is UP (http://strategy_service:8020/health) [0.002s]
2025-10-18 02:22:33 | ERROR | monitoring_service | ❌ execution_service unreachable (http://execution_service:8030/health) → All connection attempts failed
2025-10-18 02:22:33 | ERROR | monitoring_service | ❌ risk_service unreachable (http://risk_service:8040/health) → All connection attempts failed
2025-10-18 02:22:33 | ERROR | monitoring_service | ❌ auth_service unreachable (http://auth_service:8018/health) → All connection attempts failed
2025-10-18 02:23:06 | INFO | monitoring_service | ✅ data_service is UP (http://data_service:8080/health) [0.002s]
2025-10-18 02:23:06 | INFO | monitoring_service | ✅ strategy_service is UP (http://strategy_service:8020/health) [0.002s]
2025-10-18 02:23:06 | ERROR | monitoring_service | ❌ execution_service unreachable (http://execution_service:8030/health) → All connection attempts failed
2025-10-18 02:23:06 | ERROR | monitoring_service | ❌ risk_service unreachable (http://risk_service:8040/health) → All connection attempts failed
2025-10-18 02:23:06 | ERROR | monitoring_service | ❌ auth_service unreachable (http://auth_service:8018/health) → All connection attempts failed
2025-10-18 02:23:40 | INFO | monitoring_service | ✅ data_service is UP (http://data_service:8080/health) [0.002s]
2025-10-18 02:23:40 | INFO | monitoring_service | ✅ strategy_service is UP (http://strategy_service:8020/health) [0.002s]
2025-10-18 02:23:40 | ERROR | monitoring_service | ❌ execution_service unreachable (http://execution_service:8030/health) → All connection attempts failed
2025-10-18 02:23:40 | ERROR | monitoring_service | ❌ risk_service unreachable (http://risk_service:8040/health) → All connection attempts failed
2025-10-18 02:23:40 | ERROR | monitoring_service | ❌ auth_service unreachable (http://auth_service:8018/health) → All connection attempts failed
2025-10-18 02:24:12 | INFO | monitoring_service | ✅ data_service is UP (http://data_service:8080/health) [0.002s]
2025-10-18 02:24:12 | INFO | monitoring_service | ✅ strategy_service is UP (http://strategy_service:8020/health) [0.002s]
2025-10-18 02:24:12 | ERROR | monitoring_service | ❌ execution_service unreachable (http://execution_service:8030/health) → All connection attempts failed
2025-10-18 02:24:12 | ERROR | monitoring_service | ❌ risk_service unreachable (http://risk_service:8040/health) → All connection attempts failed
2025-10-18 02:24:12 | ERROR | monitoring_service | ❌ auth_service unreachable (http://auth_service:8018/health) → All connection attempts failed
2025-10-18 02:24:43 | INFO | monitoring_service | ✅ data_service is UP (http://data_service:8080/health) [0.002s]
2025-10-18 02:24:43 | INFO | monitoring_service | ✅ strategy_service is UP (http://strategy_service:8020/health) [0.002s]
2025-10-18 02:24:43 | ERROR | monitoring_service | ❌ execution_service unreachable (http://execution_service:8030/health) → All connection attempts failed
2025-10-18 02:24:43 | ERROR | monitoring_service | ❌ risk_service unreachable (http://risk_service:8040/health) → All connection attempts failed
2025-10-18 02:24:43 | ERROR | monitoring_service | ❌ auth_service unreachable (http://auth_service:8018/health) → All connection attempts failed
2025-10-18 02:25:15 | INFO | monitoring_service | ✅ data_service is UP (http://data_service:8080/health) [0.002s]
2025-10-18 02:25:15 | INFO | monitoring_service | ✅ strategy_service is UP (http://strategy_service:8020/health) [0.002s]
2025-10-18 02:25:15 | ERROR | monitoring_service | ❌ execution_service unreachable (http://execution_service:8030/health) → All connection attempts failed
2025-10-18 02:25:15 | ERROR | monitoring_service | ❌ risk_service unreachable (http://risk_service:8040/health) → All connection attempts failed
2025-10-18 02:25:15 | ERROR | monitoring_service | ❌ auth_service unreachable (http://auth_service:8018/health) → All connection attempts failed
2025-10-18 02:25:46 | INFO | monitoring_service | ✅ data_service is UP (http://data_service:8080/health) [0.003s]
2025-10-18 02:25:46 | INFO | monitoring_service | ✅ strategy_service is UP (http://strategy_service:8020/health) [0.004s]
2025-10-18 02:25:46 | ERROR | monitoring_service | ❌ execution_service unreachable (http://execution_service:8030/health) → All connection attempts failed
2025-10-18 02:25:46 | ERROR | monitoring_service | ❌ risk_service unreachable (http://risk_service:8040/health) → All connection attempts failed
2025-10-18 02:25:46 | ERROR | monitoring_service | ❌ auth_service unreachable (http://auth_service:8018/health) → All connection attempts failed
2025-10-18 02:26:17 | INFO | monitoring_service | ✅ data_service is UP (http://data_service:8080/health) [0.003s]
2025-10-18 02:26:17 | INFO | monitoring_service | ✅ strategy_service is UP (http://strategy_service:8020/health) [0.002s]
2025-10-18 02:26:17 | ERROR | monitoring_service | ❌ execution_service unreachable (http://execution_service:8030/health) → All connection attempts failed
2025-10-18 02:26:17 | ERROR | monitoring_service | ❌ risk_service unreachable (http://risk_service:8040/health) → All connection attempts failed
2025-10-18 02:26:17 | ERROR | monitoring_service | ❌ auth_service unreachable (http://auth_service:8018/health) → All connection attempts failed
2025-10-18 02:26:48 | INFO | monitoring_service | ✅ data_service is UP (http://data_service:8080/health) [0.004s]
2025-10-18 02:26:48 | INFO | monitoring_service | ✅ strategy_service is UP (http://strategy_service:8020/health) [0.003s]
2025-10-18 02:26:48 | ERROR | monitoring_service | ❌ execution_service unreachable (http://execution_service:8030/health) → All connection attempts failed
2025-10-18 02:26:48 | ERROR | monitoring_service | ❌ risk_service unreachable (http://risk_service:8040/health) → All connection attempts failed
2025-10-18 02:26:48 | ERROR | monitoring_service | ❌ auth_service unreachable (http://auth_service:8018/health) → All connection attempts failed
2025-10-18 02:27:19 | INFO | monitoring_service | ✅ data_service is UP (http://data_service:8080/health) [0.003s]
2025-10-18 02:27:19 | INFO | monitoring_service | ✅ strategy_service is UP (http://strategy_service:8020/health) [0.002s]
2025-10-18 02:27:19 | ERROR | monitoring_service | ❌ execution_service unreachable (http://execution_service:8030/health) → All connection attempts failed
2025-10-18 02:27:19 | ERROR | monitoring_service | ❌ risk_service unreachable (http://risk_service:8040/health) → All connection attempts failed
2025-10-18 02:27:19 | ERROR | monitoring_service | ❌ auth_service unreachable (http://auth_service:8018/health) → All connection attempts failed
2025-10-18 02:27:50 | INFO | monitoring_service | ✅ data_service is UP (http://data_service:8080/health) [0.004s]
2025-10-18 02:27:50 | INFO | monitoring_service | ✅ strategy_service is UP (http://strategy_service:8020/health) [0.004s]
2025-10-18 02:27:50 | ERROR | monitoring_service | ❌ execution_service unreachable (http://execution_service:8030/health) → All connection attempts failed
2025-10-18 02:27:50 | ERROR | monitoring_service | ❌ risk_service unreachable (http://risk_service:8040/health) → All connection attempts failed
2025-10-18 02:27:50 | ERROR | monitoring_service | ❌ auth_service unreachable (http://auth_service:8018/health) → All connection attempts failed
2025-10-18 02:28:20 | INFO | monitoring_service | ✅ data_service is UP (http://data_service:8080/health) [0.002s]
2025-10-18 02:28:20 | INFO | monitoring_service | ✅ strategy_service is UP (http://strategy_service:8020/health) [0.002s]
2025-10-18 02:28:21 | ERROR | monitoring_service | ❌ execution_service unreachable (http://execution_service:8030/health) → All connection attempts failed
2025-10-18 02:28:21 | ERROR | monitoring_service | ❌ risk_service unreachable (http://risk_service:8040/health) → All connection attempts failed
2025-10-18 02:28:21 | ERROR | monitoring_service | ❌ auth_service unreachable (http://auth_service:8018/health) → All connection attempts failed
2025-10-18 02:28:51 | INFO | monitoring_service | ✅ data_service is UP (http://data_service:8080/health) [0.003s]
2025-10-18 02:28:51 | INFO | monitoring_service | ✅ strategy_service is UP (http://strategy_service:8020/health) [0.003s]
2025-10-18 02:28:51 | ERROR | monitoring_service | ❌ execution_service unreachable (http://execution_service:8030/health) → All connection attempts failed
2025-10-18 02:28:51 | ERROR | monitoring_service | ❌ risk_service unreachable (http://risk_service:8040/health) → All connection attempts failed
2025-10-18 02:28:51 | ERROR | monitoring_service | ❌ auth_service unreachable (http://auth_service:8018/health) → All connection attempts failed
2025-10-18 02:29:22 | INFO | monitoring_service | ✅ data_service is UP (http://data_service:8080/health) [0.002s]
2025-10-18 02:29:22 | INFO | monitoring_service | ✅ strategy_service is UP (http://strategy_service:8020/health) [0.002s]
2025-10-18 02:29:22 | ERROR | monitoring_service | ❌ execution_service unreachable (http://execution_service:8030/health) → All connection attempts failed
2025-10-18 02:29:22 | ERROR | monitoring_service | ❌ risk_service unreachable (http://risk_service:8040/health) → All connection attempts failed
2025-10-18 02:29:22 | ERROR | monitoring_service | ❌ auth_service unreachable (http://auth_service:8018/health) → All connection attempts failed
2025-10-18 02:29:53 | INFO | monitoring_service | ✅ data_service is UP (http://data_service:8080/health) [0.003s]
2025-10-18 02:29:53 | INFO | monitoring_service | ✅ strategy_service is UP (http://strategy_service:8020/health) [0.002s]
2025-10-18 02:29:53 | ERROR | monitoring_service | ❌ execution_service unreachable (http://execution_service:8030/health) → All connection attempts failed
2025-10-18 02:29:53 | ERROR | monitoring_service | ❌ risk_service unreachable (http://risk_service:8040/health) → All connection attempts failed
2025-10-18 02:29:53 | ERROR | monitoring_service | ❌ auth_service unreachable (http://auth_service:8018/health) → All connection attempts failed
2025-10-18 02:30:23 | INFO | monitoring_service | ✅ data_service is UP (http://data_service:8080/health) [0.002s]
2025-10-18 02:30:23 | INFO | monitoring_service | ✅ strategy_service is UP (http://strategy_service:8020/health) [0.003s]
2025-10-18 02:30:23 | ERROR | monitoring_service | ❌ execution_service unreachable (http://execution_service:8030/health) → All connection attempts failed
2025-10-18 02:30:24 | ERROR | monitoring_service | ❌ risk_service unreachable (http://risk_service:8040/health) → All connection attempts failed
2025-10-18 02:30:24 | ERROR | monitoring_service | ❌ auth_service unreachable (http://auth_service:8018/health) → All connection attempts failed
2025-10-18 02:30:54 | INFO | monitoring_service | ✅ data_service is UP (http://data_service:8080/health) [0.004s]
2025-10-18 02:30:54 | INFO | monitoring_service | ✅ strategy_service is UP (http://strategy_service:8020/health) [0.003s]
2025-10-18 02:30:54 | ERROR | monitoring_service | ❌ execution_service unreachable (http://execution_service:8030/health) → All connection attempts failed
2025-10-18 02:30:54 | ERROR | monitoring_service | ❌ risk_service unreachable (http://risk_service:8040/health) → All connection attempts failed
2025-10-18 02:30:57 | ERROR | monitoring_service | ❌ auth_service unreachable (http://auth_service:8018/health) → 
2025-10-18 02:31:28 | INFO | monitoring_service | ✅ data_service is UP (http://data_service:8080/health) [0.003s]
2025-10-18 02:31:28 | INFO | monitoring_service | ✅ strategy_service is UP (http://strategy_service:8020/health) [0.002s]
2025-10-18 02:31:28 | ERROR | monitoring_service | ❌ execution_service unreachable (http://execution_service:8030/health) → All connection attempts failed
2025-10-18 02:31:28 | ERROR | monitoring_service | ❌ risk_service unreachable (http://risk_service:8040/health) → All connection attempts failed
2025-10-18 02:31:31 | ERROR | monitoring_service | ❌ auth_service unreachable (http://auth_service:8018/health) → 
2025-10-18 02:32:02 | INFO | monitoring_service | ✅ data_service is UP (http://data_service:8080/health) [0.002s]
2025-10-18 02:32:02 | INFO | monitoring_service | ✅ strategy_service is UP (http://strategy_service:8020/health) [0.002s]
2025-10-18 02:32:02 | ERROR | monitoring_service | ❌ execution_service unreachable (http://execution_service:8030/health) → All connection attempts failed
2025-10-18 02:32:02 | ERROR | monitoring_service | ❌ risk_service unreachable (http://risk_service:8040/health) → All connection attempts failed
2025-10-18 02:32:02 | WARNING | monitoring_service | ⚠️ auth_service DOWN (404)
2025-10-18 02:32:32 | INFO | monitoring_service | ✅ data_service is UP (http://data_service:8080/health) [0.003s]
2025-10-18 02:32:32 | INFO | monitoring_service | ✅ strategy_service is UP (http://strategy_service:8020/health) [0.002s]
2025-10-18 02:32:32 | ERROR | monitoring_service | ❌ execution_service unreachable (http://execution_service:8030/health) → All connection attempts failed
2025-10-18 02:32:32 | ERROR | monitoring_service | ❌ risk_service unreachable (http://risk_service:8040/health) → All connection attempts failed
2025-10-18 02:32:32 | WARNING | monitoring_service | ⚠️ auth_service DOWN (404)
2025-10-18 02:33:03 | INFO | monitoring_service | ✅ data_service is UP (http://data_service:8080/health) [0.002s]
2025-10-18 02:33:03 | INFO | monitoring_service | ✅ strategy_service is UP (http://strategy_service:8020/health) [0.002s]
2025-10-18 02:33:03 | ERROR | monitoring_service | ❌ execution_service unreachable (http://execution_service:8030/health) → All connection attempts failed
2025-10-18 02:33:03 | ERROR | monitoring_service | ❌ risk_service unreachable (http://risk_service:8040/health) → All connection attempts failed
2025-10-18 02:33:03 | WARNING | monitoring_service | ⚠️ auth_service DOWN (404)
2025-10-18 02:33:34 | INFO | monitoring_service | ✅ data_service is UP (http://data_service:8080/health) [0.002s]
2025-10-18 02:33:34 | INFO | monitoring_service | ✅ strategy_service is UP (http://strategy_service:8020/health) [0.002s]
2025-10-18 02:33:34 | ERROR | monitoring_service | ❌ execution_service unreachable (http://execution_service:8030/health) → All connection attempts failed
2025-10-18 02:33:34 | ERROR | monitoring_service | ❌ risk_service unreachable (http://risk_service:8040/health) → All connection attempts failed
2025-10-18 02:33:34 | WARNING | monitoring_service | ⚠️ auth_service DOWN (404)
2025-10-18 02:34:04 | INFO | monitoring_service | ✅ data_service is UP (http://data_service:8080/health) [0.002s]
2025-10-18 02:34:04 | INFO | monitoring_service | ✅ strategy_service is UP (http://strategy_service:8020/health) [0.002s]
2025-10-18 02:34:04 | ERROR | monitoring_service | ❌ execution_service unreachable (http://execution_service:8030/health) → All connection attempts failed
2025-10-18 02:34:04 | ERROR | monitoring_service | ❌ risk_service unreachable (http://risk_service:8040/health) → All connection attempts failed
2025-10-18 02:34:04 | WARNING | monitoring_service | ⚠️ auth_service DOWN (404)
2025-10-18 02:34:35 | INFO | monitoring_service | ✅ data_service is UP (http://data_service:8080/health) [0.003s]
2025-10-18 02:34:35 | INFO | monitoring_service | ✅ strategy_service is UP (http://strategy_service:8020/health) [0.002s]
2025-10-18 02:34:35 | ERROR | monitoring_service | ❌ execution_service unreachable (http://execution_service:8030/health) → All connection attempts failed
2025-10-18 02:34:35 | ERROR | monitoring_service | ❌ risk_service unreachable (http://risk_service:8040/health) → All connection attempts failed
2025-10-18 02:34:35 | WARNING | monitoring_service | ⚠️ auth_service DOWN (404)
2025-10-18 02:35:06 | INFO | monitoring_service | ✅ data_service is UP (http://data_service:8080/health) [0.002s]
2025-10-18 02:35:06 | INFO | monitoring_service | ✅ strategy_service is UP (http://strategy_service:8020/health) [0.002s]
2025-10-18 02:35:06 | ERROR | monitoring_service | ❌ execution_service unreachable (http://execution_service:8030/health) → All connection attempts failed
2025-10-18 02:35:06 | ERROR | monitoring_service | ❌ risk_service unreachable (http://risk_service:8040/health) → All connection attempts failed
2025-10-18 02:35:06 | WARNING | monitoring_service | ⚠️ auth_service DOWN (404)
2025-10-18 02:35:36 | INFO | monitoring_service | ✅ data_service is UP (http://data_service:8080/health) [0.002s]
2025-10-18 02:35:36 | INFO | monitoring_service | ✅ strategy_service is UP (http://strategy_service:8020/health) [0.002s]
2025-10-18 02:35:36 | ERROR | monitoring_service | ❌ execution_service unreachable (http://execution_service:8030/health) → All connection attempts failed
2025-10-18 02:35:36 | ERROR | monitoring_service | ❌ risk_service unreachable (http://risk_service:8040/health) → All connection attempts failed
2025-10-18 02:35:36 | WARNING | monitoring_service | ⚠️ auth_service DOWN (404)
2025-10-18 02:36:07 | INFO | monitoring_service | ✅ data_service is UP (http://data_service:8080/health) [0.002s]
2025-10-18 02:36:07 | INFO | monitoring_service | ✅ strategy_service is UP (http://strategy_service:8020/health) [0.002s]
2025-10-18 02:36:07 | ERROR | monitoring_service | ❌ execution_service unreachable (http://execution_service:8030/health) → All connection attempts failed
2025-10-18 02:36:07 | ERROR | monitoring_service | ❌ risk_service unreachable (http://risk_service:8040/health) → All connection attempts failed
2025-10-18 02:36:07 | WARNING | monitoring_service | ⚠️ auth_service DOWN (404)
2025-10-18 02:36:38 | INFO | monitoring_service | ✅ data_service is UP (http://data_service:8080/health) [0.003s]
2025-10-18 02:36:38 | INFO | monitoring_service | ✅ strategy_service is UP (http://strategy_service:8020/health) [0.003s]
2025-10-18 02:36:38 | ERROR | monitoring_service | ❌ execution_service unreachable (http://execution_service:8030/health) → All connection attempts failed
2025-10-18 02:36:38 | ERROR | monitoring_service | ❌ risk_service unreachable (http://risk_service:8040/health) → All connection attempts failed
2025-10-18 02:36:38 | WARNING | monitoring_service | ⚠️ auth_service DOWN (404)
2025-10-18 02:37:08 | INFO | monitoring_service | ✅ data_service is UP (http://data_service:8080/health) [0.002s]
2025-10-18 02:37:08 | INFO | monitoring_service | ✅ strategy_service is UP (http://strategy_service:8020/health) [0.002s]
2025-10-18 02:37:08 | ERROR | monitoring_service | ❌ execution_service unreachable (http://execution_service:8030/health) → All connection attempts failed
2025-10-18 02:37:08 | ERROR | monitoring_service | ❌ risk_service unreachable (http://risk_service:8040/health) → All connection attempts failed
2025-10-18 02:37:08 | WARNING | monitoring_service | ⚠️ auth_service DOWN (404)
2025-10-18 02:37:39 | INFO | monitoring_service | ✅ data_service is UP (http://data_service:8080/health) [0.003s]
2025-10-18 02:37:39 | INFO | monitoring_service | ✅ strategy_service is UP (http://strategy_service:8020/health) [0.002s]
2025-10-18 02:37:39 | ERROR | monitoring_service | ❌ execution_service unreachable (http://execution_service:8030/health) → All connection attempts failed
2025-10-18 02:37:39 | ERROR | monitoring_service | ❌ risk_service unreachable (http://risk_service:8040/health) → All connection attempts failed
2025-10-18 02:37:39 | WARNING | monitoring_service | ⚠️ auth_service DOWN (404)
2025-10-18 02:38:10 | INFO | monitoring_service | ✅ data_service is UP (http://data_service:8080/health) [0.003s]
2025-10-18 02:38:10 | INFO | monitoring_service | ✅ strategy_service is UP (http://strategy_service:8020/health) [0.002s]
2025-10-18 02:38:10 | ERROR | monitoring_service | ❌ execution_service unreachable (http://execution_service:8030/health) → All connection attempts failed
2025-10-18 02:38:10 | ERROR | monitoring_service | ❌ risk_service unreachable (http://risk_service:8040/health) → All connection attempts failed
2025-10-18 02:38:10 | WARNING | monitoring_service | ⚠️ auth_service DOWN (404)
2025-10-18 02:38:40 | INFO | monitoring_service | ✅ data_service is UP (http://data_service:8080/health) [0.002s]
2025-10-18 02:38:40 | INFO | monitoring_service | ✅ strategy_service is UP (http://strategy_service:8020/health) [0.002s]
2025-10-18 02:38:40 | ERROR | monitoring_service | ❌ execution_service unreachable (http://execution_service:8030/health) → All connection attempts failed
2025-10-18 02:38:40 | ERROR | monitoring_service | ❌ risk_service unreachable (http://risk_service:8040/health) → All connection attempts failed
2025-10-18 02:38:40 | WARNING | monitoring_service | ⚠️ auth_service DOWN (404)
2025-10-18 02:39:11 | INFO | monitoring_service | ✅ data_service is UP (http://data_service:8080/health) [0.002s]
2025-10-18 02:39:11 | INFO | monitoring_service | ✅ strategy_service is UP (http://strategy_service:8020/health) [0.002s]
2025-10-18 02:39:11 | ERROR | monitoring_service | ❌ execution_service unreachable (http://execution_service:8030/health) → All connection attempts failed
2025-10-18 02:39:11 | ERROR | monitoring_service | ❌ risk_service unreachable (http://risk_service:8040/health) → All connection attempts failed
2025-10-18 02:39:11 | WARNING | monitoring_service | ⚠️ auth_service DOWN (404)
2025-10-18 02:39:42 | INFO | monitoring_service | ✅ data_service is UP (http://data_service:8080/health) [0.002s]
2025-10-18 02:39:42 | INFO | monitoring_service | ✅ strategy_service is UP (http://strategy_service:8020/health) [0.002s]
2025-10-18 02:39:42 | ERROR | monitoring_service | ❌ execution_service unreachable (http://execution_service:8030/health) → All connection attempts failed
2025-10-18 02:39:42 | ERROR | monitoring_service | ❌ risk_service unreachable (http://risk_service:8040/health) → All connection attempts failed
2025-10-18 02:39:42 | WARNING | monitoring_service | ⚠️ auth_service DOWN (404)
2025-10-18 02:40:12 | INFO | monitoring_service | ✅ data_service is UP (http://data_service:8080/health) [0.002s]
2025-10-18 02:40:12 | INFO | monitoring_service | ✅ strategy_service is UP (http://strategy_service:8020/health) [0.002s]
2025-10-18 02:40:12 | ERROR | monitoring_service | ❌ execution_service unreachable (http://execution_service:8030/health) → All connection attempts failed
2025-10-18 02:40:12 | ERROR | monitoring_service | ❌ risk_service unreachable (http://risk_service:8040/health) → All connection attempts failed
2025-10-18 02:40:12 | WARNING | monitoring_service | ⚠️ auth_service DOWN (404)
2025-10-18 02:40:43 | INFO | monitoring_service | ✅ data_service is UP (http://data_service:8080/health) [0.004s]
2025-10-18 02:40:43 | INFO | monitoring_service | ✅ strategy_service is UP (http://strategy_service:8020/health) [0.002s]
2025-10-18 02:40:43 | ERROR | monitoring_service | ❌ execution_service unreachable (http://execution_service:8030/health) → All connection attempts failed
2025-10-18 02:40:43 | ERROR | monitoring_service | ❌ risk_service unreachable (http://risk_service:8040/health) → All connection attempts failed
2025-10-18 02:40:43 | WARNING | monitoring_service | ⚠️ auth_service DOWN (404)
2025-10-18 02:41:14 | INFO | monitoring_service | ✅ data_service is UP (http://data_service:8080/health) [0.003s]
2025-10-18 02:41:14 | INFO | monitoring_service | ✅ strategy_service is UP (http://strategy_service:8020/health) [0.002s]
2025-10-18 02:41:14 | ERROR | monitoring_service | ❌ execution_service unreachable (http://execution_service:8030/health) → All connection attempts failed
2025-10-18 02:41:14 | ERROR | monitoring_service | ❌ risk_service unreachable (http://risk_service:8040/health) → All connection attempts failed
2025-10-18 02:41:14 | WARNING | monitoring_service | ⚠️ auth_service DOWN (404)
2025-10-18 02:41:44 | INFO | monitoring_service | ✅ data_service is UP (http://data_service:8080/health) [0.004s]
2025-10-18 02:41:44 | INFO | monitoring_service | ✅ strategy_service is UP (http://strategy_service:8020/health) [0.003s]
2025-10-18 02:41:44 | ERROR | monitoring_service | ❌ execution_service unreachable (http://execution_service:8030/health) → All connection attempts failed
2025-10-18 02:41:44 | ERROR | monitoring_service | ❌ risk_service unreachable (http://risk_service:8040/health) → All connection attempts failed
2025-10-18 02:41:44 | WARNING | monitoring_service | ⚠️ auth_service DOWN (404)
2025-10-18 02:42:15 | INFO | monitoring_service | ✅ data_service is UP (http://data_service:8080/health) [0.002s]
2025-10-18 02:42:15 | INFO | monitoring_service | ✅ strategy_service is UP (http://strategy_service:8020/health) [0.002s]
2025-10-18 02:42:15 | ERROR | monitoring_service | ❌ execution_service unreachable (http://execution_service:8030/health) → All connection attempts failed
2025-10-18 02:42:15 | ERROR | monitoring_service | ❌ risk_service unreachable (http://risk_service:8040/health) → All connection attempts failed
2025-10-18 02:42:15 | WARNING | monitoring_service | ⚠️ auth_service DOWN (404)
2025-10-18 02:42:46 | INFO | monitoring_service | ✅ data_service is UP (http://data_service:8080/health) [0.003s]
2025-10-18 02:42:46 | INFO | monitoring_service | ✅ strategy_service is UP (http://strategy_service:8020/health) [0.002s]
2025-10-18 02:42:46 | ERROR | monitoring_service | ❌ execution_service unreachable (http://execution_service:8030/health) → All connection attempts failed
2025-10-18 02:42:46 | ERROR | monitoring_service | ❌ risk_service unreachable (http://risk_service:8040/health) → All connection attempts failed
2025-10-18 02:42:46 | WARNING | monitoring_service | ⚠️ auth_service DOWN (404)
2025-10-18 02:43:16 | INFO | monitoring_service | ✅ data_service is UP (http://data_service:8080/health) [0.003s]
2025-10-18 02:43:16 | INFO | monitoring_service | ✅ strategy_service is UP (http://strategy_service:8020/health) [0.002s]
2025-10-18 02:43:16 | ERROR | monitoring_service | ❌ execution_service unreachable (http://execution_service:8030/health) → All connection attempts failed
2025-10-18 02:43:16 | ERROR | monitoring_service | ❌ risk_service unreachable (http://risk_service:8040/health) → All connection attempts failed
2025-10-18 02:43:16 | WARNING | monitoring_service | ⚠️ auth_service DOWN (404)
2025-10-18 02:43:47 | INFO | monitoring_service | ✅ data_service is UP (http://data_service:8080/health) [0.003s]
2025-10-18 02:43:47 | INFO | monitoring_service | ✅ strategy_service is UP (http://strategy_service:8020/health) [0.002s]
2025-10-18 02:43:47 | ERROR | monitoring_service | ❌ execution_service unreachable (http://execution_service:8030/health) → All connection attempts failed
2025-10-18 02:43:47 | ERROR | monitoring_service | ❌ risk_service unreachable (http://risk_service:8040/health) → All connection attempts failed
2025-10-18 02:43:47 | WARNING | monitoring_service | ⚠️ auth_service DOWN (404)
2025-10-18 02:44:17 | INFO | monitoring_service | ✅ data_service is UP (http://data_service:8080/health) [0.002s]
2025-10-18 02:44:17 | INFO | monitoring_service | ✅ strategy_service is UP (http://strategy_service:8020/health) [0.002s]
2025-10-18 02:44:17 | ERROR | monitoring_service | ❌ execution_service unreachable (http://execution_service:8030/health) → All connection attempts failed
2025-10-18 02:44:17 | ERROR | monitoring_service | ❌ risk_service unreachable (http://risk_service:8040/health) → All connection attempts failed
2025-10-18 02:44:17 | WARNING | monitoring_service | ⚠️ auth_service DOWN (404)
2025-10-18 02:44:48 | INFO | monitoring_service | ✅ data_service is UP (http://data_service:8080/health) [0.002s]
2025-10-18 02:44:48 | INFO | monitoring_service | ✅ strategy_service is UP (http://strategy_service:8020/health) [0.002s]
2025-10-18 02:44:48 | ERROR | monitoring_service | ❌ execution_service unreachable (http://execution_service:8030/health) → All connection attempts failed
2025-10-18 02:44:48 | ERROR | monitoring_service | ❌ risk_service unreachable (http://risk_service:8040/health) → All connection attempts failed
2025-10-18 02:44:48 | WARNING | monitoring_service | ⚠️ auth_service DOWN (404)
2025-10-18 02:45:18 | INFO | monitoring_service | ✅ data_service is UP (http://data_service:8080/health) [0.003s]
2025-10-18 02:45:18 | INFO | monitoring_service | ✅ strategy_service is UP (http://strategy_service:8020/health) [0.004s]
2025-10-18 02:45:18 | ERROR | monitoring_service | ❌ execution_service unreachable (http://execution_service:8030/health) → All connection attempts failed
2025-10-18 02:45:18 | ERROR | monitoring_service | ❌ risk_service unreachable (http://risk_service:8040/health) → All connection attempts failed
2025-10-18 02:45:18 | WARNING | monitoring_service | ⚠️ auth_service DOWN (404)
2025-10-18 02:45:48 | INFO | monitoring_service | ✅ data_service is UP (http://data_service:8080/health) [0.004s]
2025-10-18 02:45:48 | INFO | monitoring_service | ✅ strategy_service is UP (http://strategy_service:8020/health) [0.002s]
2025-10-18 02:45:48 | ERROR | monitoring_service | ❌ execution_service unreachable (http://execution_service:8030/health) → All connection attempts failed
2025-10-18 02:45:48 | ERROR | monitoring_service | ❌ risk_service unreachable (http://risk_service:8040/health) → All connection attempts failed
2025-10-18 02:45:48 | WARNING | monitoring_service | ⚠️ auth_service DOWN (404)
2025-10-18 02:46:18 | INFO | monitoring_service | ✅ data_service is UP (http://data_service:8080/health) [0.003s]
2025-10-18 02:46:18 | INFO | monitoring_service | ✅ strategy_service is UP (http://strategy_service:8020/health) [0.002s]
2025-10-18 02:46:18 | ERROR | monitoring_service | ❌ execution_service unreachable (http://execution_service:8030/health) → All connection attempts failed
2025-10-18 02:46:18 | ERROR | monitoring_service | ❌ risk_service unreachable (http://risk_service:8040/health) → All connection attempts failed
2025-10-18 02:46:18 | WARNING | monitoring_service | ⚠️ auth_service DOWN (404)
2025-10-18 02:46:48 | INFO | monitoring_service | ✅ data_service is UP (http://data_service:8080/health) [0.002s]
2025-10-18 02:46:48 | INFO | monitoring_service | ✅ strategy_service is UP (http://strategy_service:8020/health) [0.004s]
2025-10-18 02:46:48 | ERROR | monitoring_service | ❌ execution_service unreachable (http://execution_service:8030/health) → All connection attempts failed
2025-10-18 02:46:48 | ERROR | monitoring_service | ❌ risk_service unreachable (http://risk_service:8040/health) → All connection attempts failed
2025-10-18 02:46:48 | WARNING | monitoring_service | ⚠️ auth_service DOWN (404)
2025-10-18 02:47:18 | INFO | monitoring_service | ✅ data_service is UP (http://data_service:8080/health) [0.003s]
2025-10-18 02:47:18 | INFO | monitoring_service | ✅ strategy_service is UP (http://strategy_service:8020/health) [0.004s]
2025-10-18 02:47:18 | ERROR | monitoring_service | ❌ execution_service unreachable (http://execution_service:8030/health) → All connection attempts failed
2025-10-18 02:47:18 | ERROR | monitoring_service | ❌ risk_service unreachable (http://risk_service:8040/health) → All connection attempts failed
2025-10-18 02:47:18 | WARNING | monitoring_service | ⚠️ auth_service DOWN (404)
2025-10-18 02:47:49 | INFO | monitoring_service | ✅ data_service is UP (http://data_service:8080/health) [0.002s]
2025-10-18 02:47:49 | INFO | monitoring_service | ✅ strategy_service is UP (http://strategy_service:8020/health) [0.002s]
2025-10-18 02:47:49 | ERROR | monitoring_service | ❌ execution_service unreachable (http://execution_service:8030/health) → All connection attempts failed
2025-10-18 02:47:49 | ERROR | monitoring_service | ❌ risk_service unreachable (http://risk_service:8040/health) → All connection attempts failed
2025-10-18 02:47:49 | WARNING | monitoring_service | ⚠️ auth_service DOWN (404)
2025-10-18 02:48:19 | INFO | monitoring_service | ✅ data_service is UP (http://data_service:8080/health) [0.002s]
2025-10-18 02:48:19 | INFO | monitoring_service | ✅ strategy_service is UP (http://strategy_service:8020/health) [0.002s]
2025-10-18 02:48:19 | ERROR | monitoring_service | ❌ execution_service unreachable (http://execution_service:8030/health) → All connection attempts failed
2025-10-18 02:48:19 | ERROR | monitoring_service | ❌ risk_service unreachable (http://risk_service:8040/health) → All connection attempts failed
2025-10-18 02:48:19 | WARNING | monitoring_service | ⚠️ auth_service DOWN (404)
2025-10-18 02:48:49 | INFO | monitoring_service | ✅ data_service is UP (http://data_service:8080/health) [0.002s]
2025-10-18 02:48:49 | INFO | monitoring_service | ✅ strategy_service is UP (http://strategy_service:8020/health) [0.002s]
2025-10-18 02:48:49 | ERROR | monitoring_service | ❌ execution_service unreachable (http://execution_service:8030/health) → All connection attempts failed
2025-10-18 02:48:49 | ERROR | monitoring_service | ❌ risk_service unreachable (http://risk_service:8040/health) → All connection attempts failed
2025-10-18 02:48:49 | WARNING | monitoring_service | ⚠️ auth_service DOWN (404)
2025-10-18 02:49:19 | INFO | monitoring_service | ✅ data_service is UP (http://data_service:8080/health) [0.003s]
2025-10-18 02:49:19 | INFO | monitoring_service | ✅ strategy_service is UP (http://strategy_service:8020/health) [0.002s]
2025-10-18 02:49:19 | ERROR | monitoring_service | ❌ execution_service unreachable (http://execution_service:8030/health) → All connection attempts failed
2025-10-18 02:49:19 | ERROR | monitoring_service | ❌ risk_service unreachable (http://risk_service:8040/health) → All connection attempts failed
2025-10-18 02:49:19 | WARNING | monitoring_service | ⚠️ auth_service DOWN (404)
2025-10-18 02:49:49 | INFO | monitoring_service | ✅ data_service is UP (http://data_service:8080/health) [0.004s]
2025-10-18 02:49:49 | INFO | monitoring_service | ✅ strategy_service is UP (http://strategy_service:8020/health) [0.003s]
2025-10-18 02:49:49 | ERROR | monitoring_service | ❌ execution_service unreachable (http://execution_service:8030/health) → All connection attempts failed
2025-10-18 02:49:49 | ERROR | monitoring_service | ❌ risk_service unreachable (http://risk_service:8040/health) → All connection attempts failed
2025-10-18 02:49:49 | WARNING | monitoring_service | ⚠️ auth_service DOWN (404)
2025-10-18 02:50:19 | INFO | monitoring_service | ✅ data_service is UP (http://data_service:8080/health) [0.002s]
2025-10-18 02:50:19 | INFO | monitoring_service | ✅ strategy_service is UP (http://strategy_service:8020/health) [0.002s]
2025-10-18 02:50:19 | ERROR | monitoring_service | ❌ execution_service unreachable (http://execution_service:8030/health) → All connection attempts failed
2025-10-18 02:50:19 | ERROR | monitoring_service | ❌ risk_service unreachable (http://risk_service:8040/health) → All connection attempts failed
2025-10-18 02:50:19 | WARNING | monitoring_service | ⚠️ auth_service DOWN (404)
2025-10-18 02:50:49 | INFO | monitoring_service | ✅ data_service is UP (http://data_service:8080/health) [0.003s]
2025-10-18 02:50:49 | INFO | monitoring_service | ✅ strategy_service is UP (http://strategy_service:8020/health) [0.002s]
2025-10-18 02:50:49 | ERROR | monitoring_service | ❌ execution_service unreachable (http://execution_service:8030/health) → All connection attempts failed
2025-10-18 02:50:49 | ERROR | monitoring_service | ❌ risk_service unreachable (http://risk_service:8040/health) → All connection attempts failed
2025-10-18 02:50:49 | WARNING | monitoring_service | ⚠️ auth_service DOWN (404)
2025-10-18 02:51:19 | INFO | monitoring_service | ✅ data_service is UP (http://data_service:8080/health) [0.002s]
2025-10-18 02:51:19 | INFO | monitoring_service | ✅ strategy_service is UP (http://strategy_service:8020/health) [0.002s]
2025-10-18 02:51:19 | ERROR | monitoring_service | ❌ execution_service unreachable (http://execution_service:8030/health) → All connection attempts failed
2025-10-18 02:51:19 | ERROR | monitoring_service | ❌ risk_service unreachable (http://risk_service:8040/health) → All connection attempts failed
2025-10-18 02:51:19 | WARNING | monitoring_service | ⚠️ auth_service DOWN (404)
2025-10-18 02:51:49 | INFO | monitoring_service | ✅ data_service is UP (http://data_service:8080/health) [0.002s]
2025-10-18 02:51:49 | INFO | monitoring_service | ✅ strategy_service is UP (http://strategy_service:8020/health) [0.002s]
2025-10-18 02:51:49 | ERROR | monitoring_service | ❌ execution_service unreachable (http://execution_service:8030/health) → All connection attempts failed
2025-10-18 02:51:49 | ERROR | monitoring_service | ❌ risk_service unreachable (http://risk_service:8040/health) → All connection attempts failed
2025-10-18 02:51:49 | WARNING | monitoring_service | ⚠️ auth_service DOWN (404)
2025-10-18 02:52:19 | INFO | monitoring_service | ✅ data_service is UP (http://data_service:8080/health) [0.002s]
2025-10-18 02:52:19 | INFO | monitoring_service | ✅ strategy_service is UP (http://strategy_service:8020/health) [0.002s]
2025-10-18 02:52:19 | ERROR | monitoring_service | ❌ execution_service unreachable (http://execution_service:8030/health) → All connection attempts failed
2025-10-18 02:52:19 | ERROR | monitoring_service | ❌ risk_service unreachable (http://risk_service:8040/health) → All connection attempts failed
2025-10-18 02:52:19 | WARNING | monitoring_service | ⚠️ auth_service DOWN (404)
2025-10-18 02:52:49 | INFO | monitoring_service | ✅ data_service is UP (http://data_service:8080/health) [0.004s]
2025-10-18 02:52:49 | INFO | monitoring_service | ✅ strategy_service is UP (http://strategy_service:8020/health) [0.003s]
2025-10-18 02:52:49 | ERROR | monitoring_service | ❌ execution_service unreachable (http://execution_service:8030/health) → All connection attempts failed
2025-10-18 02:52:49 | ERROR | monitoring_service | ❌ risk_service unreachable (http://risk_service:8040/health) → All connection attempts failed
2025-10-18 02:52:49 | WARNING | monitoring_service | ⚠️ auth_service DOWN (404)
2025-10-18 02:53:19 | INFO | monitoring_service | ✅ data_service is UP (http://data_service:8080/health) [0.003s]
2025-10-18 02:53:19 | INFO | monitoring_service | ✅ strategy_service is UP (http://strategy_service:8020/health) [0.003s]
2025-10-18 02:53:19 | ERROR | monitoring_service | ❌ execution_service unreachable (http://execution_service:8030/health) → All connection attempts failed
2025-10-18 02:53:19 | ERROR | monitoring_service | ❌ risk_service unreachable (http://risk_service:8040/health) → All connection attempts failed
2025-10-18 02:53:19 | WARNING | monitoring_service | ⚠️ auth_service DOWN (404)
2025-10-18 02:53:49 | INFO | monitoring_service | ✅ data_service is UP (http://data_service:8080/health) [0.003s]
2025-10-18 02:53:49 | INFO | monitoring_service | ✅ strategy_service is UP (http://strategy_service:8020/health) [0.003s]
2025-10-18 02:53:49 | ERROR | monitoring_service | ❌ execution_service unreachable (http://execution_service:8030/health) → All connection attempts failed
2025-10-18 02:53:49 | ERROR | monitoring_service | ❌ risk_service unreachable (http://risk_service:8040/health) → All connection attempts failed
2025-10-18 02:53:49 | WARNING | monitoring_service | ⚠️ auth_service DOWN (404)
2025-10-18 02:54:19 | INFO | monitoring_service | ✅ data_service is UP (http://data_service:8080/health) [0.002s]
2025-10-18 02:54:19 | INFO | monitoring_service | ✅ strategy_service is UP (http://strategy_service:8020/health) [0.002s]
2025-10-18 02:54:19 | ERROR | monitoring_service | ❌ execution_service unreachable (http://execution_service:8030/health) → All connection attempts failed
2025-10-18 02:54:19 | ERROR | monitoring_service | ❌ risk_service unreachable (http://risk_service:8040/health) → All connection attempts failed
2025-10-18 02:54:19 | WARNING | monitoring_service | ⚠️ auth_service DOWN (404)
2025-10-18 02:54:49 | INFO | monitoring_service | ✅ data_service is UP (http://data_service:8080/health) [0.004s]
2025-10-18 02:54:49 | INFO | monitoring_service | ✅ strategy_service is UP (http://strategy_service:8020/health) [0.002s]
2025-10-18 02:54:49 | ERROR | monitoring_service | ❌ execution_service unreachable (http://execution_service:8030/health) → All connection attempts failed
2025-10-18 02:54:49 | ERROR | monitoring_service | ❌ risk_service unreachable (http://risk_service:8040/health) → All connection attempts failed
2025-10-18 02:54:49 | WARNING | monitoring_service | ⚠️ auth_service DOWN (404)
2025-10-18 02:55:19 | INFO | monitoring_service | ✅ data_service is UP (http://data_service:8080/health) [0.003s]
2025-10-18 02:55:19 | INFO | monitoring_service | ✅ strategy_service is UP (http://strategy_service:8020/health) [0.003s]
2025-10-18 02:55:19 | ERROR | monitoring_service | ❌ execution_service unreachable (http://execution_service:8030/health) → All connection attempts failed
2025-10-18 02:55:19 | ERROR | monitoring_service | ❌ risk_service unreachable (http://risk_service:8040/health) → All connection attempts failed
2025-10-18 02:55:19 | WARNING | monitoring_service | ⚠️ auth_service DOWN (404)
2025-10-18 02:55:49 | INFO | monitoring_service | ✅ data_service is UP (http://data_service:8080/health) [0.003s]
2025-10-18 02:55:49 | INFO | monitoring_service | ✅ strategy_service is UP (http://strategy_service:8020/health) [0.002s]
2025-10-18 02:55:49 | ERROR | monitoring_service | ❌ execution_service unreachable (http://execution_service:8030/health) → All connection attempts failed
2025-10-18 02:55:49 | ERROR | monitoring_service | ❌ risk_service unreachable (http://risk_service:8040/health) → All connection attempts failed
2025-10-18 02:55:49 | WARNING | monitoring_service | ⚠️ auth_service DOWN (404)
2025-10-18 02:56:22 | ERROR | monitoring_service | ❌ data_service unreachable (http://data_service:8080/health) → 
2025-10-18 02:56:22 | INFO | monitoring_service | ✅ strategy_service is UP (http://strategy_service:8020/health) [0.002s]
2025-10-18 02:56:22 | ERROR | monitoring_service | ❌ execution_service unreachable (http://execution_service:8030/health) → All connection attempts failed
2025-10-18 02:56:22 | ERROR | monitoring_service | ❌ risk_service unreachable (http://risk_service:8040/health) → All connection attempts failed
2025-10-18 02:56:22 | ERROR | monitoring_service | ❌ auth_service unreachable (http://auth_service:8018/health) → All connection attempts failed
2025-10-18 02:56:52 | INFO | monitoring_service | ✅ data_service is UP (http://data_service:8080/health) [0.002s]
2025-10-18 02:56:52 | INFO | monitoring_service | ✅ strategy_service is UP (http://strategy_service:8020/health) [0.002s]
2025-10-18 02:56:52 | ERROR | monitoring_service | ❌ execution_service unreachable (http://execution_service:8030/health) → All connection attempts failed
2025-10-18 02:56:52 | ERROR | monitoring_service | ❌ risk_service unreachable (http://risk_service:8040/health) → All connection attempts failed
2025-10-18 02:56:55 | ERROR | monitoring_service | ❌ auth_service unreachable (http://auth_service:8018/health) → 
2025-10-18 02:57:25 | INFO | monitoring_service | ✅ data_service is UP (http://data_service:8080/health) [0.003s]
2025-10-18 02:57:25 | INFO | monitoring_service | ✅ strategy_service is UP (http://strategy_service:8020/health) [0.005s]
2025-10-18 02:57:25 | ERROR | monitoring_service | ❌ execution_service unreachable (http://execution_service:8030/health) → All connection attempts failed
2025-10-18 02:57:25 | ERROR | monitoring_service | ❌ risk_service unreachable (http://risk_service:8040/health) → All connection attempts failed
2025-10-18 02:57:28 | ERROR | monitoring_service | ❌ auth_service unreachable (http://auth_service:8018/health) → 
2025-10-18 02:57:58 | INFO | monitoring_service | ✅ data_service is UP (http://data_service:8080/health) [0.002s]
2025-10-18 02:57:58 | INFO | monitoring_service | ✅ strategy_service is UP (http://strategy_service:8020/health) [0.003s]
2025-10-18 02:57:58 | ERROR | monitoring_service | ❌ execution_service unreachable (http://execution_service:8030/health) → All connection attempts failed
2025-10-18 02:57:58 | ERROR | monitoring_service | ❌ risk_service unreachable (http://risk_service:8040/health) → All connection attempts failed
2025-10-18 02:58:01 | ERROR | monitoring_service | ❌ auth_service unreachable (http://auth_service:8018/health) → 
2025-10-18 02:58:31 | INFO | monitoring_service | ✅ data_service is UP (http://data_service:8080/health) [0.003s]
2025-10-18 02:58:31 | INFO | monitoring_service | ✅ strategy_service is UP (http://strategy_service:8020/health) [0.002s]
2025-10-18 02:58:31 | ERROR | monitoring_service | ❌ execution_service unreachable (http://execution_service:8030/health) → All connection attempts failed
2025-10-18 02:58:31 | ERROR | monitoring_service | ❌ risk_service unreachable (http://risk_service:8040/health) → All connection attempts failed
2025-10-18 02:58:31 | WARNING | monitoring_service | ⚠️ auth_service DOWN (404)
2025-10-18 02:59:01 | INFO | monitoring_service | ✅ data_service is UP (http://data_service:8080/health) [0.003s]
2025-10-18 02:59:01 | INFO | monitoring_service | ✅ strategy_service is UP (http://strategy_service:8020/health) [0.003s]
2025-10-18 02:59:01 | ERROR | monitoring_service | ❌ execution_service unreachable (http://execution_service:8030/health) → All connection attempts failed
2025-10-18 02:59:01 | ERROR | monitoring_service | ❌ risk_service unreachable (http://risk_service:8040/health) → All connection attempts failed
2025-10-18 02:59:01 | WARNING | monitoring_service | ⚠️ auth_service DOWN (404)
2025-10-18 02:59:31 | INFO | monitoring_service | ✅ data_service is UP (http://data_service:8080/health) [0.002s]
2025-10-18 02:59:31 | INFO | monitoring_service | ✅ strategy_service is UP (http://strategy_service:8020/health) [0.002s]
2025-10-18 02:59:31 | ERROR | monitoring_service | ❌ execution_service unreachable (http://execution_service:8030/health) → All connection attempts failed
2025-10-18 02:59:31 | ERROR | monitoring_service | ❌ risk_service unreachable (http://risk_service:8040/health) → All connection attempts failed
2025-10-18 02:59:31 | WARNING | monitoring_service | ⚠️ auth_service DOWN (404)
2025-10-18 03:00:01 | INFO | monitoring_service | ✅ data_service is UP (http://data_service:8080/health) [0.002s]
2025-10-18 03:00:01 | INFO | monitoring_service | ✅ strategy_service is UP (http://strategy_service:8020/health) [0.002s]
2025-10-18 03:00:01 | ERROR | monitoring_service | ❌ execution_service unreachable (http://execution_service:8030/health) → All connection attempts failed
2025-10-18 03:00:01 | ERROR | monitoring_service | ❌ risk_service unreachable (http://risk_service:8040/health) → All connection attempts failed
2025-10-18 03:00:01 | WARNING | monitoring_service | ⚠️ auth_service DOWN (404)
2025-10-18 03:00:31 | INFO | monitoring_service | ✅ data_service is UP (http://data_service:8080/health) [0.003s]
2025-10-18 03:00:31 | INFO | monitoring_service | ✅ strategy_service is UP (http://strategy_service:8020/health) [0.003s]
2025-10-18 03:00:31 | ERROR | monitoring_service | ❌ execution_service unreachable (http://execution_service:8030/health) → All connection attempts failed
2025-10-18 03:00:31 | ERROR | monitoring_service | ❌ risk_service unreachable (http://risk_service:8040/health) → All connection attempts failed
2025-10-18 03:00:31 | WARNING | monitoring_service | ⚠️ auth_service DOWN (404)
2025-10-18 03:01:01 | INFO | monitoring_service | ✅ data_service is UP (http://data_service:8080/health) [0.003s]
2025-10-18 03:01:01 | INFO | monitoring_service | ✅ strategy_service is UP (http://strategy_service:8020/health) [0.002s]
2025-10-18 03:01:01 | ERROR | monitoring_service | ❌ execution_service unreachable (http://execution_service:8030/health) → All connection attempts failed
2025-10-18 03:01:01 | ERROR | monitoring_service | ❌ risk_service unreachable (http://risk_service:8040/health) → All connection attempts failed
2025-10-18 03:01:01 | WARNING | monitoring_service | ⚠️ auth_service DOWN (404)
2025-10-18 03:01:31 | INFO | monitoring_service | ✅ data_service is UP (http://data_service:8080/health) [0.002s]
2025-10-18 03:01:31 | INFO | monitoring_service | ✅ strategy_service is UP (http://strategy_service:8020/health) [0.002s]
2025-10-18 03:01:31 | ERROR | monitoring_service | ❌ execution_service unreachable (http://execution_service:8030/health) → All connection attempts failed
2025-10-18 03:01:31 | ERROR | monitoring_service | ❌ risk_service unreachable (http://risk_service:8040/health) → All connection attempts failed
2025-10-18 03:01:31 | WARNING | monitoring_service | ⚠️ auth_service DOWN (404)
2025-10-18 03:02:01 | INFO | monitoring_service | ✅ data_service is UP (http://data_service:8080/health) [0.002s]
2025-10-18 03:02:01 | INFO | monitoring_service | ✅ strategy_service is UP (http://strategy_service:8020/health) [0.002s]
2025-10-18 03:02:01 | ERROR | monitoring_service | ❌ execution_service unreachable (http://execution_service:8030/health) → All connection attempts failed
2025-10-18 03:02:01 | ERROR | monitoring_service | ❌ risk_service unreachable (http://risk_service:8040/health) → All connection attempts failed
2025-10-18 03:02:01 | WARNING | monitoring_service | ⚠️ auth_service DOWN (404)
2025-10-18 03:02:31 | INFO | monitoring_service | ✅ data_service is UP (http://data_service:8080/health) [0.003s]
2025-10-18 03:02:31 | INFO | monitoring_service | ✅ strategy_service is UP (http://strategy_service:8020/health) [0.003s]
2025-10-18 03:02:31 | ERROR | monitoring_service | ❌ execution_service unreachable (http://execution_service:8030/health) → All connection attempts failed
2025-10-18 03:02:31 | ERROR | monitoring_service | ❌ risk_service unreachable (http://risk_service:8040/health) → All connection attempts failed
2025-10-18 03:02:31 | WARNING | monitoring_service | ⚠️ auth_service DOWN (404)
2025-10-18 03:03:01 | INFO | monitoring_service | ✅ data_service is UP (http://data_service:8080/health) [0.003s]
2025-10-18 03:03:01 | INFO | monitoring_service | ✅ strategy_service is UP (http://strategy_service:8020/health) [0.002s]
2025-10-18 03:03:01 | ERROR | monitoring_service | ❌ execution_service unreachable (http://execution_service:8030/health) → All connection attempts failed
2025-10-18 03:03:01 | ERROR | monitoring_service | ❌ risk_service unreachable (http://risk_service:8040/health) → All connection attempts failed
2025-10-18 03:03:01 | WARNING | monitoring_service | ⚠️ auth_service DOWN (404)
2025-10-18 03:03:31 | INFO | monitoring_service | ✅ data_service is UP (http://data_service:8080/health) [0.003s]
2025-10-18 03:03:31 | INFO | monitoring_service | ✅ strategy_service is UP (http://strategy_service:8020/health) [0.002s]
2025-10-18 03:03:31 | ERROR | monitoring_service | ❌ execution_service unreachable (http://execution_service:8030/health) → All connection attempts failed
2025-10-18 03:03:31 | ERROR | monitoring_service | ❌ risk_service unreachable (http://risk_service:8040/health) → All connection attempts failed
2025-10-18 03:03:31 | WARNING | monitoring_service | ⚠️ auth_service DOWN (404)
2025-10-18 03:04:01 | INFO | monitoring_service | ✅ data_service is UP (http://data_service:8080/health) [0.003s]
2025-10-18 03:04:01 | INFO | monitoring_service | ✅ strategy_service is UP (http://strategy_service:8020/health) [0.002s]
2025-10-18 03:04:01 | ERROR | monitoring_service | ❌ execution_service unreachable (http://execution_service:8030/health) → All connection attempts failed
2025-10-18 03:04:01 | ERROR | monitoring_service | ❌ risk_service unreachable (http://risk_service:8040/health) → All connection attempts failed
2025-10-18 03:04:01 | WARNING | monitoring_service | ⚠️ auth_service DOWN (404)
2025-10-18 03:04:31 | INFO | monitoring_service | ✅ data_service is UP (http://data_service:8080/health) [0.003s]
2025-10-18 03:04:31 | INFO | monitoring_service | ✅ strategy_service is UP (http://strategy_service:8020/health) [0.002s]
2025-10-18 03:04:31 | ERROR | monitoring_service | ❌ execution_service unreachable (http://execution_service:8030/health) → All connection attempts failed
2025-10-18 03:04:31 | ERROR | monitoring_service | ❌ risk_service unreachable (http://risk_service:8040/health) → All connection attempts failed
2025-10-18 03:04:31 | WARNING | monitoring_service | ⚠️ auth_service DOWN (404)
2025-10-18 03:05:01 | INFO | monitoring_service | ✅ data_service is UP (http://data_service:8080/health) [0.002s]
2025-10-18 03:05:01 | INFO | monitoring_service | ✅ strategy_service is UP (http://strategy_service:8020/health) [0.002s]
2025-10-18 03:05:01 | ERROR | monitoring_service | ❌ execution_service unreachable (http://execution_service:8030/health) → All connection attempts failed
2025-10-18 03:05:02 | ERROR | monitoring_service | ❌ risk_service unreachable (http://risk_service:8040/health) → All connection attempts failed
2025-10-18 03:05:02 | WARNING | monitoring_service | ⚠️ auth_service DOWN (404)
2025-10-18 03:05:32 | INFO | monitoring_service | ✅ data_service is UP (http://data_service:8080/health) [0.002s]
2025-10-18 03:05:32 | INFO | monitoring_service | ✅ strategy_service is UP (http://strategy_service:8020/health) [0.002s]
2025-10-18 03:05:32 | ERROR | monitoring_service | ❌ execution_service unreachable (http://execution_service:8030/health) → All connection attempts failed
2025-10-18 03:05:32 | ERROR | monitoring_service | ❌ risk_service unreachable (http://risk_service:8040/health) → All connection attempts failed
2025-10-18 03:05:32 | WARNING | monitoring_service | ⚠️ auth_service DOWN (404)
2025-10-18 03:06:02 | INFO | monitoring_service | ✅ data_service is UP (http://data_service:8080/health) [0.002s]
2025-10-18 03:06:02 | INFO | monitoring_service | ✅ strategy_service is UP (http://strategy_service:8020/health) [0.002s]
2025-10-18 03:06:02 | ERROR | monitoring_service | ❌ execution_service unreachable (http://execution_service:8030/health) → All connection attempts failed
2025-10-18 03:06:02 | ERROR | monitoring_service | ❌ risk_service unreachable (http://risk_service:8040/health) → All connection attempts failed
2025-10-18 03:06:02 | WARNING | monitoring_service | ⚠️ auth_service DOWN (404)
2025-10-18 03:06:32 | INFO | monitoring_service | ✅ data_service is UP (http://data_service:8080/health) [0.002s]
2025-10-18 03:06:32 | INFO | monitoring_service | ✅ strategy_service is UP (http://strategy_service:8020/health) [0.002s]
2025-10-18 03:06:32 | ERROR | monitoring_service | ❌ execution_service unreachable (http://execution_service:8030/health) → All connection attempts failed
2025-10-18 03:06:32 | ERROR | monitoring_service | ❌ risk_service unreachable (http://risk_service:8040/health) → All connection attempts failed
2025-10-18 03:06:32 | WARNING | monitoring_service | ⚠️ auth_service DOWN (404)
2025-10-18 03:07:02 | INFO | monitoring_service | ✅ data_service is UP (http://data_service:8080/health) [0.002s]
2025-10-18 03:07:02 | INFO | monitoring_service | ✅ strategy_service is UP (http://strategy_service:8020/health) [0.002s]
2025-10-18 03:07:02 | ERROR | monitoring_service | ❌ execution_service unreachable (http://execution_service:8030/health) → All connection attempts failed
2025-10-18 03:07:02 | ERROR | monitoring_service | ❌ risk_service unreachable (http://risk_service:8040/health) → All connection attempts failed
2025-10-18 03:07:02 | WARNING | monitoring_service | ⚠️ auth_service DOWN (404)
2025-10-18 03:07:32 | INFO | monitoring_service | ✅ data_service is UP (http://data_service:8080/health) [0.003s]
2025-10-18 03:07:32 | INFO | monitoring_service | ✅ strategy_service is UP (http://strategy_service:8020/health) [0.002s]
2025-10-18 03:07:32 | ERROR | monitoring_service | ❌ execution_service unreachable (http://execution_service:8030/health) → All connection attempts failed
2025-10-18 03:07:32 | ERROR | monitoring_service | ❌ risk_service unreachable (http://risk_service:8040/health) → All connection attempts failed
2025-10-18 03:07:32 | WARNING | monitoring_service | ⚠️ auth_service DOWN (404)
2025-10-18 03:08:02 | INFO | monitoring_service | ✅ data_service is UP (http://data_service:8080/health) [0.002s]
2025-10-18 03:08:02 | INFO | monitoring_service | ✅ strategy_service is UP (http://strategy_service:8020/health) [0.002s]
2025-10-18 03:08:02 | ERROR | monitoring_service | ❌ execution_service unreachable (http://execution_service:8030/health) → All connection attempts failed
2025-10-18 03:08:02 | ERROR | monitoring_service | ❌ risk_service unreachable (http://risk_service:8040/health) → All connection attempts failed
2025-10-18 03:08:02 | WARNING | monitoring_service | ⚠️ auth_service DOWN (404)
2025-10-18 03:08:32 | INFO | monitoring_service | ✅ data_service is UP (http://data_service:8080/health) [0.003s]
2025-10-18 03:08:32 | INFO | monitoring_service | ✅ strategy_service is UP (http://strategy_service:8020/health) [0.002s]
2025-10-18 03:08:32 | ERROR | monitoring_service | ❌ execution_service unreachable (http://execution_service:8030/health) → All connection attempts failed
2025-10-18 03:08:32 | ERROR | monitoring_service | ❌ risk_service unreachable (http://risk_service:8040/health) → All connection attempts failed
2025-10-18 03:08:32 | WARNING | monitoring_service | ⚠️ auth_service DOWN (404)
2025-10-18 03:09:02 | INFO | monitoring_service | ✅ data_service is UP (http://data_service:8080/health) [0.003s]
2025-10-18 03:09:02 | INFO | monitoring_service | ✅ strategy_service is UP (http://strategy_service:8020/health) [0.002s]
2025-10-18 03:09:02 | ERROR | monitoring_service | ❌ execution_service unreachable (http://execution_service:8030/health) → All connection attempts failed
2025-10-18 03:09:02 | ERROR | monitoring_service | ❌ risk_service unreachable (http://risk_service:8040/health) → All connection attempts failed
2025-10-18 03:09:02 | WARNING | monitoring_service | ⚠️ auth_service DOWN (404)
2025-10-18 03:09:32 | INFO | monitoring_service | ✅ data_service is UP (http://data_service:8080/health) [0.003s]
2025-10-18 03:09:32 | INFO | monitoring_service | ✅ strategy_service is UP (http://strategy_service:8020/health) [0.003s]
2025-10-18 03:09:32 | ERROR | monitoring_service | ❌ execution_service unreachable (http://execution_service:8030/health) → All connection attempts failed
2025-10-18 03:09:32 | ERROR | monitoring_service | ❌ risk_service unreachable (http://risk_service:8040/health) → All connection attempts failed
2025-10-18 03:09:32 | WARNING | monitoring_service | ⚠️ auth_service DOWN (404)
2025-10-18 03:10:02 | INFO | monitoring_service | ✅ data_service is UP (http://data_service:8080/health) [0.002s]
2025-10-18 03:10:02 | INFO | monitoring_service | ✅ strategy_service is UP (http://strategy_service:8020/health) [0.003s]
2025-10-18 03:10:02 | ERROR | monitoring_service | ❌ execution_service unreachable (http://execution_service:8030/health) → All connection attempts failed
2025-10-18 03:10:02 | ERROR | monitoring_service | ❌ risk_service unreachable (http://risk_service:8040/health) → All connection attempts failed
2025-10-18 03:10:02 | WARNING | monitoring_service | ⚠️ auth_service DOWN (404)
2025-10-18 03:10:32 | INFO | monitoring_service | ✅ data_service is UP (http://data_service:8080/health) [0.002s]
2025-10-18 03:10:32 | INFO | monitoring_service | ✅ strategy_service is UP (http://strategy_service:8020/health) [0.002s]
2025-10-18 03:10:32 | ERROR | monitoring_service | ❌ execution_service unreachable (http://execution_service:8030/health) → All connection attempts failed
2025-10-18 03:10:32 | ERROR | monitoring_service | ❌ risk_service unreachable (http://risk_service:8040/health) → All connection attempts failed
2025-10-18 03:10:32 | WARNING | monitoring_service | ⚠️ auth_service DOWN (404)
2025-10-18 03:11:02 | INFO | monitoring_service | ✅ data_service is UP (http://data_service:8080/health) [0.002s]
2025-10-18 03:11:02 | INFO | monitoring_service | ✅ strategy_service is UP (http://strategy_service:8020/health) [0.002s]
2025-10-18 03:11:02 | ERROR | monitoring_service | ❌ execution_service unreachable (http://execution_service:8030/health) → All connection attempts failed
2025-10-18 03:11:02 | ERROR | monitoring_service | ❌ risk_service unreachable (http://risk_service:8040/health) → All connection attempts failed
2025-10-18 03:11:02 | WARNING | monitoring_service | ⚠️ auth_service DOWN (404)
2025-10-18 03:11:32 | INFO | monitoring_service | ✅ data_service is UP (http://data_service:8080/health) [0.002s]
2025-10-18 03:11:32 | INFO | monitoring_service | ✅ strategy_service is UP (http://strategy_service:8020/health) [0.002s]
2025-10-18 03:11:32 | ERROR | monitoring_service | ❌ execution_service unreachable (http://execution_service:8030/health) → All connection attempts failed
2025-10-18 03:11:32 | ERROR | monitoring_service | ❌ risk_service unreachable (http://risk_service:8040/health) → All connection attempts failed
2025-10-18 03:11:32 | WARNING | monitoring_service | ⚠️ auth_service DOWN (404)
2025-10-18 03:12:02 | INFO | monitoring_service | ✅ data_service is UP (http://data_service:8080/health) [0.002s]
2025-10-18 03:12:02 | INFO | monitoring_service | ✅ strategy_service is UP (http://strategy_service:8020/health) [0.002s]
2025-10-18 03:12:02 | ERROR | monitoring_service | ❌ execution_service unreachable (http://execution_service:8030/health) → All connection attempts failed
2025-10-18 03:12:02 | ERROR | monitoring_service | ❌ risk_service unreachable (http://risk_service:8040/health) → All connection attempts failed
2025-10-18 03:12:02 | WARNING | monitoring_service | ⚠️ auth_service DOWN (404)
2025-10-18 03:12:32 | INFO | monitoring_service | ✅ data_service is UP (http://data_service:8080/health) [0.003s]
2025-10-18 03:12:32 | INFO | monitoring_service | ✅ strategy_service is UP (http://strategy_service:8020/health) [0.002s]
2025-10-18 03:12:32 | ERROR | monitoring_service | ❌ execution_service unreachable (http://execution_service:8030/health) → All connection attempts failed
2025-10-18 03:12:32 | ERROR | monitoring_service | ❌ risk_service unreachable (http://risk_service:8040/health) → All connection attempts failed
2025-10-18 03:12:32 | WARNING | monitoring_service | ⚠️ auth_service DOWN (404)
2025-10-18 03:13:02 | INFO | monitoring_service | ✅ data_service is UP (http://data_service:8080/health) [0.003s]
2025-10-18 03:13:02 | INFO | monitoring_service | ✅ strategy_service is UP (http://strategy_service:8020/health) [0.003s]
2025-10-18 03:13:02 | ERROR | monitoring_service | ❌ execution_service unreachable (http://execution_service:8030/health) → All connection attempts failed
2025-10-18 03:13:02 | ERROR | monitoring_service | ❌ risk_service unreachable (http://risk_service:8040/health) → All connection attempts failed
2025-10-18 03:13:02 | WARNING | monitoring_service | ⚠️ auth_service DOWN (404)
2025-10-18 03:13:32 | INFO | monitoring_service | ✅ data_service is UP (http://data_service:8080/health) [0.002s]
2025-10-18 03:13:32 | INFO | monitoring_service | ✅ strategy_service is UP (http://strategy_service:8020/health) [0.002s]
2025-10-18 03:13:32 | ERROR | monitoring_service | ❌ execution_service unreachable (http://execution_service:8030/health) → All connection attempts failed
2025-10-18 03:13:32 | ERROR | monitoring_service | ❌ risk_service unreachable (http://risk_service:8040/health) → All connection attempts failed
2025-10-18 03:13:32 | WARNING | monitoring_service | ⚠️ auth_service DOWN (404)
2025-10-18 03:14:02 | INFO | monitoring_service | ✅ data_service is UP (http://data_service:8080/health) [0.002s]
2025-10-18 03:14:02 | INFO | monitoring_service | ✅ strategy_service is UP (http://strategy_service:8020/health) [0.002s]
2025-10-18 03:14:02 | ERROR | monitoring_service | ❌ execution_service unreachable (http://execution_service:8030/health) → All connection attempts failed
2025-10-18 03:14:02 | ERROR | monitoring_service | ❌ risk_service unreachable (http://risk_service:8040/health) → All connection attempts failed
2025-10-18 03:14:02 | WARNING | monitoring_service | ⚠️ auth_service DOWN (404)
2025-10-18 03:14:32 | INFO | monitoring_service | ✅ data_service is UP (http://data_service:8080/health) [0.003s]
2025-10-18 03:14:32 | INFO | monitoring_service | ✅ strategy_service is UP (http://strategy_service:8020/health) [0.002s]
2025-10-18 03:14:32 | ERROR | monitoring_service | ❌ execution_service unreachable (http://execution_service:8030/health) → All connection attempts failed
2025-10-18 03:14:32 | ERROR | monitoring_service | ❌ risk_service unreachable (http://risk_service:8040/health) → All connection attempts failed
2025-10-18 03:14:32 | WARNING | monitoring_service | ⚠️ auth_service DOWN (404)
2025-10-18 03:15:02 | INFO | monitoring_service | ✅ data_service is UP (http://data_service:8080/health) [0.003s]
2025-10-18 03:15:02 | INFO | monitoring_service | ✅ strategy_service is UP (http://strategy_service:8020/health) [0.002s]
2025-10-18 03:15:02 | ERROR | monitoring_service | ❌ execution_service unreachable (http://execution_service:8030/health) → All connection attempts failed
2025-10-18 03:15:02 | ERROR | monitoring_service | ❌ risk_service unreachable (http://risk_service:8040/health) → All connection attempts failed
2025-10-18 03:15:02 | WARNING | monitoring_service | ⚠️ auth_service DOWN (404)
2025-10-18 03:15:32 | INFO | monitoring_service | ✅ data_service is UP (http://data_service:8080/health) [0.003s]
2025-10-18 03:15:32 | INFO | monitoring_service | ✅ strategy_service is UP (http://strategy_service:8020/health) [0.002s]
2025-10-18 03:15:32 | ERROR | monitoring_service | ❌ execution_service unreachable (http://execution_service:8030/health) → All connection attempts failed
2025-10-18 03:15:32 | ERROR | monitoring_service | ❌ risk_service unreachable (http://risk_service:8040/health) → All connection attempts failed
2025-10-18 03:15:32 | WARNING | monitoring_service | ⚠️ auth_service DOWN (404)
2025-10-18 03:16:02 | INFO | monitoring_service | ✅ data_service is UP (http://data_service:8080/health) [0.003s]
2025-10-18 03:16:02 | INFO | monitoring_service | ✅ strategy_service is UP (http://strategy_service:8020/health) [0.002s]
2025-10-18 03:16:02 | ERROR | monitoring_service | ❌ execution_service unreachable (http://execution_service:8030/health) → All connection attempts failed
2025-10-18 03:16:02 | ERROR | monitoring_service | ❌ risk_service unreachable (http://risk_service:8040/health) → All connection attempts failed
2025-10-18 03:16:02 | WARNING | monitoring_service | ⚠️ auth_service DOWN (404)
2025-10-18 03:16:32 | INFO | monitoring_service | ✅ data_service is UP (http://data_service:8080/health) [0.002s]
2025-10-18 03:16:32 | INFO | monitoring_service | ✅ strategy_service is UP (http://strategy_service:8020/health) [0.003s]
2025-10-18 03:16:32 | ERROR | monitoring_service | ❌ execution_service unreachable (http://execution_service:8030/health) → All connection attempts failed
2025-10-18 03:16:32 | ERROR | monitoring_service | ❌ risk_service unreachable (http://risk_service:8040/health) → All connection attempts failed
2025-10-18 03:16:32 | WARNING | monitoring_service | ⚠️ auth_service DOWN (404)
2025-10-18 03:17:02 | INFO | monitoring_service | ✅ data_service is UP (http://data_service:8080/health) [0.003s]
2025-10-18 03:17:02 | INFO | monitoring_service | ✅ strategy_service is UP (http://strategy_service:8020/health) [0.002s]
2025-10-18 03:17:02 | ERROR | monitoring_service | ❌ execution_service unreachable (http://execution_service:8030/health) → All connection attempts failed
2025-10-18 03:17:02 | ERROR | monitoring_service | ❌ risk_service unreachable (http://risk_service:8040/health) → All connection attempts failed
2025-10-18 03:17:02 | WARNING | monitoring_service | ⚠️ auth_service DOWN (404)
2025-10-18 03:17:32 | INFO | monitoring_service | ✅ data_service is UP (http://data_service:8080/health) [0.003s]
2025-10-18 03:17:32 | INFO | monitoring_service | ✅ strategy_service is UP (http://strategy_service:8020/health) [0.002s]
2025-10-18 03:17:32 | ERROR | monitoring_service | ❌ execution_service unreachable (http://execution_service:8030/health) → All connection attempts failed
2025-10-18 03:17:32 | ERROR | monitoring_service | ❌ risk_service unreachable (http://risk_service:8040/health) → All connection attempts failed
2025-10-18 03:17:32 | WARNING | monitoring_service | ⚠️ auth_service DOWN (404)
2025-10-18 03:18:02 | INFO | monitoring_service | ✅ data_service is UP (http://data_service:8080/health) [0.002s]
2025-10-18 03:18:02 | INFO | monitoring_service | ✅ strategy_service is UP (http://strategy_service:8020/health) [0.002s]
2025-10-18 03:18:02 | ERROR | monitoring_service | ❌ execution_service unreachable (http://execution_service:8030/health) → All connection attempts failed
2025-10-18 03:18:02 | ERROR | monitoring_service | ❌ risk_service unreachable (http://risk_service:8040/health) → All connection attempts failed
2025-10-18 03:18:02 | WARNING | monitoring_service | ⚠️ auth_service DOWN (404)
2025-10-18 03:18:32 | INFO | monitoring_service | ✅ data_service is UP (http://data_service:8080/health) [0.002s]
2025-10-18 03:18:32 | INFO | monitoring_service | ✅ strategy_service is UP (http://strategy_service:8020/health) [0.003s]
2025-10-18 03:18:32 | ERROR | monitoring_service | ❌ execution_service unreachable (http://execution_service:8030/health) → All connection attempts failed
2025-10-18 03:18:32 | ERROR | monitoring_service | ❌ risk_service unreachable (http://risk_service:8040/health) → All connection attempts failed
2025-10-18 03:18:32 | WARNING | monitoring_service | ⚠️ auth_service DOWN (404)
2025-10-18 03:19:02 | INFO | monitoring_service | ✅ data_service is UP (http://data_service:8080/health) [0.003s]
2025-10-18 03:19:02 | INFO | monitoring_service | ✅ strategy_service is UP (http://strategy_service:8020/health) [0.003s]
2025-10-18 03:19:02 | ERROR | monitoring_service | ❌ execution_service unreachable (http://execution_service:8030/health) → All connection attempts failed
2025-10-18 03:19:02 | ERROR | monitoring_service | ❌ risk_service unreachable (http://risk_service:8040/health) → All connection attempts failed
2025-10-18 03:19:02 | WARNING | monitoring_service | ⚠️ auth_service DOWN (404)
2025-10-18 03:19:32 | INFO | monitoring_service | ✅ data_service is UP (http://data_service:8080/health) [0.002s]
2025-10-18 03:19:32 | INFO | monitoring_service | ✅ strategy_service is UP (http://strategy_service:8020/health) [0.002s]
2025-10-18 03:19:32 | ERROR | monitoring_service | ❌ execution_service unreachable (http://execution_service:8030/health) → All connection attempts failed
2025-10-18 03:19:32 | ERROR | monitoring_service | ❌ risk_service unreachable (http://risk_service:8040/health) → All connection attempts failed
2025-10-18 03:19:32 | WARNING | monitoring_service | ⚠️ auth_service DOWN (404)
2025-10-18 03:20:02 | INFO | monitoring_service | ✅ data_service is UP (http://data_service:8080/health) [0.003s]
2025-10-18 03:20:02 | INFO | monitoring_service | ✅ strategy_service is UP (http://strategy_service:8020/health) [0.002s]
2025-10-18 03:20:02 | ERROR | monitoring_service | ❌ execution_service unreachable (http://execution_service:8030/health) → All connection attempts failed
2025-10-18 03:20:02 | ERROR | monitoring_service | ❌ risk_service unreachable (http://risk_service:8040/health) → All connection attempts failed
2025-10-18 03:20:02 | WARNING | monitoring_service | ⚠️ auth_service DOWN (404)
2025-10-18 03:20:32 | INFO | monitoring_service | ✅ data_service is UP (http://data_service:8080/health) [0.003s]
2025-10-18 03:20:32 | INFO | monitoring_service | ✅ strategy_service is UP (http://strategy_service:8020/health) [0.002s]
2025-10-18 03:20:32 | ERROR | monitoring_service | ❌ execution_service unreachable (http://execution_service:8030/health) → All connection attempts failed
2025-10-18 03:20:32 | ERROR | monitoring_service | ❌ risk_service unreachable (http://risk_service:8040/health) → All connection attempts failed
2025-10-18 03:20:32 | WARNING | monitoring_service | ⚠️ auth_service DOWN (404)
2025-10-18 03:21:02 | INFO | monitoring_service | ✅ data_service is UP (http://data_service:8080/health) [0.002s]
2025-10-18 03:21:02 | INFO | monitoring_service | ✅ strategy_service is UP (http://strategy_service:8020/health) [0.003s]
2025-10-18 03:21:02 | ERROR | monitoring_service | ❌ execution_service unreachable (http://execution_service:8030/health) → All connection attempts failed
2025-10-18 03:21:02 | ERROR | monitoring_service | ❌ risk_service unreachable (http://risk_service:8040/health) → All connection attempts failed
2025-10-18 03:21:02 | WARNING | monitoring_service | ⚠️ auth_service DOWN (404)
2025-10-18 03:21:32 | INFO | monitoring_service | ✅ data_service is UP (http://data_service:8080/health) [0.002s]
2025-10-18 03:21:32 | INFO | monitoring_service | ✅ strategy_service is UP (http://strategy_service:8020/health) [0.002s]
2025-10-18 03:21:32 | ERROR | monitoring_service | ❌ execution_service unreachable (http://execution_service:8030/health) → All connection attempts failed
2025-10-18 03:21:32 | ERROR | monitoring_service | ❌ risk_service unreachable (http://risk_service:8040/health) → All connection attempts failed
2025-10-18 03:21:32 | WARNING | monitoring_service | ⚠️ auth_service DOWN (404)
2025-10-18 03:22:02 | INFO | monitoring_service | ✅ data_service is UP (http://data_service:8080/health) [0.002s]
2025-10-18 03:22:02 | INFO | monitoring_service | ✅ strategy_service is UP (http://strategy_service:8020/health) [0.003s]
2025-10-18 03:22:02 | ERROR | monitoring_service | ❌ execution_service unreachable (http://execution_service:8030/health) → All connection attempts failed
2025-10-18 03:22:02 | ERROR | monitoring_service | ❌ risk_service unreachable (http://risk_service:8040/health) → All connection attempts failed
2025-10-18 03:22:02 | WARNING | monitoring_service | ⚠️ auth_service DOWN (404)
2025-10-18 03:22:32 | INFO | monitoring_service | ✅ data_service is UP (http://data_service:8080/health) [0.003s]
2025-10-18 03:22:32 | INFO | monitoring_service | ✅ strategy_service is UP (http://strategy_service:8020/health) [0.003s]
2025-10-18 03:22:32 | ERROR | monitoring_service | ❌ execution_service unreachable (http://execution_service:8030/health) → All connection attempts failed
2025-10-18 03:22:32 | ERROR | monitoring_service | ❌ risk_service unreachable (http://risk_service:8040/health) → All connection attempts failed
2025-10-18 03:22:32 | WARNING | monitoring_service | ⚠️ auth_service DOWN (404)
2025-10-18 03:23:02 | INFO | monitoring_service | ✅ data_service is UP (http://data_service:8080/health) [0.003s]
2025-10-18 03:23:02 | INFO | monitoring_service | ✅ strategy_service is UP (http://strategy_service:8020/health) [0.002s]
2025-10-18 03:23:02 | ERROR | monitoring_service | ❌ execution_service unreachable (http://execution_service:8030/health) → All connection attempts failed
2025-10-18 03:23:02 | ERROR | monitoring_service | ❌ risk_service unreachable (http://risk_service:8040/health) → All connection attempts failed
2025-10-18 03:23:02 | WARNING | monitoring_service | ⚠️ auth_service DOWN (404)
2025-10-18 03:23:32 | INFO | monitoring_service | ✅ data_service is UP (http://data_service:8080/health) [0.003s]
2025-10-18 03:23:32 | INFO | monitoring_service | ✅ strategy_service is UP (http://strategy_service:8020/health) [0.002s]
2025-10-18 03:23:32 | ERROR | monitoring_service | ❌ execution_service unreachable (http://execution_service:8030/health) → All connection attempts failed
2025-10-18 03:23:32 | ERROR | monitoring_service | ❌ risk_service unreachable (http://risk_service:8040/health) → All connection attempts failed
2025-10-18 03:23:32 | WARNING | monitoring_service | ⚠️ auth_service DOWN (404)
2025-10-18 03:24:02 | INFO | monitoring_service | ✅ data_service is UP (http://data_service:8080/health) [0.003s]
2025-10-18 03:24:02 | INFO | monitoring_service | ✅ strategy_service is UP (http://strategy_service:8020/health) [0.002s]
2025-10-18 03:24:02 | ERROR | monitoring_service | ❌ execution_service unreachable (http://execution_service:8030/health) → All connection attempts failed
2025-10-18 03:24:02 | ERROR | monitoring_service | ❌ risk_service unreachable (http://risk_service:8040/health) → All connection attempts failed
2025-10-18 03:24:02 | WARNING | monitoring_service | ⚠️ auth_service DOWN (404)
2025-10-18 03:24:32 | INFO | monitoring_service | ✅ data_service is UP (http://data_service:8080/health) [0.003s]
2025-10-18 03:24:32 | INFO | monitoring_service | ✅ strategy_service is UP (http://strategy_service:8020/health) [0.002s]
2025-10-18 03:24:32 | ERROR | monitoring_service | ❌ execution_service unreachable (http://execution_service:8030/health) → All connection attempts failed
2025-10-18 03:24:32 | ERROR | monitoring_service | ❌ risk_service unreachable (http://risk_service:8040/health) → All connection attempts failed
2025-10-18 03:24:32 | WARNING | monitoring_service | ⚠️ auth_service DOWN (404)
2025-10-18 03:25:02 | INFO | monitoring_service | ✅ data_service is UP (http://data_service:8080/health) [0.003s]
2025-10-18 03:25:02 | INFO | monitoring_service | ✅ strategy_service is UP (http://strategy_service:8020/health) [0.004s]
2025-10-18 03:25:02 | ERROR | monitoring_service | ❌ execution_service unreachable (http://execution_service:8030/health) → All connection attempts failed
2025-10-18 03:25:02 | ERROR | monitoring_service | ❌ risk_service unreachable (http://risk_service:8040/health) → All connection attempts failed
2025-10-18 03:25:02 | WARNING | monitoring_service | ⚠️ auth_service DOWN (404)
2025-10-18 03:25:32 | INFO | monitoring_service | ✅ data_service is UP (http://data_service:8080/health) [0.003s]
2025-10-18 03:25:32 | INFO | monitoring_service | ✅ strategy_service is UP (http://strategy_service:8020/health) [0.002s]
2025-10-18 03:25:32 | ERROR | monitoring_service | ❌ execution_service unreachable (http://execution_service:8030/health) → All connection attempts failed
2025-10-18 03:25:32 | ERROR | monitoring_service | ❌ risk_service unreachable (http://risk_service:8040/health) → All connection attempts failed
2025-10-18 03:25:32 | WARNING | monitoring_service | ⚠️ auth_service DOWN (404)
2025-10-18 03:26:02 | INFO | monitoring_service | ✅ data_service is UP (http://data_service:8080/health) [0.002s]
2025-10-18 03:26:02 | INFO | monitoring_service | ✅ strategy_service is UP (http://strategy_service:8020/health) [0.002s]
2025-10-18 03:26:02 | ERROR | monitoring_service | ❌ execution_service unreachable (http://execution_service:8030/health) → All connection attempts failed
2025-10-18 03:26:02 | ERROR | monitoring_service | ❌ risk_service unreachable (http://risk_service:8040/health) → All connection attempts failed
2025-10-18 03:26:02 | WARNING | monitoring_service | ⚠️ auth_service DOWN (404)
2025-10-18 03:26:32 | INFO | monitoring_service | ✅ data_service is UP (http://data_service:8080/health) [0.003s]
2025-10-18 03:26:32 | INFO | monitoring_service | ✅ strategy_service is UP (http://strategy_service:8020/health) [0.002s]
2025-10-18 03:26:32 | ERROR | monitoring_service | ❌ execution_service unreachable (http://execution_service:8030/health) → All connection attempts failed
2025-10-18 03:26:32 | ERROR | monitoring_service | ❌ risk_service unreachable (http://risk_service:8040/health) → All connection attempts failed
2025-10-18 03:26:32 | WARNING | monitoring_service | ⚠️ auth_service DOWN (404)
2025-10-18 03:27:02 | INFO | monitoring_service | ✅ data_service is UP (http://data_service:8080/health) [0.002s]
2025-10-18 03:27:02 | INFO | monitoring_service | ✅ strategy_service is UP (http://strategy_service:8020/health) [0.002s]
2025-10-18 03:27:02 | ERROR | monitoring_service | ❌ execution_service unreachable (http://execution_service:8030/health) → All connection attempts failed
2025-10-18 03:27:02 | ERROR | monitoring_service | ❌ risk_service unreachable (http://risk_service:8040/health) → All connection attempts failed
2025-10-18 03:27:02 | WARNING | monitoring_service | ⚠️ auth_service DOWN (404)
2025-10-18 03:27:32 | INFO | monitoring_service | ✅ data_service is UP (http://data_service:8080/health) [0.003s]
2025-10-18 03:27:32 | INFO | monitoring_service | ✅ strategy_service is UP (http://strategy_service:8020/health) [0.002s]
2025-10-18 03:27:32 | ERROR | monitoring_service | ❌ execution_service unreachable (http://execution_service:8030/health) → All connection attempts failed
2025-10-18 03:27:32 | ERROR | monitoring_service | ❌ risk_service unreachable (http://risk_service:8040/health) → All connection attempts failed
2025-10-18 03:27:32 | WARNING | monitoring_service | ⚠️ auth_service DOWN (404)
2025-10-18 03:28:02 | INFO | monitoring_service | ✅ data_service is UP (http://data_service:8080/health) [0.003s]
2025-10-18 03:28:02 | INFO | monitoring_service | ✅ strategy_service is UP (http://strategy_service:8020/health) [0.002s]
2025-10-18 03:28:02 | ERROR | monitoring_service | ❌ execution_service unreachable (http://execution_service:8030/health) → All connection attempts failed
2025-10-18 03:28:02 | ERROR | monitoring_service | ❌ risk_service unreachable (http://risk_service:8040/health) → All connection attempts failed
2025-10-18 03:28:02 | WARNING | monitoring_service | ⚠️ auth_service DOWN (404)
2025-10-18 03:28:32 | INFO | monitoring_service | ✅ data_service is UP (http://data_service:8080/health) [0.003s]
2025-10-18 03:28:32 | INFO | monitoring_service | ✅ strategy_service is UP (http://strategy_service:8020/health) [0.002s]
2025-10-18 03:28:32 | ERROR | monitoring_service | ❌ execution_service unreachable (http://execution_service:8030/health) → All connection attempts failed
2025-10-18 03:28:32 | ERROR | monitoring_service | ❌ risk_service unreachable (http://risk_service:8040/health) → All connection attempts failed
2025-10-18 03:28:32 | WARNING | monitoring_service | ⚠️ auth_service DOWN (404)
2025-10-18 03:29:03 | INFO | monitoring_service | ✅ data_service is UP (http://data_service:8080/health) [0.002s]
2025-10-18 03:29:03 | INFO | monitoring_service | ✅ strategy_service is UP (http://strategy_service:8020/health) [0.002s]
2025-10-18 03:29:03 | ERROR | monitoring_service | ❌ execution_service unreachable (http://execution_service:8030/health) → All connection attempts failed
2025-10-18 03:29:03 | ERROR | monitoring_service | ❌ risk_service unreachable (http://risk_service:8040/health) → All connection attempts failed
2025-10-18 03:29:03 | WARNING | monitoring_service | ⚠️ auth_service DOWN (404)
2025-10-18 03:29:33 | INFO | monitoring_service | ✅ data_service is UP (http://data_service:8080/health) [0.003s]
2025-10-18 03:29:33 | INFO | monitoring_service | ✅ strategy_service is UP (http://strategy_service:8020/health) [0.003s]
2025-10-18 03:29:33 | ERROR | monitoring_service | ❌ execution_service unreachable (http://execution_service:8030/health) → All connection attempts failed
2025-10-18 03:29:33 | ERROR | monitoring_service | ❌ risk_service unreachable (http://risk_service:8040/health) → All connection attempts failed
2025-10-18 03:29:33 | WARNING | monitoring_service | ⚠️ auth_service DOWN (404)
2025-10-18 03:30:03 | INFO | monitoring_service | ✅ data_service is UP (http://data_service:8080/health) [0.002s]
2025-10-18 03:30:03 | INFO | monitoring_service | ✅ strategy_service is UP (http://strategy_service:8020/health) [0.002s]
2025-10-18 03:30:03 | ERROR | monitoring_service | ❌ execution_service unreachable (http://execution_service:8030/health) → All connection attempts failed
2025-10-18 03:30:03 | ERROR | monitoring_service | ❌ risk_service unreachable (http://risk_service:8040/health) → All connection attempts failed
2025-10-18 03:30:03 | WARNING | monitoring_service | ⚠️ auth_service DOWN (404)
2025-10-18 03:30:33 | INFO | monitoring_service | ✅ data_service is UP (http://data_service:8080/health) [0.002s]
2025-10-18 03:30:33 | INFO | monitoring_service | ✅ strategy_service is UP (http://strategy_service:8020/health) [0.002s]
2025-10-18 03:30:33 | ERROR | monitoring_service | ❌ execution_service unreachable (http://execution_service:8030/health) → All connection attempts failed
2025-10-18 03:30:33 | ERROR | monitoring_service | ❌ risk_service unreachable (http://risk_service:8040/health) → All connection attempts failed
2025-10-18 03:30:33 | WARNING | monitoring_service | ⚠️ auth_service DOWN (404)
2025-10-18 03:31:03 | INFO | monitoring_service | ✅ data_service is UP (http://data_service:8080/health) [0.004s]
2025-10-18 03:31:03 | INFO | monitoring_service | ✅ strategy_service is UP (http://strategy_service:8020/health) [0.003s]
2025-10-18 03:31:03 | ERROR | monitoring_service | ❌ execution_service unreachable (http://execution_service:8030/health) → All connection attempts failed
2025-10-18 03:31:03 | ERROR | monitoring_service | ❌ risk_service unreachable (http://risk_service:8040/health) → All connection attempts failed
2025-10-18 03:31:03 | WARNING | monitoring_service | ⚠️ auth_service DOWN (404)
2025-10-18 03:31:33 | INFO | monitoring_service | ✅ data_service is UP (http://data_service:8080/health) [0.003s]
2025-10-18 03:31:33 | INFO | monitoring_service | ✅ strategy_service is UP (http://strategy_service:8020/health) [0.002s]
2025-10-18 03:31:33 | ERROR | monitoring_service | ❌ execution_service unreachable (http://execution_service:8030/health) → All connection attempts failed
2025-10-18 03:31:33 | ERROR | monitoring_service | ❌ risk_service unreachable (http://risk_service:8040/health) → All connection attempts failed
2025-10-18 03:31:33 | WARNING | monitoring_service | ⚠️ auth_service DOWN (404)
2025-10-18 03:32:03 | INFO | monitoring_service | ✅ data_service is UP (http://data_service:8080/health) [0.002s]
2025-10-18 03:32:03 | INFO | monitoring_service | ✅ strategy_service is UP (http://strategy_service:8020/health) [0.002s]
2025-10-18 03:32:03 | ERROR | monitoring_service | ❌ execution_service unreachable (http://execution_service:8030/health) → All connection attempts failed
2025-10-18 03:32:03 | ERROR | monitoring_service | ❌ risk_service unreachable (http://risk_service:8040/health) → All connection attempts failed
2025-10-18 03:32:03 | WARNING | monitoring_service | ⚠️ auth_service DOWN (404)
2025-10-18 03:32:33 | INFO | monitoring_service | ✅ data_service is UP (http://data_service:8080/health) [0.003s]
2025-10-18 03:32:33 | INFO | monitoring_service | ✅ strategy_service is UP (http://strategy_service:8020/health) [0.003s]
2025-10-18 03:32:33 | ERROR | monitoring_service | ❌ execution_service unreachable (http://execution_service:8030/health) → All connection attempts failed
2025-10-18 03:32:33 | ERROR | monitoring_service | ❌ risk_service unreachable (http://risk_service:8040/health) → All connection attempts failed
2025-10-18 03:32:33 | WARNING | monitoring_service | ⚠️ auth_service DOWN (404)
2025-10-18 03:33:03 | INFO | monitoring_service | ✅ data_service is UP (http://data_service:8080/health) [0.003s]
2025-10-18 03:33:03 | INFO | monitoring_service | ✅ strategy_service is UP (http://strategy_service:8020/health) [0.002s]
2025-10-18 03:33:03 | ERROR | monitoring_service | ❌ execution_service unreachable (http://execution_service:8030/health) → All connection attempts failed
2025-10-18 03:33:03 | ERROR | monitoring_service | ❌ risk_service unreachable (http://risk_service:8040/health) → All connection attempts failed
2025-10-18 03:33:03 | WARNING | monitoring_service | ⚠️ auth_service DOWN (404)
2025-10-18 03:33:33 | INFO | monitoring_service | ✅ data_service is UP (http://data_service:8080/health) [0.003s]
2025-10-18 03:33:33 | INFO | monitoring_service | ✅ strategy_service is UP (http://strategy_service:8020/health) [0.003s]
2025-10-18 03:33:33 | ERROR | monitoring_service | ❌ execution_service unreachable (http://execution_service:8030/health) → All connection attempts failed
2025-10-18 03:33:33 | ERROR | monitoring_service | ❌ risk_service unreachable (http://risk_service:8040/health) → All connection attempts failed
2025-10-18 03:33:33 | WARNING | monitoring_service | ⚠️ auth_service DOWN (404)
2025-10-18 03:34:03 | INFO | monitoring_service | ✅ data_service is UP (http://data_service:8080/health) [0.002s]
2025-10-18 03:34:03 | INFO | monitoring_service | ✅ strategy_service is UP (http://strategy_service:8020/health) [0.004s]
2025-10-18 03:34:03 | ERROR | monitoring_service | ❌ execution_service unreachable (http://execution_service:8030/health) → All connection attempts failed
2025-10-18 03:34:03 | ERROR | monitoring_service | ❌ risk_service unreachable (http://risk_service:8040/health) → All connection attempts failed
2025-10-18 03:34:03 | WARNING | monitoring_service | ⚠️ auth_service DOWN (404)
2025-10-18 03:34:33 | INFO | monitoring_service | ✅ data_service is UP (http://data_service:8080/health) [0.004s]
2025-10-18 03:34:33 | INFO | monitoring_service | ✅ strategy_service is UP (http://strategy_service:8020/health) [0.003s]
2025-10-18 03:34:33 | ERROR | monitoring_service | ❌ execution_service unreachable (http://execution_service:8030/health) → All connection attempts failed
2025-10-18 03:34:33 | ERROR | monitoring_service | ❌ risk_service unreachable (http://risk_service:8040/health) → All connection attempts failed
2025-10-18 03:34:33 | WARNING | monitoring_service | ⚠️ auth_service DOWN (404)
2025-10-18 03:35:03 | INFO | monitoring_service | ✅ data_service is UP (http://data_service:8080/health) [0.002s]
2025-10-18 03:35:03 | INFO | monitoring_service | ✅ strategy_service is UP (http://strategy_service:8020/health) [0.002s]
2025-10-18 03:35:03 | ERROR | monitoring_service | ❌ execution_service unreachable (http://execution_service:8030/health) → All connection attempts failed
2025-10-18 03:35:03 | ERROR | monitoring_service | ❌ risk_service unreachable (http://risk_service:8040/health) → All connection attempts failed
2025-10-18 03:35:03 | WARNING | monitoring_service | ⚠️ auth_service DOWN (404)
2025-10-18 03:35:33 | INFO | monitoring_service | ✅ data_service is UP (http://data_service:8080/health) [0.003s]
2025-10-18 03:35:33 | INFO | monitoring_service | ✅ strategy_service is UP (http://strategy_service:8020/health) [0.002s]
2025-10-18 03:35:33 | ERROR | monitoring_service | ❌ execution_service unreachable (http://execution_service:8030/health) → All connection attempts failed
2025-10-18 03:35:33 | ERROR | monitoring_service | ❌ risk_service unreachable (http://risk_service:8040/health) → All connection attempts failed
2025-10-18 03:35:33 | WARNING | monitoring_service | ⚠️ auth_service DOWN (404)
2025-10-18 03:36:03 | INFO | monitoring_service | ✅ data_service is UP (http://data_service:8080/health) [0.003s]
2025-10-18 03:36:03 | INFO | monitoring_service | ✅ strategy_service is UP (http://strategy_service:8020/health) [0.002s]
2025-10-18 03:36:03 | ERROR | monitoring_service | ❌ execution_service unreachable (http://execution_service:8030/health) → All connection attempts failed
2025-10-18 03:36:03 | ERROR | monitoring_service | ❌ risk_service unreachable (http://risk_service:8040/health) → All connection attempts failed
2025-10-18 03:36:03 | WARNING | monitoring_service | ⚠️ auth_service DOWN (404)
2025-10-18 03:36:33 | INFO | monitoring_service | ✅ data_service is UP (http://data_service:8080/health) [0.002s]
2025-10-18 03:36:33 | INFO | monitoring_service | ✅ strategy_service is UP (http://strategy_service:8020/health) [0.002s]
2025-10-18 03:36:33 | ERROR | monitoring_service | ❌ execution_service unreachable (http://execution_service:8030/health) → All connection attempts failed
2025-10-18 03:36:33 | ERROR | monitoring_service | ❌ risk_service unreachable (http://risk_service:8040/health) → All connection attempts failed
2025-10-18 03:36:33 | WARNING | monitoring_service | ⚠️ auth_service DOWN (404)
2025-10-18 03:37:03 | INFO | monitoring_service | ✅ data_service is UP (http://data_service:8080/health) [0.002s]
2025-10-18 03:37:03 | INFO | monitoring_service | ✅ strategy_service is UP (http://strategy_service:8020/health) [0.003s]
2025-10-18 03:37:03 | ERROR | monitoring_service | ❌ execution_service unreachable (http://execution_service:8030/health) → All connection attempts failed
2025-10-18 03:37:03 | ERROR | monitoring_service | ❌ risk_service unreachable (http://risk_service:8040/health) → All connection attempts failed
2025-10-18 03:37:03 | WARNING | monitoring_service | ⚠️ auth_service DOWN (404)
2025-10-18 03:37:33 | INFO | monitoring_service | ✅ data_service is UP (http://data_service:8080/health) [0.002s]
2025-10-18 03:37:33 | INFO | monitoring_service | ✅ strategy_service is UP (http://strategy_service:8020/health) [0.002s]
2025-10-18 03:37:33 | ERROR | monitoring_service | ❌ execution_service unreachable (http://execution_service:8030/health) → All connection attempts failed
2025-10-18 03:37:33 | ERROR | monitoring_service | ❌ risk_service unreachable (http://risk_service:8040/health) → All connection attempts failed
2025-10-18 03:37:33 | WARNING | monitoring_service | ⚠️ auth_service DOWN (404)
2025-10-18 03:38:03 | INFO | monitoring_service | ✅ data_service is UP (http://data_service:8080/health) [0.004s]
2025-10-18 03:38:03 | INFO | monitoring_service | ✅ strategy_service is UP (http://strategy_service:8020/health) [0.002s]
2025-10-18 03:38:03 | ERROR | monitoring_service | ❌ execution_service unreachable (http://execution_service:8030/health) → All connection attempts failed
2025-10-18 03:38:03 | ERROR | monitoring_service | ❌ risk_service unreachable (http://risk_service:8040/health) → All connection attempts failed
2025-10-18 03:38:03 | WARNING | monitoring_service | ⚠️ auth_service DOWN (404)
2025-10-18 03:38:33 | INFO | monitoring_service | ✅ data_service is UP (http://data_service:8080/health) [0.003s]
2025-10-18 03:38:33 | INFO | monitoring_service | ✅ strategy_service is UP (http://strategy_service:8020/health) [0.003s]
2025-10-18 03:38:33 | ERROR | monitoring_service | ❌ execution_service unreachable (http://execution_service:8030/health) → All connection attempts failed
2025-10-18 03:38:33 | ERROR | monitoring_service | ❌ risk_service unreachable (http://risk_service:8040/health) → All connection attempts failed
2025-10-18 03:38:33 | WARNING | monitoring_service | ⚠️ auth_service DOWN (404)
2025-10-18 03:39:03 | INFO | monitoring_service | ✅ data_service is UP (http://data_service:8080/health) [0.002s]
2025-10-18 03:39:03 | INFO | monitoring_service | ✅ strategy_service is UP (http://strategy_service:8020/health) [0.002s]
2025-10-18 03:39:03 | ERROR | monitoring_service | ❌ execution_service unreachable (http://execution_service:8030/health) → All connection attempts failed
2025-10-18 03:39:03 | ERROR | monitoring_service | ❌ risk_service unreachable (http://risk_service:8040/health) → All connection attempts failed
2025-10-18 03:39:03 | WARNING | monitoring_service | ⚠️ auth_service DOWN (404)
2025-10-18 03:39:33 | INFO | monitoring_service | ✅ data_service is UP (http://data_service:8080/health) [0.003s]
2025-10-18 03:39:33 | INFO | monitoring_service | ✅ strategy_service is UP (http://strategy_service:8020/health) [0.003s]
2025-10-18 03:39:33 | ERROR | monitoring_service | ❌ execution_service unreachable (http://execution_service:8030/health) → All connection attempts failed
2025-10-18 03:39:33 | ERROR | monitoring_service | ❌ risk_service unreachable (http://risk_service:8040/health) → All connection attempts failed
2025-10-18 03:39:33 | WARNING | monitoring_service | ⚠️ auth_service DOWN (404)
2025-10-18 03:40:03 | INFO | monitoring_service | ✅ data_service is UP (http://data_service:8080/health) [0.002s]
2025-10-18 03:40:03 | INFO | monitoring_service | ✅ strategy_service is UP (http://strategy_service:8020/health) [0.003s]
2025-10-18 03:40:03 | ERROR | monitoring_service | ❌ execution_service unreachable (http://execution_service:8030/health) → All connection attempts failed
2025-10-18 03:40:03 | ERROR | monitoring_service | ❌ risk_service unreachable (http://risk_service:8040/health) → All connection attempts failed
2025-10-18 03:40:03 | WARNING | monitoring_service | ⚠️ auth_service DOWN (404)
2025-10-18 03:40:33 | INFO | monitoring_service | ✅ data_service is UP (http://data_service:8080/health) [0.003s]
2025-10-18 03:40:33 | INFO | monitoring_service | ✅ strategy_service is UP (http://strategy_service:8020/health) [0.002s]
2025-10-18 03:40:33 | ERROR | monitoring_service | ❌ execution_service unreachable (http://execution_service:8030/health) → All connection attempts failed
2025-10-18 03:40:33 | ERROR | monitoring_service | ❌ risk_service unreachable (http://risk_service:8040/health) → All connection attempts failed
2025-10-18 03:40:33 | WARNING | monitoring_service | ⚠️ auth_service DOWN (404)
2025-10-18 03:41:03 | INFO | monitoring_service | ✅ data_service is UP (http://data_service:8080/health) [0.003s]
2025-10-18 03:41:03 | INFO | monitoring_service | ✅ strategy_service is UP (http://strategy_service:8020/health) [0.003s]
2025-10-18 03:41:03 | ERROR | monitoring_service | ❌ execution_service unreachable (http://execution_service:8030/health) → All connection attempts failed
2025-10-18 03:41:03 | ERROR | monitoring_service | ❌ risk_service unreachable (http://risk_service:8040/health) → All connection attempts failed
2025-10-18 03:41:03 | WARNING | monitoring_service | ⚠️ auth_service DOWN (404)
2025-10-18 03:41:33 | INFO | monitoring_service | ✅ data_service is UP (http://data_service:8080/health) [0.003s]
2025-10-18 03:41:33 | INFO | monitoring_service | ✅ strategy_service is UP (http://strategy_service:8020/health) [0.003s]
2025-10-18 03:41:33 | ERROR | monitoring_service | ❌ execution_service unreachable (http://execution_service:8030/health) → All connection attempts failed
2025-10-18 03:41:33 | ERROR | monitoring_service | ❌ risk_service unreachable (http://risk_service:8040/health) → All connection attempts failed
2025-10-18 03:41:33 | WARNING | monitoring_service | ⚠️ auth_service DOWN (404)
2025-10-18 03:42:03 | INFO | monitoring_service | ✅ data_service is UP (http://data_service:8080/health) [0.003s]
2025-10-18 03:42:03 | INFO | monitoring_service | ✅ strategy_service is UP (http://strategy_service:8020/health) [0.003s]
2025-10-18 03:42:03 | ERROR | monitoring_service | ❌ execution_service unreachable (http://execution_service:8030/health) → All connection attempts failed
2025-10-18 03:42:03 | ERROR | monitoring_service | ❌ risk_service unreachable (http://risk_service:8040/health) → All connection attempts failed
2025-10-18 03:42:03 | WARNING | monitoring_service | ⚠️ auth_service DOWN (404)
2025-10-18 03:42:33 | INFO | monitoring_service | ✅ data_service is UP (http://data_service:8080/health) [0.003s]
2025-10-18 03:42:33 | INFO | monitoring_service | ✅ strategy_service is UP (http://strategy_service:8020/health) [0.002s]
2025-10-18 03:42:33 | ERROR | monitoring_service | ❌ execution_service unreachable (http://execution_service:8030/health) → All connection attempts failed
2025-10-18 03:42:33 | ERROR | monitoring_service | ❌ risk_service unreachable (http://risk_service:8040/health) → All connection attempts failed
2025-10-18 03:42:33 | WARNING | monitoring_service | ⚠️ auth_service DOWN (404)
2025-10-18 03:43:03 | INFO | monitoring_service | ✅ data_service is UP (http://data_service:8080/health) [0.002s]
2025-10-18 03:43:03 | INFO | monitoring_service | ✅ strategy_service is UP (http://strategy_service:8020/health) [0.002s]
2025-10-18 03:43:03 | ERROR | monitoring_service | ❌ execution_service unreachable (http://execution_service:8030/health) → All connection attempts failed
2025-10-18 03:43:03 | ERROR | monitoring_service | ❌ risk_service unreachable (http://risk_service:8040/health) → All connection attempts failed
2025-10-18 03:43:03 | WARNING | monitoring_service | ⚠️ auth_service DOWN (404)
2025-10-18 03:43:33 | INFO | monitoring_service | ✅ data_service is UP (http://data_service:8080/health) [0.003s]
2025-10-18 03:43:33 | INFO | monitoring_service | ✅ strategy_service is UP (http://strategy_service:8020/health) [0.002s]
2025-10-18 03:43:33 | ERROR | monitoring_service | ❌ execution_service unreachable (http://execution_service:8030/health) → All connection attempts failed
2025-10-18 03:43:33 | ERROR | monitoring_service | ❌ risk_service unreachable (http://risk_service:8040/health) → All connection attempts failed
2025-10-18 03:43:33 | WARNING | monitoring_service | ⚠️ auth_service DOWN (404)
2025-10-18 03:44:03 | INFO | monitoring_service | ✅ data_service is UP (http://data_service:8080/health) [0.002s]
2025-10-18 03:44:03 | INFO | monitoring_service | ✅ strategy_service is UP (http://strategy_service:8020/health) [0.003s]
2025-10-18 03:44:03 | ERROR | monitoring_service | ❌ execution_service unreachable (http://execution_service:8030/health) → All connection attempts failed
2025-10-18 03:44:03 | ERROR | monitoring_service | ❌ risk_service unreachable (http://risk_service:8040/health) → All connection attempts failed
2025-10-18 03:44:03 | WARNING | monitoring_service | ⚠️ auth_service DOWN (404)
2025-10-18 03:44:33 | INFO | monitoring_service | ✅ data_service is UP (http://data_service:8080/health) [0.003s]
2025-10-18 03:44:33 | INFO | monitoring_service | ✅ strategy_service is UP (http://strategy_service:8020/health) [0.002s]
2025-10-18 03:44:33 | ERROR | monitoring_service | ❌ execution_service unreachable (http://execution_service:8030/health) → All connection attempts failed
2025-10-18 03:44:33 | ERROR | monitoring_service | ❌ risk_service unreachable (http://risk_service:8040/health) → All connection attempts failed
2025-10-18 03:44:33 | WARNING | monitoring_service | ⚠️ auth_service DOWN (404)
2025-10-18 03:45:03 | INFO | monitoring_service | ✅ data_service is UP (http://data_service:8080/health) [0.003s]
2025-10-18 03:45:03 | INFO | monitoring_service | ✅ strategy_service is UP (http://strategy_service:8020/health) [0.003s]
2025-10-18 03:45:03 | ERROR | monitoring_service | ❌ execution_service unreachable (http://execution_service:8030/health) → All connection attempts failed
2025-10-18 03:45:03 | ERROR | monitoring_service | ❌ risk_service unreachable (http://risk_service:8040/health) → All connection attempts failed
2025-10-18 03:45:03 | WARNING | monitoring_service | ⚠️ auth_service DOWN (404)
2025-10-18 03:45:33 | INFO | monitoring_service | ✅ data_service is UP (http://data_service:8080/health) [0.003s]
2025-10-18 03:45:33 | INFO | monitoring_service | ✅ strategy_service is UP (http://strategy_service:8020/health) [0.002s]
2025-10-18 03:45:33 | ERROR | monitoring_service | ❌ execution_service unreachable (http://execution_service:8030/health) → All connection attempts failed
2025-10-18 03:45:33 | ERROR | monitoring_service | ❌ risk_service unreachable (http://risk_service:8040/health) → All connection attempts failed
2025-10-18 03:45:33 | WARNING | monitoring_service | ⚠️ auth_service DOWN (404)
2025-10-18 03:46:03 | INFO | monitoring_service | ✅ data_service is UP (http://data_service:8080/health) [0.003s]
2025-10-18 03:46:03 | INFO | monitoring_service | ✅ strategy_service is UP (http://strategy_service:8020/health) [0.002s]
2025-10-18 03:46:03 | ERROR | monitoring_service | ❌ execution_service unreachable (http://execution_service:8030/health) → All connection attempts failed
2025-10-18 03:46:03 | ERROR | monitoring_service | ❌ risk_service unreachable (http://risk_service:8040/health) → All connection attempts failed
2025-10-18 03:46:03 | WARNING | monitoring_service | ⚠️ auth_service DOWN (404)
2025-10-18 03:46:34 | INFO | monitoring_service | ✅ data_service is UP (http://data_service:8080/health) [0.003s]
2025-10-18 03:46:34 | INFO | monitoring_service | ✅ strategy_service is UP (http://strategy_service:8020/health) [0.003s]
2025-10-18 03:46:34 | ERROR | monitoring_service | ❌ execution_service unreachable (http://execution_service:8030/health) → All connection attempts failed
2025-10-18 03:46:34 | ERROR | monitoring_service | ❌ risk_service unreachable (http://risk_service:8040/health) → All connection attempts failed
2025-10-18 03:46:34 | WARNING | monitoring_service | ⚠️ auth_service DOWN (404)
2025-10-18 03:47:04 | INFO | monitoring_service | ✅ data_service is UP (http://data_service:8080/health) [0.002s]
2025-10-18 03:47:04 | INFO | monitoring_service | ✅ strategy_service is UP (http://strategy_service:8020/health) [0.002s]
2025-10-18 03:47:04 | ERROR | monitoring_service | ❌ execution_service unreachable (http://execution_service:8030/health) → All connection attempts failed
2025-10-18 03:47:04 | ERROR | monitoring_service | ❌ risk_service unreachable (http://risk_service:8040/health) → All connection attempts failed
2025-10-18 03:47:04 | WARNING | monitoring_service | ⚠️ auth_service DOWN (404)
2025-10-18 03:47:34 | INFO | monitoring_service | ✅ data_service is UP (http://data_service:8080/health) [0.003s]
2025-10-18 03:47:34 | INFO | monitoring_service | ✅ strategy_service is UP (http://strategy_service:8020/health) [0.002s]
2025-10-18 03:47:34 | ERROR | monitoring_service | ❌ execution_service unreachable (http://execution_service:8030/health) → All connection attempts failed
2025-10-18 03:47:34 | ERROR | monitoring_service | ❌ risk_service unreachable (http://risk_service:8040/health) → All connection attempts failed
2025-10-18 03:47:34 | WARNING | monitoring_service | ⚠️ auth_service DOWN (404)
2025-10-18 03:48:04 | INFO | monitoring_service | ✅ data_service is UP (http://data_service:8080/health) [0.003s]
2025-10-18 03:48:04 | INFO | monitoring_service | ✅ strategy_service is UP (http://strategy_service:8020/health) [0.002s]
2025-10-18 03:48:04 | ERROR | monitoring_service | ❌ execution_service unreachable (http://execution_service:8030/health) → All connection attempts failed
2025-10-18 03:48:04 | ERROR | monitoring_service | ❌ risk_service unreachable (http://risk_service:8040/health) → All connection attempts failed
2025-10-18 03:48:04 | WARNING | monitoring_service | ⚠️ auth_service DOWN (404)
2025-10-18 03:48:34 | INFO | monitoring_service | ✅ data_service is UP (http://data_service:8080/health) [0.002s]
2025-10-18 03:48:34 | INFO | monitoring_service | ✅ strategy_service is UP (http://strategy_service:8020/health) [0.002s]
2025-10-18 03:48:34 | ERROR | monitoring_service | ❌ execution_service unreachable (http://execution_service:8030/health) → All connection attempts failed
2025-10-18 03:48:34 | ERROR | monitoring_service | ❌ risk_service unreachable (http://risk_service:8040/health) → All connection attempts failed
2025-10-18 03:48:34 | WARNING | monitoring_service | ⚠️ auth_service DOWN (404)
2025-10-18 03:49:04 | INFO | monitoring_service | ✅ data_service is UP (http://data_service:8080/health) [0.002s]
2025-10-18 03:49:04 | INFO | monitoring_service | ✅ strategy_service is UP (http://strategy_service:8020/health) [0.002s]
2025-10-18 03:49:04 | ERROR | monitoring_service | ❌ execution_service unreachable (http://execution_service:8030/health) → All connection attempts failed
2025-10-18 03:49:04 | ERROR | monitoring_service | ❌ risk_service unreachable (http://risk_service:8040/health) → All connection attempts failed
2025-10-18 03:49:04 | WARNING | monitoring_service | ⚠️ auth_service DOWN (404)
2025-10-18 03:49:34 | INFO | monitoring_service | ✅ data_service is UP (http://data_service:8080/health) [0.004s]
2025-10-18 03:49:34 | INFO | monitoring_service | ✅ strategy_service is UP (http://strategy_service:8020/health) [0.002s]
2025-10-18 03:49:34 | ERROR | monitoring_service | ❌ execution_service unreachable (http://execution_service:8030/health) → All connection attempts failed
2025-10-18 03:49:34 | ERROR | monitoring_service | ❌ risk_service unreachable (http://risk_service:8040/health) → All connection attempts failed
2025-10-18 03:49:34 | WARNING | monitoring_service | ⚠️ auth_service DOWN (404)
2025-10-18 03:50:04 | INFO | monitoring_service | ✅ data_service is UP (http://data_service:8080/health) [0.002s]
2025-10-18 03:50:04 | INFO | monitoring_service | ✅ strategy_service is UP (http://strategy_service:8020/health) [0.002s]
2025-10-18 03:50:04 | ERROR | monitoring_service | ❌ execution_service unreachable (http://execution_service:8030/health) → All connection attempts failed
2025-10-18 03:50:04 | ERROR | monitoring_service | ❌ risk_service unreachable (http://risk_service:8040/health) → All connection attempts failed
2025-10-18 03:50:04 | WARNING | monitoring_service | ⚠️ auth_service DOWN (404)
2025-10-18 03:50:34 | INFO | monitoring_service | ✅ data_service is UP (http://data_service:8080/health) [0.002s]
2025-10-18 03:50:34 | INFO | monitoring_service | ✅ strategy_service is UP (http://strategy_service:8020/health) [0.002s]
2025-10-18 03:50:34 | ERROR | monitoring_service | ❌ execution_service unreachable (http://execution_service:8030/health) → All connection attempts failed
2025-10-18 03:50:34 | ERROR | monitoring_service | ❌ risk_service unreachable (http://risk_service:8040/health) → All connection attempts failed
2025-10-18 03:50:34 | WARNING | monitoring_service | ⚠️ auth_service DOWN (404)
2025-10-18 03:51:04 | INFO | monitoring_service | ✅ data_service is UP (http://data_service:8080/health) [0.003s]
2025-10-18 03:51:04 | INFO | monitoring_service | ✅ strategy_service is UP (http://strategy_service:8020/health) [0.003s]
2025-10-18 03:51:04 | ERROR | monitoring_service | ❌ execution_service unreachable (http://execution_service:8030/health) → All connection attempts failed
2025-10-18 03:51:04 | ERROR | monitoring_service | ❌ risk_service unreachable (http://risk_service:8040/health) → All connection attempts failed
2025-10-18 03:51:04 | WARNING | monitoring_service | ⚠️ auth_service DOWN (404)
2025-10-18 03:51:34 | INFO | monitoring_service | ✅ data_service is UP (http://data_service:8080/health) [0.002s]
2025-10-18 03:51:34 | INFO | monitoring_service | ✅ strategy_service is UP (http://strategy_service:8020/health) [0.002s]
2025-10-18 03:51:34 | ERROR | monitoring_service | ❌ execution_service unreachable (http://execution_service:8030/health) → All connection attempts failed
2025-10-18 03:51:34 | ERROR | monitoring_service | ❌ risk_service unreachable (http://risk_service:8040/health) → All connection attempts failed
2025-10-18 03:51:34 | WARNING | monitoring_service | ⚠️ auth_service DOWN (404)
2025-10-18 03:52:04 | INFO | monitoring_service | ✅ data_service is UP (http://data_service:8080/health) [0.004s]
2025-10-18 03:52:04 | INFO | monitoring_service | ✅ strategy_service is UP (http://strategy_service:8020/health) [0.003s]
2025-10-18 03:52:04 | ERROR | monitoring_service | ❌ execution_service unreachable (http://execution_service:8030/health) → All connection attempts failed
2025-10-18 03:52:04 | ERROR | monitoring_service | ❌ risk_service unreachable (http://risk_service:8040/health) → All connection attempts failed
2025-10-18 03:52:04 | WARNING | monitoring_service | ⚠️ auth_service DOWN (404)
2025-10-18 03:52:34 | INFO | monitoring_service | ✅ data_service is UP (http://data_service:8080/health) [0.003s]
2025-10-18 03:52:34 | INFO | monitoring_service | ✅ strategy_service is UP (http://strategy_service:8020/health) [0.002s]
2025-10-18 03:52:34 | ERROR | monitoring_service | ❌ execution_service unreachable (http://execution_service:8030/health) → All connection attempts failed
2025-10-18 03:52:34 | ERROR | monitoring_service | ❌ risk_service unreachable (http://risk_service:8040/health) → All connection attempts failed
2025-10-18 03:52:34 | WARNING | monitoring_service | ⚠️ auth_service DOWN (404)
2025-10-18 03:53:04 | INFO | monitoring_service | ✅ data_service is UP (http://data_service:8080/health) [0.004s]
2025-10-18 03:53:04 | INFO | monitoring_service | ✅ strategy_service is UP (http://strategy_service:8020/health) [0.003s]
2025-10-18 03:53:04 | ERROR | monitoring_service | ❌ execution_service unreachable (http://execution_service:8030/health) → All connection attempts failed
2025-10-18 03:53:04 | ERROR | monitoring_service | ❌ risk_service unreachable (http://risk_service:8040/health) → All connection attempts failed
2025-10-18 03:53:04 | WARNING | monitoring_service | ⚠️ auth_service DOWN (404)
2025-10-18 03:53:34 | INFO | monitoring_service | ✅ data_service is UP (http://data_service:8080/health) [0.002s]
2025-10-18 03:53:34 | INFO | monitoring_service | ✅ strategy_service is UP (http://strategy_service:8020/health) [0.002s]
2025-10-18 03:53:34 | ERROR | monitoring_service | ❌ execution_service unreachable (http://execution_service:8030/health) → All connection attempts failed
2025-10-18 03:53:34 | ERROR | monitoring_service | ❌ risk_service unreachable (http://risk_service:8040/health) → All connection attempts failed
2025-10-18 03:53:34 | WARNING | monitoring_service | ⚠️ auth_service DOWN (404)
2025-10-18 03:54:04 | INFO | monitoring_service | ✅ data_service is UP (http://data_service:8080/health) [0.003s]
2025-10-18 03:54:04 | INFO | monitoring_service | ✅ strategy_service is UP (http://strategy_service:8020/health) [0.002s]
2025-10-18 03:54:04 | ERROR | monitoring_service | ❌ execution_service unreachable (http://execution_service:8030/health) → All connection attempts failed
2025-10-18 03:54:04 | ERROR | monitoring_service | ❌ risk_service unreachable (http://risk_service:8040/health) → All connection attempts failed
2025-10-18 03:54:04 | WARNING | monitoring_service | ⚠️ auth_service DOWN (404)
2025-10-18 03:54:34 | INFO | monitoring_service | ✅ data_service is UP (http://data_service:8080/health) [0.002s]
2025-10-18 03:54:34 | INFO | monitoring_service | ✅ strategy_service is UP (http://strategy_service:8020/health) [0.002s]
2025-10-18 03:54:34 | ERROR | monitoring_service | ❌ execution_service unreachable (http://execution_service:8030/health) → All connection attempts failed
2025-10-18 03:54:34 | ERROR | monitoring_service | ❌ risk_service unreachable (http://risk_service:8040/health) → All connection attempts failed
2025-10-18 03:54:34 | WARNING | monitoring_service | ⚠️ auth_service DOWN (404)
2025-10-18 03:55:04 | INFO | monitoring_service | ✅ data_service is UP (http://data_service:8080/health) [0.003s]
2025-10-18 03:55:04 | INFO | monitoring_service | ✅ strategy_service is UP (http://strategy_service:8020/health) [0.003s]
2025-10-18 03:55:04 | ERROR | monitoring_service | ❌ execution_service unreachable (http://execution_service:8030/health) → All connection attempts failed
2025-10-18 03:55:04 | ERROR | monitoring_service | ❌ risk_service unreachable (http://risk_service:8040/health) → All connection attempts failed
2025-10-18 03:55:04 | WARNING | monitoring_service | ⚠️ auth_service DOWN (404)
2025-10-18 03:55:34 | INFO | monitoring_service | ✅ data_service is UP (http://data_service:8080/health) [0.002s]
2025-10-18 03:55:34 | INFO | monitoring_service | ✅ strategy_service is UP (http://strategy_service:8020/health) [0.002s]
2025-10-18 03:55:34 | ERROR | monitoring_service | ❌ execution_service unreachable (http://execution_service:8030/health) → All connection attempts failed
2025-10-18 03:55:34 | ERROR | monitoring_service | ❌ risk_service unreachable (http://risk_service:8040/health) → All connection attempts failed
2025-10-18 03:55:34 | WARNING | monitoring_service | ⚠️ auth_service DOWN (404)
2025-10-18 03:56:04 | INFO | monitoring_service | ✅ data_service is UP (http://data_service:8080/health) [0.003s]
2025-10-18 03:56:04 | INFO | monitoring_service | ✅ strategy_service is UP (http://strategy_service:8020/health) [0.002s]
2025-10-18 03:56:04 | ERROR | monitoring_service | ❌ execution_service unreachable (http://execution_service:8030/health) → All connection attempts failed
2025-10-18 03:56:04 | ERROR | monitoring_service | ❌ risk_service unreachable (http://risk_service:8040/health) → All connection attempts failed
2025-10-18 03:56:04 | WARNING | monitoring_service | ⚠️ auth_service DOWN (404)
2025-10-18 03:56:34 | INFO | monitoring_service | ✅ data_service is UP (http://data_service:8080/health) [0.003s]
2025-10-18 03:56:34 | INFO | monitoring_service | ✅ strategy_service is UP (http://strategy_service:8020/health) [0.002s]
2025-10-18 03:56:34 | ERROR | monitoring_service | ❌ execution_service unreachable (http://execution_service:8030/health) → All connection attempts failed
2025-10-18 03:56:34 | ERROR | monitoring_service | ❌ risk_service unreachable (http://risk_service:8040/health) → All connection attempts failed
2025-10-18 03:56:34 | WARNING | monitoring_service | ⚠️ auth_service DOWN (404)
2025-10-18 03:57:04 | INFO | monitoring_service | ✅ data_service is UP (http://data_service:8080/health) [0.002s]
2025-10-18 03:57:04 | INFO | monitoring_service | ✅ strategy_service is UP (http://strategy_service:8020/health) [0.002s]
2025-10-18 03:57:04 | ERROR | monitoring_service | ❌ execution_service unreachable (http://execution_service:8030/health) → All connection attempts failed
2025-10-18 03:57:04 | ERROR | monitoring_service | ❌ risk_service unreachable (http://risk_service:8040/health) → All connection attempts failed
2025-10-18 03:57:04 | WARNING | monitoring_service | ⚠️ auth_service DOWN (404)
2025-10-18 03:57:34 | INFO | monitoring_service | ✅ data_service is UP (http://data_service:8080/health) [0.004s]
2025-10-18 03:57:34 | INFO | monitoring_service | ✅ strategy_service is UP (http://strategy_service:8020/health) [0.002s]
2025-10-18 03:57:34 | ERROR | monitoring_service | ❌ execution_service unreachable (http://execution_service:8030/health) → All connection attempts failed
2025-10-18 03:57:34 | ERROR | monitoring_service | ❌ risk_service unreachable (http://risk_service:8040/health) → All connection attempts failed
2025-10-18 03:57:34 | WARNING | monitoring_service | ⚠️ auth_service DOWN (404)
2025-10-18 03:58:04 | INFO | monitoring_service | ✅ data_service is UP (http://data_service:8080/health) [0.002s]
2025-10-18 03:58:04 | INFO | monitoring_service | ✅ strategy_service is UP (http://strategy_service:8020/health) [0.002s]
2025-10-18 03:58:04 | ERROR | monitoring_service | ❌ execution_service unreachable (http://execution_service:8030/health) → All connection attempts failed
2025-10-18 03:58:04 | ERROR | monitoring_service | ❌ risk_service unreachable (http://risk_service:8040/health) → All connection attempts failed
2025-10-18 03:58:04 | WARNING | monitoring_service | ⚠️ auth_service DOWN (404)
2025-10-18 03:58:34 | INFO | monitoring_service | ✅ data_service is UP (http://data_service:8080/health) [0.002s]
2025-10-18 03:58:34 | INFO | monitoring_service | ✅ strategy_service is UP (http://strategy_service:8020/health) [0.002s]
2025-10-18 03:58:34 | ERROR | monitoring_service | ❌ execution_service unreachable (http://execution_service:8030/health) → All connection attempts failed
2025-10-18 03:58:34 | ERROR | monitoring_service | ❌ risk_service unreachable (http://risk_service:8040/health) → All connection attempts failed
2025-10-18 03:58:34 | WARNING | monitoring_service | ⚠️ auth_service DOWN (404)
2025-10-18 03:59:04 | INFO | monitoring_service | ✅ data_service is UP (http://data_service:8080/health) [0.003s]
2025-10-18 03:59:04 | INFO | monitoring_service | ✅ strategy_service is UP (http://strategy_service:8020/health) [0.002s]
2025-10-18 03:59:04 | ERROR | monitoring_service | ❌ execution_service unreachable (http://execution_service:8030/health) → All connection attempts failed
2025-10-18 03:59:04 | ERROR | monitoring_service | ❌ risk_service unreachable (http://risk_service:8040/health) → All connection attempts failed
2025-10-18 03:59:04 | WARNING | monitoring_service | ⚠️ auth_service DOWN (404)
2025-10-18 03:59:34 | INFO | monitoring_service | ✅ data_service is UP (http://data_service:8080/health) [0.003s]
2025-10-18 03:59:34 | INFO | monitoring_service | ✅ strategy_service is UP (http://strategy_service:8020/health) [0.005s]
2025-10-18 03:59:34 | ERROR | monitoring_service | ❌ execution_service unreachable (http://execution_service:8030/health) → All connection attempts failed
2025-10-18 03:59:34 | ERROR | monitoring_service | ❌ risk_service unreachable (http://risk_service:8040/health) → All connection attempts failed
2025-10-18 03:59:34 | WARNING | monitoring_service | ⚠️ auth_service DOWN (404)
2025-10-18 04:00:04 | INFO | monitoring_service | ✅ data_service is UP (http://data_service:8080/health) [0.003s]
2025-10-18 04:00:04 | INFO | monitoring_service | ✅ strategy_service is UP (http://strategy_service:8020/health) [0.003s]
2025-10-18 04:00:04 | ERROR | monitoring_service | ❌ execution_service unreachable (http://execution_service:8030/health) → All connection attempts failed
2025-10-18 04:00:04 | ERROR | monitoring_service | ❌ risk_service unreachable (http://risk_service:8040/health) → All connection attempts failed
2025-10-18 04:00:04 | WARNING | monitoring_service | ⚠️ auth_service DOWN (404)
2025-10-18 04:00:34 | INFO | monitoring_service | ✅ data_service is UP (http://data_service:8080/health) [0.003s]
2025-10-18 04:00:34 | INFO | monitoring_service | ✅ strategy_service is UP (http://strategy_service:8020/health) [0.002s]
2025-10-18 04:00:34 | ERROR | monitoring_service | ❌ execution_service unreachable (http://execution_service:8030/health) → All connection attempts failed
2025-10-18 04:00:34 | ERROR | monitoring_service | ❌ risk_service unreachable (http://risk_service:8040/health) → All connection attempts failed
2025-10-18 04:00:34 | WARNING | monitoring_service | ⚠️ auth_service DOWN (404)
2025-10-18 04:01:04 | INFO | monitoring_service | ✅ data_service is UP (http://data_service:8080/health) [0.003s]
2025-10-18 04:01:04 | INFO | monitoring_service | ✅ strategy_service is UP (http://strategy_service:8020/health) [0.003s]
2025-10-18 04:01:04 | ERROR | monitoring_service | ❌ execution_service unreachable (http://execution_service:8030/health) → All connection attempts failed
2025-10-18 04:01:04 | ERROR | monitoring_service | ❌ risk_service unreachable (http://risk_service:8040/health) → All connection attempts failed
2025-10-18 04:01:04 | WARNING | monitoring_service | ⚠️ auth_service DOWN (404)
2025-10-18 04:01:34 | INFO | monitoring_service | ✅ data_service is UP (http://data_service:8080/health) [0.002s]
2025-10-18 04:01:34 | INFO | monitoring_service | ✅ strategy_service is UP (http://strategy_service:8020/health) [0.004s]
2025-10-18 04:01:34 | ERROR | monitoring_service | ❌ execution_service unreachable (http://execution_service:8030/health) → All connection attempts failed
2025-10-18 04:01:34 | ERROR | monitoring_service | ❌ risk_service unreachable (http://risk_service:8040/health) → All connection attempts failed
2025-10-18 04:01:34 | WARNING | monitoring_service | ⚠️ auth_service DOWN (404)
2025-10-18 04:02:04 | INFO | monitoring_service | ✅ data_service is UP (http://data_service:8080/health) [0.003s]
2025-10-18 04:02:04 | INFO | monitoring_service | ✅ strategy_service is UP (http://strategy_service:8020/health) [0.002s]
2025-10-18 04:02:04 | ERROR | monitoring_service | ❌ execution_service unreachable (http://execution_service:8030/health) → All connection attempts failed
2025-10-18 04:02:04 | ERROR | monitoring_service | ❌ risk_service unreachable (http://risk_service:8040/health) → All connection attempts failed
2025-10-18 04:02:04 | WARNING | monitoring_service | ⚠️ auth_service DOWN (404)
2025-10-18 04:02:34 | INFO | monitoring_service | ✅ data_service is UP (http://data_service:8080/health) [0.003s]
2025-10-18 04:02:34 | INFO | monitoring_service | ✅ strategy_service is UP (http://strategy_service:8020/health) [0.002s]
2025-10-18 04:02:34 | ERROR | monitoring_service | ❌ execution_service unreachable (http://execution_service:8030/health) → All connection attempts failed
2025-10-18 04:02:34 | ERROR | monitoring_service | ❌ risk_service unreachable (http://risk_service:8040/health) → All connection attempts failed
2025-10-18 04:02:34 | WARNING | monitoring_service | ⚠️ auth_service DOWN (404)
2025-10-18 04:03:05 | INFO | monitoring_service | ✅ data_service is UP (http://data_service:8080/health) [0.003s]
2025-10-18 04:03:05 | INFO | monitoring_service | ✅ strategy_service is UP (http://strategy_service:8020/health) [0.003s]
2025-10-18 04:03:05 | ERROR | monitoring_service | ❌ execution_service unreachable (http://execution_service:8030/health) → All connection attempts failed
2025-10-18 04:03:05 | ERROR | monitoring_service | ❌ risk_service unreachable (http://risk_service:8040/health) → All connection attempts failed
2025-10-18 04:03:05 | WARNING | monitoring_service | ⚠️ auth_service DOWN (404)
2025-10-18 04:03:35 | INFO | monitoring_service | ✅ data_service is UP (http://data_service:8080/health) [0.003s]
2025-10-18 04:03:35 | INFO | monitoring_service | ✅ strategy_service is UP (http://strategy_service:8020/health) [0.002s]
2025-10-18 04:03:35 | ERROR | monitoring_service | ❌ execution_service unreachable (http://execution_service:8030/health) → All connection attempts failed
2025-10-18 04:03:35 | ERROR | monitoring_service | ❌ risk_service unreachable (http://risk_service:8040/health) → All connection attempts failed
2025-10-18 04:03:35 | WARNING | monitoring_service | ⚠️ auth_service DOWN (404)
2025-10-18 04:04:05 | INFO | monitoring_service | ✅ data_service is UP (http://data_service:8080/health) [0.003s]
2025-10-18 04:04:05 | INFO | monitoring_service | ✅ strategy_service is UP (http://strategy_service:8020/health) [0.003s]
2025-10-18 04:04:05 | ERROR | monitoring_service | ❌ execution_service unreachable (http://execution_service:8030/health) → All connection attempts failed
2025-10-18 04:04:05 | ERROR | monitoring_service | ❌ risk_service unreachable (http://risk_service:8040/health) → All connection attempts failed
2025-10-18 04:04:05 | WARNING | monitoring_service | ⚠️ auth_service DOWN (404)
2025-10-18 04:04:35 | INFO | monitoring_service | ✅ data_service is UP (http://data_service:8080/health) [0.004s]
2025-10-18 04:04:35 | INFO | monitoring_service | ✅ strategy_service is UP (http://strategy_service:8020/health) [0.003s]
2025-10-18 04:04:35 | ERROR | monitoring_service | ❌ execution_service unreachable (http://execution_service:8030/health) → All connection attempts failed
2025-10-18 04:04:35 | ERROR | monitoring_service | ❌ risk_service unreachable (http://risk_service:8040/health) → All connection attempts failed
2025-10-18 04:04:35 | WARNING | monitoring_service | ⚠️ auth_service DOWN (404)
2025-10-18 04:05:05 | INFO | monitoring_service | ✅ data_service is UP (http://data_service:8080/health) [0.008s]
2025-10-18 04:05:05 | INFO | monitoring_service | ✅ strategy_service is UP (http://strategy_service:8020/health) [0.006s]
2025-10-18 04:05:05 | ERROR | monitoring_service | ❌ execution_service unreachable (http://execution_service:8030/health) → All connection attempts failed
2025-10-18 04:05:05 | ERROR | monitoring_service | ❌ risk_service unreachable (http://risk_service:8040/health) → All connection attempts failed
2025-10-18 04:05:05 | WARNING | monitoring_service | ⚠️ auth_service DOWN (404)
2025-10-18 04:05:35 | INFO | monitoring_service | ✅ data_service is UP (http://data_service:8080/health) [0.003s]
2025-10-18 04:05:35 | INFO | monitoring_service | ✅ strategy_service is UP (http://strategy_service:8020/health) [0.003s]
2025-10-18 04:05:35 | ERROR | monitoring_service | ❌ execution_service unreachable (http://execution_service:8030/health) → All connection attempts failed
2025-10-18 04:05:35 | ERROR | monitoring_service | ❌ risk_service unreachable (http://risk_service:8040/health) → All connection attempts failed
2025-10-18 04:05:35 | WARNING | monitoring_service | ⚠️ auth_service DOWN (404)
2025-10-18 04:06:05 | INFO | monitoring_service | ✅ data_service is UP (http://data_service:8080/health) [0.003s]
2025-10-18 04:06:05 | INFO | monitoring_service | ✅ strategy_service is UP (http://strategy_service:8020/health) [0.003s]
2025-10-18 04:06:05 | ERROR | monitoring_service | ❌ execution_service unreachable (http://execution_service:8030/health) → All connection attempts failed
2025-10-18 04:06:05 | ERROR | monitoring_service | ❌ risk_service unreachable (http://risk_service:8040/health) → All connection attempts failed
2025-10-18 04:06:05 | WARNING | monitoring_service | ⚠️ auth_service DOWN (404)
2025-10-18 04:06:35 | INFO | monitoring_service | ✅ data_service is UP (http://data_service:8080/health) [0.003s]
2025-10-18 04:06:35 | INFO | monitoring_service | ✅ strategy_service is UP (http://strategy_service:8020/health) [0.002s]
2025-10-18 04:06:35 | ERROR | monitoring_service | ❌ execution_service unreachable (http://execution_service:8030/health) → All connection attempts failed
2025-10-18 04:06:35 | ERROR | monitoring_service | ❌ risk_service unreachable (http://risk_service:8040/health) → All connection attempts failed
2025-10-18 04:06:35 | WARNING | monitoring_service | ⚠️ auth_service DOWN (404)
2025-10-18 04:07:05 | INFO | monitoring_service | ✅ data_service is UP (http://data_service:8080/health) [0.003s]
2025-10-18 04:07:05 | INFO | monitoring_service | ✅ strategy_service is UP (http://strategy_service:8020/health) [0.003s]
2025-10-18 04:07:05 | ERROR | monitoring_service | ❌ execution_service unreachable (http://execution_service:8030/health) → All connection attempts failed
2025-10-18 04:07:05 | ERROR | monitoring_service | ❌ risk_service unreachable (http://risk_service:8040/health) → All connection attempts failed
2025-10-18 04:07:05 | WARNING | monitoring_service | ⚠️ auth_service DOWN (404)
2025-10-18 04:07:35 | INFO | monitoring_service | ✅ data_service is UP (http://data_service:8080/health) [0.003s]
2025-10-18 04:07:35 | INFO | monitoring_service | ✅ strategy_service is UP (http://strategy_service:8020/health) [0.002s]
2025-10-18 04:07:35 | ERROR | monitoring_service | ❌ execution_service unreachable (http://execution_service:8030/health) → All connection attempts failed
2025-10-18 04:07:35 | ERROR | monitoring_service | ❌ risk_service unreachable (http://risk_service:8040/health) → All connection attempts failed
2025-10-18 04:07:35 | WARNING | monitoring_service | ⚠️ auth_service DOWN (404)
2025-10-18 04:08:05 | INFO | monitoring_service | ✅ data_service is UP (http://data_service:8080/health) [0.002s]
2025-10-18 04:08:05 | INFO | monitoring_service | ✅ strategy_service is UP (http://strategy_service:8020/health) [0.002s]
2025-10-18 04:08:05 | ERROR | monitoring_service | ❌ execution_service unreachable (http://execution_service:8030/health) → All connection attempts failed
2025-10-18 04:08:05 | ERROR | monitoring_service | ❌ risk_service unreachable (http://risk_service:8040/health) → All connection attempts failed
2025-10-18 04:08:05 | WARNING | monitoring_service | ⚠️ auth_service DOWN (404)
2025-10-18 04:08:35 | INFO | monitoring_service | ✅ data_service is UP (http://data_service:8080/health) [0.003s]
2025-10-18 04:08:35 | INFO | monitoring_service | ✅ strategy_service is UP (http://strategy_service:8020/health) [0.002s]
2025-10-18 04:08:35 | ERROR | monitoring_service | ❌ execution_service unreachable (http://execution_service:8030/health) → All connection attempts failed
2025-10-18 04:08:35 | ERROR | monitoring_service | ❌ risk_service unreachable (http://risk_service:8040/health) → All connection attempts failed
2025-10-18 04:08:35 | WARNING | monitoring_service | ⚠️ auth_service DOWN (404)
2025-10-18 04:09:05 | INFO | monitoring_service | ✅ data_service is UP (http://data_service:8080/health) [0.003s]
2025-10-18 04:09:05 | INFO | monitoring_service | ✅ strategy_service is UP (http://strategy_service:8020/health) [0.003s]
2025-10-18 04:09:05 | ERROR | monitoring_service | ❌ execution_service unreachable (http://execution_service:8030/health) → All connection attempts failed
2025-10-18 04:09:05 | ERROR | monitoring_service | ❌ risk_service unreachable (http://risk_service:8040/health) → All connection attempts failed
2025-10-18 04:09:05 | WARNING | monitoring_service | ⚠️ auth_service DOWN (404)
2025-10-18 04:09:35 | INFO | monitoring_service | ✅ data_service is UP (http://data_service:8080/health) [0.003s]
2025-10-18 04:09:35 | INFO | monitoring_service | ✅ strategy_service is UP (http://strategy_service:8020/health) [0.003s]
2025-10-18 04:09:35 | ERROR | monitoring_service | ❌ execution_service unreachable (http://execution_service:8030/health) → All connection attempts failed
2025-10-18 04:09:35 | ERROR | monitoring_service | ❌ risk_service unreachable (http://risk_service:8040/health) → All connection attempts failed
2025-10-18 04:09:35 | WARNING | monitoring_service | ⚠️ auth_service DOWN (404)
2025-10-18 04:10:05 | INFO | monitoring_service | ✅ data_service is UP (http://data_service:8080/health) [0.004s]
2025-10-18 04:10:05 | INFO | monitoring_service | ✅ strategy_service is UP (http://strategy_service:8020/health) [0.002s]
2025-10-18 04:10:05 | ERROR | monitoring_service | ❌ execution_service unreachable (http://execution_service:8030/health) → All connection attempts failed
2025-10-18 04:10:05 | ERROR | monitoring_service | ❌ risk_service unreachable (http://risk_service:8040/health) → All connection attempts failed
2025-10-18 04:10:05 | WARNING | monitoring_service | ⚠️ auth_service DOWN (404)
2025-10-18 04:10:35 | INFO | monitoring_service | ✅ data_service is UP (http://data_service:8080/health) [0.002s]
2025-10-18 04:10:35 | INFO | monitoring_service | ✅ strategy_service is UP (http://strategy_service:8020/health) [0.002s]
2025-10-18 04:10:35 | ERROR | monitoring_service | ❌ execution_service unreachable (http://execution_service:8030/health) → All connection attempts failed
2025-10-18 04:10:35 | ERROR | monitoring_service | ❌ risk_service unreachable (http://risk_service:8040/health) → All connection attempts failed
2025-10-18 04:10:35 | WARNING | monitoring_service | ⚠️ auth_service DOWN (404)
2025-10-18 04:11:05 | INFO | monitoring_service | ✅ data_service is UP (http://data_service:8080/health) [0.002s]
2025-10-18 04:11:05 | INFO | monitoring_service | ✅ strategy_service is UP (http://strategy_service:8020/health) [0.002s]
2025-10-18 04:11:05 | ERROR | monitoring_service | ❌ execution_service unreachable (http://execution_service:8030/health) → All connection attempts failed
2025-10-18 04:11:05 | ERROR | monitoring_service | ❌ risk_service unreachable (http://risk_service:8040/health) → All connection attempts failed
2025-10-18 04:11:05 | WARNING | monitoring_service | ⚠️ auth_service DOWN (404)
2025-10-18 04:11:35 | INFO | monitoring_service | ✅ data_service is UP (http://data_service:8080/health) [0.003s]
2025-10-18 04:11:35 | INFO | monitoring_service | ✅ strategy_service is UP (http://strategy_service:8020/health) [0.002s]
2025-10-18 04:11:35 | ERROR | monitoring_service | ❌ execution_service unreachable (http://execution_service:8030/health) → All connection attempts failed
2025-10-18 04:11:35 | ERROR | monitoring_service | ❌ risk_service unreachable (http://risk_service:8040/health) → All connection attempts failed
2025-10-18 04:11:35 | WARNING | monitoring_service | ⚠️ auth_service DOWN (404)
2025-10-18 04:12:05 | INFO | monitoring_service | ✅ data_service is UP (http://data_service:8080/health) [0.003s]
2025-10-18 04:12:05 | INFO | monitoring_service | ✅ strategy_service is UP (http://strategy_service:8020/health) [0.002s]
2025-10-18 04:12:05 | ERROR | monitoring_service | ❌ execution_service unreachable (http://execution_service:8030/health) → All connection attempts failed
2025-10-18 04:12:05 | ERROR | monitoring_service | ❌ risk_service unreachable (http://risk_service:8040/health) → All connection attempts failed
2025-10-18 04:12:05 | WARNING | monitoring_service | ⚠️ auth_service DOWN (404)
2025-10-18 04:12:35 | INFO | monitoring_service | ✅ data_service is UP (http://data_service:8080/health) [0.003s]
2025-10-18 04:12:35 | INFO | monitoring_service | ✅ strategy_service is UP (http://strategy_service:8020/health) [0.005s]
2025-10-18 04:12:35 | ERROR | monitoring_service | ❌ execution_service unreachable (http://execution_service:8030/health) → All connection attempts failed
2025-10-18 04:12:35 | ERROR | monitoring_service | ❌ risk_service unreachable (http://risk_service:8040/health) → All connection attempts failed
2025-10-18 04:12:35 | WARNING | monitoring_service | ⚠️ auth_service DOWN (404)
2025-10-18 04:13:05 | INFO | monitoring_service | ✅ data_service is UP (http://data_service:8080/health) [0.002s]
2025-10-18 04:13:05 | INFO | monitoring_service | ✅ strategy_service is UP (http://strategy_service:8020/health) [0.002s]
2025-10-18 04:13:05 | ERROR | monitoring_service | ❌ execution_service unreachable (http://execution_service:8030/health) → All connection attempts failed
2025-10-18 04:13:05 | ERROR | monitoring_service | ❌ risk_service unreachable (http://risk_service:8040/health) → All connection attempts failed
2025-10-18 04:13:08 | ERROR | monitoring_service | ❌ auth_service unreachable (http://auth_service:8018/health) → 
2025-10-18 04:13:38 | INFO | monitoring_service | ✅ data_service is UP (http://data_service:8080/health) [0.003s]
2025-10-18 04:13:38 | INFO | monitoring_service | ✅ strategy_service is UP (http://strategy_service:8020/health) [0.002s]
2025-10-18 04:13:38 | ERROR | monitoring_service | ❌ execution_service unreachable (http://execution_service:8030/health) → All connection attempts failed
2025-10-18 04:13:38 | ERROR | monitoring_service | ❌ risk_service unreachable (http://risk_service:8040/health) → All connection attempts failed
2025-10-18 04:13:41 | ERROR | monitoring_service | ❌ auth_service unreachable (http://auth_service:8018/health) → 
2025-10-18 04:14:11 | INFO | monitoring_service | ✅ data_service is UP (http://data_service:8080/health) [0.002s]
2025-10-18 04:14:11 | INFO | monitoring_service | ✅ strategy_service is UP (http://strategy_service:8020/health) [0.002s]
2025-10-18 04:14:11 | ERROR | monitoring_service | ❌ execution_service unreachable (http://execution_service:8030/health) → All connection attempts failed
2025-10-18 04:14:11 | ERROR | monitoring_service | ❌ risk_service unreachable (http://risk_service:8040/health) → All connection attempts failed
2025-10-18 04:14:14 | ERROR | monitoring_service | ❌ auth_service unreachable (http://auth_service:8018/health) → 
2025-10-18 04:14:44 | INFO | monitoring_service | ✅ data_service is UP (http://data_service:8080/health) [0.005s]
2025-10-18 04:14:44 | INFO | monitoring_service | ✅ strategy_service is UP (http://strategy_service:8020/health) [0.003s]
2025-10-18 04:14:44 | ERROR | monitoring_service | ❌ execution_service unreachable (http://execution_service:8030/health) → All connection attempts failed
2025-10-18 04:14:44 | ERROR | monitoring_service | ❌ risk_service unreachable (http://risk_service:8040/health) → All connection attempts failed
2025-10-18 04:14:47 | ERROR | monitoring_service | ❌ auth_service unreachable (http://auth_service:8018/health) → 
